user_id,signup_date,location,signup_channel,age_group
"687cc0b3-b049-4313-ab78-65b7bcae9297","2024-12-14T18:09:22.576Z","Lagos","Android","35-44"
"ae11dad6-5f14-4fda-bf4b-8e33798be995","2025-05-05T23:55:21.057Z","Kaduna","iOS","35-44"
"a5c3f7e5-7b23-4930-aeb6-6f45a45bcf89","2024-08-27T19:23:16.621Z","Kano","Web","35-44"
"3d9570fc-f645-4084-bf1d-c8ff83831ca3","2024-07-04T13:28:07.297Z","Kaduna","Android","25-34"
"dc882484-a1eb-42fc-bda5-0000c5deeb2d","2026-01-08T07:56:31.441Z","Kaduna","iOS","45+"
"0eda73de-8967-4101-a1b8-0c5f6e001c79","2024-06-24T04:50:43.956Z","Abuja","Web","25-34"
"72255d16-e0c0-4b47-8c92-330dee4f6c24","2025-03-26T12:49:05.155Z","Kaduna","Web","25-34"
"0b947051-25cf-4330-b1bc-3cfe9686fdee","2025-02-14T04:38:40.883Z","Jos","iOS","35-44"
"3d023e13-3296-444d-b861-5cbd4b83ffe1","2024-07-31T15:55:34.510Z","Ilorin","Web","18-24"
"ca100fbd-1226-409d-ad01-c42f61d51d19","2024-10-15T15:56:15.266Z","Kano","Android","18-24"
"e82c9974-8c3d-4810-a928-c96c34ba18d0","2025-04-14T13:53:43.525Z","Lagos","iOS","25-34"
"a14ce860-48d4-4075-9b18-37eb8098afc2","2025-08-18T10:38:03.844Z","Kano","Android","18-24"
"1326dd97-629a-4181-9e13-4b987ed887e1","2024-11-06T02:36:25.554Z","Port Harcourt","Android","35-44"
"8251e488-3edc-4775-be84-a7904a13c83d","2025-06-09T18:19:57.738Z","Ibadan","Android","45+"
"93f67fe5-c199-49b5-b8f1-f1e1eadcb42a","2025-10-13T20:47:21.208Z","Abuja","Android","35-44"
"7ace4527-70ea-442e-939f-d7a9b0c01566","2024-09-01T07:31:49.994Z","Abuja","iOS","18-24"
"be6d900b-1860-4b01-918b-a8ea7a373f0f","2024-08-12T19:47:27.329Z","Benin City","iOS","45+"
"a010792c-63a7-4f45-b270-8f098188148c","2025-02-27T14:10:27.625Z","Kano","Web","25-34"
"86c31e63-99ac-4477-be26-e1c9e6c2b054","2025-09-05T01:36:42.472Z","Port Harcourt","Android","45+"
"80b59718-ac4a-4af1-b03d-8fd2f751c34c","2026-04-12T20:37:59.091Z","Enugu","Web","35-44"
"852c0a4e-3c0d-4f00-8701-d27b1a327896","2026-01-27T08:39:51.707Z","Port Harcourt","Android","18-24"
"c3f59aa1-8344-4a62-84d4-e91879358240","2026-04-02T17:10:25.951Z","Kaduna","iOS","18-24"
"b058718f-65cc-4a9d-a7f8-adba80c9b5e2","2025-05-27T03:59:38.764Z","Kaduna","iOS","18-24"
"b3390264-2f36-4443-bf52-b544c59fac9d","2024-12-03T17:39:12.860Z","Ilorin","Android","25-34"
"0a743347-00ff-422c-9c97-75b849faf13f","2024-10-13T09:27:51.999Z","Port Harcourt","Web","18-24"
"ef51ff6b-e0be-45ca-a740-8f8940f96523","2026-05-10T05:55:42.791Z","Benin City","Android","18-24"
"6471001d-c0df-47e7-aa32-2b5e9c9b9558","2025-12-23T18:53:19.462Z","Kaduna","Web","45+"
"c9416eac-582f-4e0b-8a96-34dfc2cf202c","2024-11-26T06:26:23.608Z","Lagos","Android","18-24"
"fad29c25-51f0-4e3f-9655-98a04c2cc111","2025-05-16T22:56:58.559Z","Port Harcourt","iOS","25-34"
"b816e219-8f58-42d9-9693-b1907a7192bc","2024-07-04T11:41:03.760Z","Kaduna","Web","45+"
"2f8dafb0-00ff-40ee-b061-24a3960eadac","2026-01-29T14:31:07.710Z","Kano","Web","45+"
"a416d72a-a596-4fe1-b64b-49032bd4bd06","2025-08-03T08:07:55.224Z","Port Harcourt","Android","18-24"
"ff6c18d7-6fd2-4bd6-97fa-728c567e0a0c","2024-08-22T01:59:01.659Z","Abuja","iOS","45+"
"1ac28478-4eca-4aec-b201-66db02afc0cf","2024-07-27T20:39:53.780Z","Jos","iOS","25-34"
"1b6b0aab-d573-4961-8514-ac89642901a7","2025-04-29T11:45:10.637Z","Kano","iOS","35-44"
"de3ee89f-3711-4b19-8057-da06cde6d04f","2025-11-15T22:57:59.052Z","Ibadan","iOS","45+"
"6b0a7df7-3f7b-410f-8274-ec52f1a74ff3","2025-10-30T05:53:02.926Z","Benin City","Android","35-44"
"99d085cd-90b8-4efc-a463-8ec0cfc94dd5","2025-06-19T06:39:31.529Z","Benin City","iOS","18-24"
"eee772e3-5eb1-4fad-8c91-5dbaf0244ea4","2025-08-13T02:27:25.241Z","Benin City","iOS","35-44"
"5073c2e7-8af0-46e5-83e0-279212236d09","2026-03-26T22:14:14.474Z","Jos","iOS","25-34"
"ebf8d9ea-2855-41b7-b7fb-805484de4fdf","2025-01-29T06:19:03.909Z","Benin City","Android","25-34"
"ff823a12-725b-4318-bb39-431891ee4373","2025-11-30T10:47:23.075Z","Enugu","Web","25-34"
"852860dc-a3dd-4642-bdbe-a351a4282674","2025-03-07T15:21:48.828Z","Enugu","Web","18-24"
"ce9e63e1-232c-4acf-9fc4-ed827796fe76","2026-02-26T00:55:25.036Z","Port Harcourt","iOS","25-34"
"5302c0c6-7575-457c-b78b-3e9afe0fc77e","2025-03-14T22:37:09.055Z","Abuja","Android","25-34"
"c500876c-6d80-425c-ae1e-256b55c5407d","2025-06-29T14:20:14.286Z","Kano","Android","18-24"
"4996b3d6-5d0c-47ef-b307-4531271b4777","2024-10-24T10:11:28.813Z","Kano","Android","35-44"
"373a52f6-7210-4d2e-abd4-6b830c4279e9","2024-12-29T01:39:02.939Z","Kaduna","Android","18-24"
"46cd90d0-3229-49e6-916e-dc0a3225472e","2025-10-02T02:22:57.782Z","Abuja","Android","18-24"
"160005be-f0a9-442f-b443-5a8a28b0ee04","2024-11-20T06:31:29.002Z","Jos","Web","45+"
"091401e3-aa15-4bec-8639-829a92708465","2025-11-26T19:15:09.925Z","Port Harcourt","Web","35-44"
"eec8aeb3-0bd3-4565-a598-47edeac45b35","2025-09-23T21:28:18.609Z","Ibadan","Android","45+"
"6524c43e-7cd1-4e4d-8a9e-f0c802c1aae7","2025-08-14T02:31:19.776Z","Jos","iOS","18-24"
"2381725d-03b5-4a0a-92f7-a28757654a2f","2024-09-26T14:24:40.539Z","Kaduna","iOS","25-34"
"47a1b9e0-ceaa-469b-8b3a-9a9f925a5049","2024-07-13T13:30:33.246Z","Ibadan","iOS","18-24"
"6c9a7e55-9bfd-4bfd-b90b-1d52521717cc","2026-03-12T05:48:24.177Z","Ibadan","Android","45+"
"03439974-8c33-41ca-a815-057932fdc1c4","2026-04-25T02:20:02.745Z","Ilorin","iOS","35-44"
"a89e5ca0-5775-406f-bc5f-caed85ce18a2","2025-08-30T11:10:26.318Z","Port Harcourt","iOS","35-44"
"bbe2094b-7f4c-4a21-8106-be6df31794cb","2025-06-28T13:05:02.767Z","Kaduna","Web","25-34"
"36103dcf-9174-4a9f-8097-8b3eae7be751","2026-03-10T19:55:18.623Z","Kaduna","Android","18-24"
"d08c0b21-70a8-42e1-a9ff-fa218e4ff1a3","2024-09-07T06:43:06.449Z","Kano","Web","18-24"
"01641caa-c6c4-4561-8d4f-e13b09734f18","2025-12-06T21:11:57.585Z","Jos","iOS","25-34"
"c27685e4-ced2-4c90-956e-8d88d092d815","2025-10-13T10:15:31.707Z","Abuja","Android","35-44"
"1df65b95-c180-4e0f-a1f7-2c3f9538c9fe","2025-07-03T09:06:39.743Z","Jos","iOS","18-24"
"39878fd5-00e2-41de-a6de-a84d225fd9fd","2025-08-14T12:28:30.107Z","Ibadan","Android","18-24"
"81b7f4c3-a56d-420b-801a-653731c0bbe2","2024-09-24T08:29:10.814Z","Benin City","Web","45+"
"b171a9f3-6480-4737-993a-2bb4a68430e6","2025-06-18T14:49:59.378Z","Kaduna","iOS","18-24"
"bc8d7d75-0c43-4a70-9559-c499f0953b04","2025-05-28T04:50:00.215Z","Kano","Android","45+"
"7e0544f6-20f9-4ca7-9eb1-9ecec598b77f","2026-03-11T11:19:49.665Z","Enugu","Web","18-24"
"5c2e6d8d-4fb3-4445-828f-ebc1277aa6f3","2025-02-02T21:48:48.868Z","Ilorin","Web","18-24"
"c7073969-fea1-4c05-9160-173c600728ed","2025-02-15T16:40:46.624Z","Ilorin","iOS","35-44"
"f5c93bd1-1e59-4de0-a65e-93d3c53659a3","2025-05-02T03:29:26.827Z","Port Harcourt","Web","18-24"
"822bd22c-9b7c-4e07-bd83-f88fa6ded969","2026-03-21T00:33:24.797Z","Benin City","Android","18-24"
"542c0ff7-b146-44f3-a0b7-70830f19658b","2025-08-06T19:01:13.427Z","Ibadan","iOS","18-24"
"8c9d25bf-81ea-4b24-b932-48acad452d4c","2024-12-03T21:30:14.122Z","Lagos","Android","18-24"
"0e1bc54f-76a4-4207-83a9-704f8ee48679","2025-12-04T23:32:52.031Z","Kano","Web","45+"
"d6a6b06f-cec4-42cd-8024-b57a215fe8ab","2024-12-14T17:53:55.476Z","Ibadan","Web","45+"
"e894c766-e476-49ea-ac94-8054454953ed","2025-12-24T08:42:09.280Z","Enugu","Web","18-24"
"5cb3d490-50c2-4799-bc3e-d1cb764bc3ae","2025-12-18T09:51:20.099Z","Kaduna","Web","18-24"
"da345cf6-5053-45d8-acbc-e12f877674f8","2025-06-24T13:20:36.279Z","Lagos","Web","45+"
"815fc5ab-449a-478d-a3f3-66067637bc0e","2025-01-04T17:30:20.995Z","Abuja","iOS","35-44"
"d2111e9e-d175-42ac-9ebf-832e603992a8","2026-03-19T06:29:16.679Z","Ilorin","iOS","25-34"
"05ad2fbf-e7ab-4d16-9e31-cd47ca5f8e20","2025-08-09T03:37:52.490Z","Benin City","Web","25-34"
"ee6c1a61-ed5e-4dd5-928b-af132079eb24","2025-08-14T03:42:36.272Z","Lagos","Android","45+"
"f61cb1c1-d54e-42ab-bd97-03f78f4a1d48","2026-03-15T05:41:34.447Z","Lagos","iOS","25-34"
"da9926cf-cff7-412c-98ca-97711411b81e","2025-11-02T14:07:22.499Z","Benin City","Web","35-44"
"404a2cd4-d9a6-44bd-9557-40ef5d9f1629","2026-01-22T20:08:21.514Z","Kaduna","Web","18-24"
"33c6b55f-47a9-40d2-8b37-280167a593ab","2025-11-25T01:04:54.138Z","Ilorin","Android","18-24"
"fb771e7a-51fd-4c6d-83eb-def2dc065b0b","2026-01-29T07:30:44.937Z","Enugu","Web","45+"
"058063eb-0c8d-4e12-aa4a-2e5b0e683ea6","2024-10-29T15:27:03.467Z","Abuja","Android","25-34"
"fd9f268b-0358-42cc-8827-69ceb0ff142f","2025-05-27T14:49:42.633Z","Kano","Android","45+"
"f5f31ac8-4c2e-475a-838c-76ebf582ed91","2025-11-13T13:11:52.752Z","Abuja","iOS","25-34"
"8badb1f6-6b2a-4c82-9a56-a92a3fc49ff4","2026-05-08T01:47:44.297Z","Jos","Android","45+"
"0e3a150c-9cfb-4671-8138-e622a16ef744","2025-04-29T13:15:46.345Z","Abuja","Android","45+"
"9305d043-a7e6-4186-8ab5-dd3ab506415e","2024-08-09T22:53:27.776Z","Enugu","Android","18-24"
"9e55d35c-02e8-4daf-ac94-86c6e0c48a27","2026-04-06T11:03:36.467Z","Ilorin","Android","25-34"
"d76e5fd6-9e6c-447d-93a1-defd95f910bb","2026-04-10T02:46:47.409Z","Benin City","Android","35-44"
"1874233c-8900-4f3e-ab46-892000f668c2","2024-07-23T06:22:11.761Z","Enugu","Android","25-34"
"53eac481-f4ec-41bf-afca-34efcd225a81","2025-12-01T23:35:43.843Z","Ilorin","Android","18-24"
"df2d7071-8690-4536-8a66-25e1c3f99164","2025-10-05T20:42:50.994Z","Enugu","Web","45+"
"83191fc9-6de8-4b27-a64b-168489b1ebe4","2025-07-19T14:29:59.425Z","Benin City","Web","25-34"
"d10eb104-f4ff-49a9-b467-ff3cb80ead15","2024-08-17T02:57:23.960Z","Benin City","Web","25-34"
"580426e9-af7b-4d0b-baed-77458ffb736a","2025-02-21T02:02:51.864Z","Jos","Web","45+"
"fc5e3fb0-2e61-4a3a-a323-41fd5bed02ce","2025-11-25T17:47:28.763Z","Lagos","Android","18-24"
"b3a2ecf5-7e91-489b-9f61-696ca184d101","2024-08-01T18:39:34.928Z","Enugu","Android","25-34"
"6433ad42-6aa0-4fee-9158-7a44cbe425c2","2025-09-23T10:26:27.322Z","Benin City","iOS","25-34"
"69683d09-ac3f-4ccb-a081-3235e6072e8b","2025-01-19T05:07:19.823Z","Abuja","Android","45+"
"a57cea02-4ab8-4f2e-8fd4-a56880e69ed0","2024-08-08T19:18:38.211Z","Enugu","iOS","45+"
"1157f1c7-f2b3-4320-b4f3-06331c9c9978","2024-07-13T13:06:52.335Z","Kaduna","iOS","45+"
"75ca011b-d49c-4abf-b031-4f3bc225bcb3","2025-10-27T18:58:26.481Z","Jos","iOS","35-44"
"c9f467d0-b023-4ec6-85c1-c5eb79aa7b83","2025-06-06T03:22:24.579Z","Ilorin","Android","18-24"
"d8445e88-fc3a-4265-9b07-9712462fd6a6","2026-04-18T07:08:26.702Z","Lagos","Web","35-44"
"50b9f30e-49bd-45ad-9468-7d6567b0c869","2025-12-15T22:09:53.872Z","Jos","iOS","18-24"
"7572ae20-4a19-4a3c-8514-780819f057b9","2025-01-05T07:24:51.961Z","Ibadan","Web","35-44"
"a73e7791-bb51-4e6f-ac1f-b0f86223fec9","2024-08-09T10:29:59.498Z","Abuja","iOS","18-24"
"36409050-331f-47a4-83f0-2f4e73c40783","2026-02-23T15:32:30.274Z","Port Harcourt","iOS","25-34"
"6cf80bb6-f75f-4942-ac62-4ab33a3ef537","2024-10-27T07:52:30.962Z","Abuja","Android","25-34"
"1cf27a72-61fc-4cb5-96bf-d63ba33eba97","2025-12-30T08:48:18.511Z","Lagos","Android","18-24"
"18b32f21-a14e-4d5e-ae96-da056890023a","2025-09-24T10:43:21.540Z","Lagos","Android","45+"
"b43d2dd5-9c17-44e2-a9cc-441f31366f16","2026-02-05T01:41:19.131Z","Abuja","Web","45+"
"0aac876c-314a-4459-b3ed-ad3c5c88cd9b","2024-12-23T08:24:59.475Z","Enugu","Web","45+"
"3a698c7e-d834-4b8a-8933-8b29bd711dcf","2024-06-14T23:58:26.168Z","Ilorin","Android","25-34"
"c1b0edaa-cb25-4c3b-b31d-b5e023c1aca5","2025-04-17T08:38:49.446Z","Ilorin","Android","18-24"
"1aa478cb-e11b-4dcf-ae28-dd7b549e37d8","2025-12-09T15:12:33.690Z","Lagos","Android","35-44"
"b08abe25-de61-4569-b63a-668286966623","2026-04-08T07:54:39.204Z","Kano","iOS","25-34"
"77e9259f-78f5-4cae-92b2-7681234ec236","2026-04-21T12:10:18.509Z","Ilorin","Android","35-44"
"c1f75aa9-36d7-4b8c-a0d8-c8dadc5ac9f9","2025-02-10T09:56:10.634Z","Jos","Android","25-34"
"a6d4e715-2ac1-402a-a854-b6a1f0233c7d","2024-12-07T02:25:05.402Z","Benin City","Web","35-44"
"dfb8f989-8da6-4751-a19a-db099c192c7d","2026-03-30T18:02:37.459Z","Lagos","Web","18-24"
"996c261b-4e51-4529-8f8a-f33506576c55","2025-12-18T14:05:46.192Z","Enugu","iOS","25-34"
"82d840b3-38b9-4b73-a43b-d7a36cd108ad","2026-03-17T20:46:16.417Z","Ilorin","Web","25-34"
"05db8e2d-2647-40d5-a175-5177952cedb1","2025-10-19T14:53:33.332Z","Port Harcourt","iOS","45+"
"e6947b63-886e-40a1-b7c5-48352951ef6e","2025-06-25T17:52:31.248Z","Abuja","Android","18-24"
"a07ecf39-1ece-4c0c-b5e9-5079efe1c8e3","2025-10-17T18:11:27.749Z","Port Harcourt","Web","35-44"
"ac1d445a-532f-4b04-b0c6-d9826facc1c6","2024-12-27T21:14:10.793Z","Lagos","iOS","35-44"
"dbbe10d5-44dd-4bf8-af54-f660d4704fd3","2025-01-08T10:42:57.426Z","Enugu","Web","25-34"
"f5df39cb-2665-4663-a98a-7c58c5de8f69","2024-12-04T20:41:04.640Z","Enugu","Android","45+"
"2b28a5df-0682-4ef3-bf28-fc2c47b10d0b","2024-08-28T12:38:40.238Z","Ilorin","Web","25-34"
"3de55e69-58d5-476a-8e97-f475c71cfc75","2025-04-13T08:47:05.510Z","Benin City","Android","25-34"
"2bb868a5-a9d7-4f9f-93ca-1c50cbee85a5","2024-08-05T03:04:07.209Z","Ilorin","iOS","45+"
"cc472a85-36c3-4a61-a37a-fd56e97890ba","2025-05-14T18:38:04.326Z","Kano","Web","25-34"
"4d76ab55-879e-4c96-a9a0-3a718f5efe06","2025-11-09T03:06:38.521Z","Enugu","iOS","45+"
"be0cedb0-1017-4df4-acf1-72707cb3a8eb","2025-05-16T08:38:36.658Z","Kano","Web","35-44"
"9b961134-e5c8-446a-828b-97d046f1a1c8","2025-09-30T20:09:51.136Z","Abuja","Web","18-24"
"6796228f-2a34-48d7-b2a5-c02e08bb83bf","2025-05-20T15:59:13.177Z","Jos","Android","45+"
"8c92ffe9-c6ba-4b90-b617-9640f7f5daa9","2025-07-11T15:35:25.436Z","Kaduna","Android","35-44"
"d996cb57-bda0-4420-81e8-39ee125a1ed6","2025-05-27T22:33:31.062Z","Abuja","Web","45+"
"efb103af-6666-4ddd-b89a-6ec27218c06f","2025-08-01T21:35:35.778Z","Abuja","iOS","25-34"
"409dd2b7-ad03-4de0-bb0d-3d25c0493fb2","2025-08-06T23:18:50.680Z","Kano","Web","18-24"
"dfeacbe4-fd06-4875-8d1b-27d264102fe1","2025-06-12T16:37:42.242Z","Ibadan","Android","45+"
"9bfc5962-16e0-4a5b-a6bd-3a1d3157d327","2024-09-10T03:15:15.869Z","Port Harcourt","Web","18-24"
"d09734b8-6347-4b5d-b21f-69d8e53529b0","2026-05-15T01:50:41.118Z","Enugu","iOS","18-24"
"8f716b88-41ae-4599-8b89-dfc8384296bf","2025-04-06T23:25:11.444Z","Ibadan","iOS","25-34"
"857e1c92-11fa-4d71-b21d-ab68c1b3f600","2024-07-07T14:31:13.023Z","Ilorin","Android","35-44"
"c862d89a-c46e-4fc3-ba3e-e29790ccc1ff","2026-02-28T19:23:08.074Z","Benin City","Android","35-44"
"bf3efd9f-d351-4b73-865e-0f5ea75763e7","2024-07-17T13:46:08.502Z","Enugu","Android","25-34"
"3ff226e3-97d9-4ff8-a953-39e22f2f8edf","2024-12-02T14:03:55.763Z","Ilorin","iOS","25-34"
"e37278fe-38f9-4ac8-a6aa-474bcb93bc8a","2024-06-06T23:49:34.278Z","Enugu","Android","25-34"
"994e43bd-6903-44b5-861b-0e5af20c3c38","2025-01-06T03:30:06.396Z","Ibadan","iOS","35-44"
"1a86f226-acd3-47e1-b2f9-0f0294fbed2c","2024-12-14T00:28:52.327Z","Lagos","iOS","35-44"
"65b5c174-754f-4cdf-8c9e-c974756e018e","2024-12-25T16:30:04.780Z","Enugu","Android","25-34"
"11ba14af-2dee-4a6e-8efd-ba86bf075be0","2025-05-24T05:21:20.217Z","Lagos","Web","45+"
"b6e2c258-be4f-45a2-8399-a9e51461c366","2024-09-25T05:50:11.208Z","Abuja","iOS","25-34"
"4dff8274-ff5f-4369-88d5-726d7921e8ed","2024-09-28T01:42:19.502Z","Benin City","Android","18-24"
"06f5416c-69c6-40b6-8958-613554d3720a","2026-03-13T03:15:01.651Z","Jos","Android","45+"
"c19b124b-cc48-40ee-b8b0-9ff698928f7b","2025-08-07T18:21:16.393Z","Port Harcourt","iOS","35-44"
"d69abdd2-1e69-492c-88b4-f8a1a5ff6af7","2025-10-14T09:45:55.865Z","Port Harcourt","Android","18-24"
"74a17bae-fc82-49a0-810b-8a2e114e06d4","2024-11-21T04:38:56.113Z","Enugu","iOS","25-34"
"62e72fde-a180-4d97-85a7-0964b8d8d8a6","2025-11-06T21:44:27.756Z","Ibadan","Android","25-34"
"6bc81f2f-2789-4acf-a21a-82c4d26d517e","2025-11-26T17:35:27.681Z","Ibadan","Web","45+"
"8e38255a-d91f-4c71-9b17-5bf6c5452559","2024-08-14T16:43:05.751Z","Jos","iOS","35-44"
"65c3f413-7454-4703-b9db-06b53f88b939","2025-10-25T01:26:39.902Z","Kano","Web","45+"
"3c1f362e-2429-44f8-b447-d36a1d2a92b5","2026-03-06T07:22:34.493Z","Benin City","Android","25-34"
"bda3e1d9-7c32-4ca0-98b7-d44ed6626ee2","2025-06-05T14:40:44.635Z","Enugu","Android","25-34"
"1549a81d-abf5-413a-9526-b5afa3f22c05","2025-10-31T03:05:26.792Z","Enugu","Web","35-44"
"0eb6cbc3-2f34-493e-a0aa-95c20b385db1","2025-05-01T06:13:10.650Z","Abuja","iOS","35-44"
"5435172e-1627-46aa-b38c-0fb3a7ee10df","2025-10-16T19:56:13.642Z","Lagos","Web","35-44"
"f80c6057-2bdb-4d2f-8af1-a50547354def","2025-12-18T18:27:23.050Z","Ilorin","Web","18-24"
"fefa270d-291c-428a-a7b8-f8b22ae89392","2026-02-04T19:00:22.186Z","Enugu","iOS","25-34"
"cd552d02-36cf-4b4b-89ea-019db6a7a172","2026-04-08T23:01:52.541Z","Jos","Web","18-24"
"eb7f2ea2-181b-4c34-ab3d-a1b65daf791e","2024-12-24T06:45:14.371Z","Enugu","Web","25-34"
"50e0579d-49b4-4f69-8450-e78912264154","2024-11-18T02:24:23.186Z","Benin City","iOS","35-44"
"a4ff4545-6879-4a24-bc3a-0430324fa2bd","2026-01-03T23:05:50.129Z","Benin City","iOS","18-24"
"b99cdfe3-e2bd-4285-9fd1-156f466e73cb","2025-02-21T19:11:40.734Z","Benin City","iOS","25-34"
"c1e50bb4-c2d1-4f02-be18-85b6225915b3","2024-11-26T15:55:39.784Z","Ilorin","iOS","18-24"
"f812ad56-9f7b-42ed-88a9-cf8f91ceaed1","2025-01-30T17:05:13.040Z","Port Harcourt","Web","18-24"
"bd690235-0f7b-4b94-be87-2a97d566c689","2026-05-18T11:55:01.386Z","Enugu","Android","18-24"
"f5b986b3-149f-4588-9602-ee37e30b60a4","2026-02-10T12:59:50.400Z","Port Harcourt","iOS","18-24"
"a32bf80e-f54f-4403-9985-7b4431d9956a","2026-04-07T13:46:23.868Z","Jos","Android","18-24"
"17d6cc23-aefb-4e50-b047-4879a78a0107","2026-01-20T05:50:05.775Z","Enugu","Android","25-34"
"b581b3c3-babf-4b72-ba02-7453f173a32e","2024-11-23T09:04:14.840Z","Port Harcourt","Android","25-34"
"bc018941-9fb8-4469-b1f6-9a112a7bdf29","2025-04-09T08:07:16.915Z","Port Harcourt","iOS","18-24"
"76b2ba36-a2b3-45ea-8145-971f42390ee1","2026-05-20T13:53:46.894Z","Abuja","Android","45+"
"586d2885-efcd-4971-9908-777a8c237039","2024-10-23T11:16:38.184Z","Enugu","Android","35-44"
"32e0a765-1a2f-483d-8cc2-22c81cc9b43b","2025-11-21T21:15:38.817Z","Kaduna","iOS","35-44"
"50dc3877-73ae-4419-aede-5fe95ae89b01","2026-05-03T02:39:41.944Z","Lagos","Android","18-24"
"f4892c1a-6720-4918-930d-c23f12e5014e","2024-09-14T00:13:11.289Z","Benin City","iOS","18-24"
"eff029ed-412a-4581-9d64-4d169191a169","2025-12-27T23:26:15.184Z","Kano","iOS","45+"
"3b612b04-5792-4141-97af-95bfb555c0b3","2026-05-14T09:04:49.784Z","Lagos","Web","18-24"
"8d1d8557-283a-4a47-a59d-6b46506be5e7","2026-03-23T06:08:47.042Z","Kaduna","Android","25-34"
"95f57a30-2c28-42ae-9f9f-9a9c484862dd","2024-07-25T21:14:40.560Z","Kano","Web","18-24"
"030e6e90-6181-47a0-9088-5e4bf833862b","2025-02-17T18:56:36.115Z","Jos","Web","25-34"
"4c0202bb-b2d9-49c3-91e8-3823a41b3084","2026-04-03T08:50:12.814Z","Benin City","Web","18-24"
"dae7c4df-46ee-42b5-823e-19a3ac91bdab","2025-05-23T07:37:34.613Z","Lagos","iOS","35-44"
"3ab64671-9116-471d-8675-770dfb9d7e19","2025-04-26T21:21:36.491Z","Jos","Web","45+"
"31776e06-4f68-4928-87c1-a33dc9db13cc","2025-01-21T17:51:26.053Z","Kaduna","Web","45+"
"8673ac57-a498-46d9-b648-e286b9fa27ec","2025-10-26T06:17:04.146Z","Benin City","Android","45+"
"7b13a348-2367-43e0-9901-d4d03355bb1a","2025-09-26T17:51:38.540Z","Port Harcourt","iOS","45+"
"43d9e3a5-b297-4198-bf4c-c62d097def67","2024-10-07T11:42:58.860Z","Abuja","Android","45+"
"3797a7c6-bb4c-4b25-b0f0-84d28e288888","2025-11-08T19:49:21.342Z","Abuja","Android","18-24"
"bf7a0fab-8d0f-4877-a9b0-ad2e801cebfc","2026-05-09T00:28:47.226Z","Kaduna","Android","35-44"
"e19949e4-f93c-4efa-b65f-948f9b866de3","2025-05-15T14:23:42.696Z","Abuja","iOS","18-24"
"81ca6b6d-6b49-4e28-a2a1-bd3df273cc42","2025-07-03T10:09:52.295Z","Benin City","iOS","45+"
"ff3e5859-e0a6-42a6-8d3e-0228ac0ef796","2026-04-02T03:13:20.363Z","Lagos","iOS","18-24"
"ac3580b0-b82d-4b13-8546-e8ab93fb63e8","2025-01-30T23:51:26.791Z","Lagos","Android","45+"
"3f304768-13aa-44af-ac20-a3a09325c5ec","2025-01-30T23:34:19.607Z","Enugu","iOS","18-24"
"e26e8430-d205-479d-be3d-a121866357c5","2026-04-26T12:51:26.778Z","Ilorin","Web","25-34"
"3b67f204-57d1-4974-97e6-8771e6414b87","2025-04-01T09:56:38.351Z","Benin City","Web","35-44"
"1a7adc04-f86f-43ca-8f25-1768906687f8","2025-10-21T13:22:50.098Z","Ibadan","Android","25-34"
"c9b63f27-4f11-49bf-acf2-0b76692a711d","2024-07-16T02:10:18.032Z","Lagos","Android","25-34"
"beb40b06-3872-4c3b-96a8-5407f5120a7d","2024-10-20T15:18:09.935Z","Lagos","Android","25-34"
"753652aa-dca0-4a33-841f-1bf3b4aca4df","2025-10-28T18:40:15.166Z","Lagos","Web","25-34"
"29eb8b4f-8cc0-462d-8785-8695d84af7e0","2026-03-23T14:43:06.999Z","Port Harcourt","iOS","25-34"
"d541ab92-9526-45fd-bc2e-fe4a6e928862","2025-11-15T23:17:23.720Z","Enugu","Android","45+"
"53d76ec7-7cba-4aaf-bc74-835b6225a034","2026-01-03T07:46:10.344Z","Abuja","iOS","45+"
"ca7a13f3-ee00-45cf-a151-29b5afa74cfe","2024-06-30T20:54:35.062Z","Kano","iOS","18-24"
"b8b78cd8-48bf-4243-ba01-e8b967837c0b","2025-01-09T16:09:29.528Z","Ilorin","Web","18-24"
"2ce6d790-0a08-48ae-8e75-182dcbd3ee74","2026-03-05T05:05:05.731Z","Abuja","iOS","25-34"
"53dba55d-45b7-45ac-8708-b9b628122767","2025-10-06T16:55:13.591Z","Lagos","Android","35-44"
"d8f030ea-18ac-4f6b-a908-1f02586aaea8","2024-11-22T08:52:23.120Z","Port Harcourt","Android","45+"
"e3b1b7cd-ac46-4894-be8a-01fa0daeb22f","2025-08-30T06:03:25.098Z","Benin City","Web","45+"
"2ce46ea0-f800-4c49-b246-40b0a9d88ab6","2025-10-04T11:35:00.320Z","Jos","Web","45+"
"9b372453-217f-47bb-8262-ef47e4f057be","2025-03-21T06:27:55.834Z","Ibadan","Android","35-44"
"37c50831-abc0-4159-80cc-5e32b4a50905","2025-11-14T05:42:56.011Z","Kano","Android","45+"
"b4d18a1a-e7e2-4bc5-85a1-103ce6f84748","2026-02-05T21:11:48.813Z","Abuja","Android","45+"
"4f2a4ee1-ad33-4dc5-8946-3282653d133a","2026-05-02T06:35:54.392Z","Jos","Web","35-44"
"2eea4d9e-fb55-4b21-aad1-9951c7a2e8e4","2026-03-15T19:08:27.291Z","Benin City","Web","45+"
"71666d29-1ed2-4c95-9339-8d5b48b34a3c","2025-05-04T16:27:27.520Z","Jos","iOS","18-24"
"a1ac9402-0efe-47bd-b8ec-8464427154ff","2025-10-02T14:03:11.578Z","Abuja","Web","25-34"
"5946e5d7-8806-4f0f-9e55-ae514407b159","2025-01-08T06:03:48.122Z","Ilorin","Android","45+"
"08f0e6f6-09b4-483f-a0c6-f2ca3e3383f2","2025-05-22T16:05:52.290Z","Kaduna","Android","35-44"
"d0ef4ff4-7335-490a-bfed-73c61d46f10e","2025-11-06T22:19:35.812Z","Enugu","Android","35-44"
"79f140d5-934c-4e51-9401-1e960515113e","2025-06-16T08:37:38.346Z","Port Harcourt","iOS","18-24"
"36bc8386-e897-4a30-bb15-269557e88711","2025-05-30T04:57:29.301Z","Ibadan","iOS","35-44"
"634f8506-2fa1-4aa8-84ce-da76f9b3c42e","2024-06-27T17:29:52.408Z","Jos","iOS","35-44"
"1605acd4-ba55-4f78-9cb7-8d6594e1c28f","2025-02-21T22:21:44.303Z","Ibadan","Android","25-34"
"05273ecb-270e-4832-bc2c-0a2a92b32c4d","2025-05-16T05:11:48.082Z","Kano","Web","45+"
"8805ab8f-848c-4009-b36a-96982a7d5dfc","2026-02-18T02:58:44.118Z","Kaduna","iOS","18-24"
"d9fbc59d-0739-4545-bf77-f3052e15600e","2024-12-29T02:21:15.094Z","Ibadan","Web","25-34"
"1ca92c15-e56b-47f8-9407-3458037c82f7","2024-10-03T00:47:41.593Z","Enugu","Web","18-24"
"daa2fc6f-1242-4392-9625-b395289bd55f","2025-03-11T12:05:42.294Z","Benin City","Android","18-24"
"3d7a41bb-6a60-4528-ac23-a0c1b75914d9","2024-11-20T16:17:31.187Z","Abuja","Web","45+"
"0cd5cbc3-b227-497f-a2f7-d1e8dc3bbc8f","2025-05-18T21:48:38.589Z","Benin City","Android","25-34"
"d32af41d-f89a-488d-9ef6-c78240bbc5c4","2024-11-01T00:04:52.621Z","Kano","Web","45+"
"02665d92-6229-4fb9-b455-3e26a3d70b2d","2026-01-28T17:49:26.264Z","Enugu","iOS","45+"
"3c409cc4-bff8-4b14-b9b2-10962dcf72f7","2025-05-30T09:39:46.742Z","Ibadan","Web","18-24"
"cd4ed5d1-89e3-4bf1-b9cf-8c9ac7d19570","2025-03-11T14:51:38.290Z","Kaduna","Android","35-44"
"921890f3-214f-44db-a4e7-6331835a591a","2025-10-29T12:56:14.301Z","Port Harcourt","Android","35-44"
"96ff7aad-08fb-49a6-83e1-b76ff4ec5ec3","2025-03-08T06:14:00.830Z","Jos","Android","35-44"
"96b85ce7-c15a-4932-b4d1-2de420bb6869","2025-01-25T21:46:16.542Z","Port Harcourt","Android","25-34"
"de71fccc-850a-4453-9f8a-3249cc49eb38","2025-12-09T18:11:32.455Z","Kano","iOS","45+"
"5e5da784-ff3f-449b-b96a-f00a8fd50969","2024-09-21T00:41:02.727Z","Port Harcourt","Web","35-44"
"38d71050-588a-4e89-a744-739c8d3ff80a","2025-09-20T17:56:21.109Z","Jos","iOS","45+"
"b51cb30a-690f-4a95-ab30-4f80311bd9f7","2024-06-03T01:49:10.221Z","Kaduna","Web","18-24"
"a3462fe0-2553-41bd-9399-902432311931","2024-07-06T02:23:42.962Z","Lagos","iOS","25-34"
"bae36954-988f-4431-9d33-efbb9ff6908c","2025-09-07T08:48:47.654Z","Enugu","Android","25-34"
"b5023d23-23fe-4120-87f9-65df69aa1ec5","2025-07-28T23:56:54.213Z","Kaduna","iOS","45+"
"baaa169d-a7fc-4906-b8db-2643f2ee7a6c","2024-06-28T01:26:20.831Z","Kaduna","Android","45+"
"7060b142-9a27-4f6c-a603-fbf8e9675f19","2025-09-07T08:22:07.541Z","Kano","Web","35-44"
"c8a9a615-084f-409d-9864-9b584ee524b8","2025-06-24T18:30:07.741Z","Ilorin","Web","35-44"
"2abe6895-2764-44be-951e-2f2e0f457738","2024-11-01T02:41:31.389Z","Jos","iOS","45+"
"d0bf5a82-abbb-4596-b078-ccea55edfa2c","2024-08-05T02:23:56.088Z","Ibadan","Android","25-34"
"3532afc5-8f46-414b-b92c-2d96c787cd4d","2026-02-11T21:01:20.658Z","Kaduna","iOS","18-24"
"fcbefb13-f0f5-4a40-b127-c3970d837e44","2024-10-02T05:10:01.869Z","Kaduna","Android","18-24"
"b1b9b08a-ef6b-47fc-85e6-5d28b18596c5","2026-02-16T02:15:46.150Z","Lagos","iOS","25-34"
"e2080ba3-9c5c-45b9-970f-5a4f6a265950","2025-12-07T18:07:33.423Z","Kano","Web","45+"
"c2f9d4cd-479d-4bd6-81aa-ed0482ce7ff9","2026-04-24T13:40:33.184Z","Enugu","Android","25-34"
"1232340a-b761-43e4-be18-6315124f00c4","2025-03-29T18:24:45.926Z","Kaduna","Web","35-44"
"3653b430-40fa-417e-a12b-0eea78551a97","2025-03-02T06:05:56.222Z","Kaduna","Android","35-44"
"4d2d50ae-8143-4851-9652-d0d1634d1791","2024-07-11T00:09:40.504Z","Enugu","Android","45+"
"90eac923-42c4-4605-8cf5-14e083f43dda","2025-05-30T09:07:39.763Z","Lagos","Android","45+"
"844a7073-b351-48a6-92f4-5c5a44c8ceed","2026-05-17T21:23:54.578Z","Abuja","iOS","18-24"
"31290f1f-55f2-432c-a20a-ce30887f3be2","2024-07-12T06:01:23.190Z","Jos","Android","25-34"
"975797b5-5096-4629-89af-9521b54ba8dd","2024-06-14T16:17:35.068Z","Ibadan","Web","18-24"
"09fe8477-ac9d-4392-87b4-3e8b36f42087","2025-10-25T03:13:55.408Z","Kaduna","Android","25-34"
"9385ec39-b1ba-4ed0-8b35-cbc555afa8e9","2025-04-24T21:40:07.505Z","Kaduna","Android","35-44"
"70829365-d5f2-4e8e-8c5c-db32b53dc7fb","2025-04-18T20:10:04.590Z","Enugu","iOS","45+"
"3bc62827-ea1b-400a-b78e-56f1db32e4c1","2024-09-14T12:39:59.524Z","Abuja","iOS","25-34"
"eb388a39-8e9f-420d-bd20-48db7766191e","2024-12-01T18:18:10.446Z","Enugu","Android","45+"
"2e724648-8562-4af2-a757-8b11d9cbcc51","2026-05-21T10:11:49.125Z","Ibadan","iOS","25-34"
"06bca9f9-c52c-46e0-9793-23cec0d2c8f6","2026-01-15T19:52:15.241Z","Benin City","iOS","35-44"
"6b0e61ce-618e-4a12-8c03-d59350213393","2025-11-25T04:19:11.558Z","Jos","Web","18-24"
"343c8fa3-2e14-4f84-88bd-90a3c5ca0054","2024-12-06T23:23:04.434Z","Lagos","iOS","25-34"
"9f42ade8-91fe-4fd8-91d7-d2c3f4dd2f11","2024-10-25T11:29:24.197Z","Ilorin","iOS","45+"
"56e49248-4822-43d2-8d29-8d2d19751935","2026-03-09T22:28:30.142Z","Ibadan","iOS","45+"
"c1878f83-eade-4e28-994e-b61893fc48eb","2025-04-10T19:34:07.804Z","Enugu","Web","18-24"
"cb16e7f3-c58e-4302-b7a4-e5e8951a1400","2025-04-14T00:27:25.127Z","Benin City","Android","18-24"
"c8466119-70d5-4dfd-8b0a-310e484a71ad","2025-06-05T01:15:31.837Z","Enugu","iOS","45+"
"ec46a3b8-ec69-44b8-afbd-587837659d06","2024-12-16T22:01:47.833Z","Port Harcourt","Web","25-34"
"784c0c6b-b768-4af4-89fd-d68c60226eee","2025-01-05T02:25:01.979Z","Benin City","Web","18-24"
"33f6bc62-7d3b-473c-9a5e-43e28111b7c8","2026-02-05T06:36:38.289Z","Benin City","Web","35-44"
"2c9e2438-48f0-4575-ac18-b2526c41e1a0","2024-11-08T02:11:57.706Z","Ilorin","Android","25-34"
"a53ae2dc-944e-4247-bb61-c90b52f90ef8","2025-08-02T19:28:43.502Z","Benin City","iOS","25-34"
"fee3e010-f068-4142-a660-714c5796cb0d","2024-12-20T21:43:39.907Z","Enugu","Web","18-24"
"a49246fa-c689-49d1-91c2-63bb483da7c9","2025-05-20T21:54:55.453Z","Kano","Web","45+"
"e7172bad-921a-4dd6-9a48-e9cd6388cce2","2026-03-13T20:58:06.686Z","Kaduna","Android","45+"
"fd01bdaf-cfeb-4965-a73a-ed39b89919c7","2024-09-02T23:06:11.728Z","Ibadan","Android","25-34"
"dec2f07b-4f95-4d1f-8ee1-c754a15a9501","2025-09-16T06:58:18.072Z","Ibadan","Web","18-24"
"fb2ddcf3-8f95-4fa8-87f8-7b52f623ce61","2025-09-15T00:25:29.458Z","Kano","Web","45+"
"bed08105-7e57-455e-86b1-6e6658319176","2025-08-10T02:41:11.461Z","Abuja","Web","35-44"
"e3585944-ed5d-4e66-8d5e-da3d50038de1","2026-03-12T12:33:23.797Z","Enugu","iOS","25-34"
"8e2444cb-be70-4be7-b769-fdc582ec9299","2025-09-20T21:53:45.019Z","Ibadan","Web","45+"
"c1a5e5c2-cc8c-441e-b875-75ccd767622b","2026-05-17T06:03:27.975Z","Kano","Android","18-24"
"45115e6d-7cf8-42c3-9cef-e11c8d8aaea7","2026-05-24T01:53:25.164Z","Ilorin","Web","45+"
"b0a315cb-919b-4390-8f13-ef6c85abcb3a","2026-04-07T13:06:18.173Z","Lagos","iOS","18-24"
"b6618dcf-157f-4105-81b8-9de86b63c9ce","2026-05-07T16:39:10.319Z","Kano","Android","18-24"
"07568b5e-251d-4f90-93ee-7806f1edcc03","2025-02-27T12:12:55.621Z","Kaduna","Android","25-34"
"d29a1cd2-a64b-4a63-afb6-15bc02fd575c","2026-02-14T10:17:38.231Z","Jos","Android","25-34"
"ea80c876-0b82-40b8-81ca-1a2da41ed028","2026-05-04T16:53:19.300Z","Lagos","iOS","25-34"
"eba9063e-996f-4b2e-8407-109cccf53878","2025-03-08T14:45:43.673Z","Lagos","iOS","35-44"
"cbbbc4cc-f5c1-4d99-b92c-f5c883919694","2024-05-29T17:42:56.800Z","Lagos","Web","25-34"
"12ad843e-9cee-446d-88e4-1e81642f8b2d","2026-05-06T10:23:37.317Z","Benin City","Web","18-24"
"13586664-05f4-41bc-bf62-b61c011e1878","2025-10-09T21:32:50.717Z","Jos","iOS","25-34"
"92d43654-5025-4989-ad0f-bcabe01198e2","2025-07-22T06:29:19.054Z","Port Harcourt","Web","45+"
"cb26f08c-13f2-4270-a7b4-33b618dd104a","2024-06-16T12:13:52.144Z","Abuja","iOS","18-24"
"5e0d33c1-c570-44af-9c21-47db469a7384","2026-02-09T17:47:11.538Z","Abuja","iOS","45+"
"dd2aa62d-c16b-47be-9a17-2988c56695e7","2026-04-04T09:25:40.463Z","Ibadan","Web","18-24"
"9eb6d208-4746-4282-8308-94736c5a0b5b","2024-08-11T12:54:35.428Z","Abuja","iOS","45+"
"6afb3c74-c432-49c6-9ec6-776de32bf69b","2024-08-23T11:09:26.813Z","Jos","Web","35-44"
"62d7acd4-b56b-4945-bbfa-46c23fae7694","2025-07-31T07:43:24.232Z","Lagos","Web","45+"
"c8994a54-0c88-4f6e-8b44-a63b819395f5","2024-10-12T04:44:39.037Z","Jos","iOS","35-44"
"f78dffb7-1a21-460d-b323-528d94e929eb","2025-12-18T13:38:27.937Z","Ibadan","iOS","25-34"
"4488fa9a-5b14-4947-965f-81d9d73de5bf","2024-09-15T10:19:18.270Z","Ilorin","Web","18-24"
"041e2764-5ef0-49ad-982a-a18f0cad4f28","2025-03-18T08:17:05.245Z","Ilorin","Web","45+"
"a1a26437-bb65-4394-b71f-7fde43903f42","2024-06-03T13:24:45.541Z","Jos","Android","25-34"
"593d250b-362b-4ade-980c-e8dd4b1ce8f6","2024-08-13T10:54:49.830Z","Kaduna","iOS","45+"
"88769a4e-07c8-4337-927b-df723ba047b1","2026-04-29T02:41:26.369Z","Port Harcourt","iOS","35-44"
"77b0acfb-2df2-403d-b40f-02ac90494fba","2025-09-09T19:49:59.252Z","Jos","Android","45+"
"12de01c7-c923-4d45-8eb0-e5af22598f8c","2025-05-10T05:23:02.703Z","Benin City","Android","25-34"
"1717372d-4e9c-4d2b-a6fd-8469c5ceee39","2025-05-19T13:04:57.597Z","Ilorin","iOS","18-24"
"925d21fa-88d8-49d1-84c5-f7c56e7cb822","2025-06-17T10:16:46.203Z","Jos","Web","18-24"
"f264e6d0-8e92-4da3-9f3a-e925c8edc3d2","2025-02-02T07:43:41.002Z","Kaduna","Android","45+"
"533bae3b-6e8b-48e8-b3d2-19757c342649","2024-07-09T23:26:06.250Z","Kaduna","iOS","18-24"
"eb685548-6004-4544-a143-a5f054083629","2026-01-09T12:33:38.814Z","Enugu","Android","25-34"
"9892318d-8cfe-4905-9a3b-37bc764f8db1","2025-11-18T10:01:52.977Z","Abuja","Web","18-24"
"5d5127a0-cb12-4ada-8674-e54607d85a5d","2025-03-18T00:20:29.555Z","Ilorin","Android","35-44"
"a7ab6e23-5254-4e77-b09b-5a1d708f8984","2025-02-16T21:40:15.578Z","Enugu","iOS","25-34"
"579c6884-9609-4288-8647-8e21de50e9fe","2025-11-25T17:16:58.721Z","Benin City","Web","18-24"
"737f7794-14d2-4b91-80e3-462672bcb43a","2025-06-19T21:00:26.801Z","Enugu","iOS","45+"
"fc2f081e-e49e-4a80-a39c-4548840e6ffe","2024-10-18T17:13:38.337Z","Abuja","Android","35-44"
"de4497d5-e4b4-4007-be57-be6734d6d9df","2026-04-18T20:12:22.896Z","Port Harcourt","Android","45+"
"5d5df2a8-8063-4da4-9150-7307c53c47f9","2025-08-06T05:28:50.686Z","Kano","Web","35-44"
"8ac94584-250d-4974-8b8a-24414a8cdb46","2024-10-13T14:55:17.650Z","Kano","iOS","45+"
"04a48093-f385-4e91-860e-435df14c37cf","2025-12-01T14:49:08.694Z","Jos","Web","35-44"
"87bba774-3930-437b-87cd-654b85bd2da0","2025-05-25T22:44:41.473Z","Abuja","iOS","18-24"
"832e3b8d-83bd-4ae8-be9a-cd92dabfec07","2025-01-17T10:53:35.302Z","Kano","Android","18-24"
"e13d9d15-81f2-4a26-94a2-66594f2e93d7","2024-06-15T11:58:02.835Z","Jos","iOS","25-34"
"56d1f13d-1567-4bff-88e8-2c6872e2675a","2025-02-23T06:56:56.366Z","Port Harcourt","Web","35-44"
"ec6d8cae-86d0-4676-a67d-eab5a0c1e3e0","2025-02-15T08:54:28.541Z","Abuja","Android","35-44"
"1a683a36-d159-42a3-a189-9a463620f2c2","2025-02-11T23:44:18.771Z","Kano","iOS","25-34"
"d890518f-1adc-4dd0-9570-42fbadfc759c","2024-07-25T05:13:11.447Z","Kano","iOS","35-44"
"733a9432-0ec1-4365-bd61-4d6baba37a14","2025-07-22T16:34:06.204Z","Abuja","iOS","45+"
"2976aea9-61c0-4aba-9e6f-196277cbef54","2026-02-17T13:56:22.993Z","Kano","Web","35-44"
"e53200d6-525a-4189-b3fa-8b70597993a6","2025-10-27T13:21:54.811Z","Benin City","iOS","25-34"
"81e82e35-bf02-4219-9a60-05b54c74d18f","2024-12-03T20:13:58.194Z","Jos","iOS","25-34"
"ed13bd3f-9638-458e-bb0c-82bcb008b539","2026-04-14T13:33:19.864Z","Benin City","Web","45+"
"0c8384ac-7937-4253-80bc-95b931cf2540","2026-01-15T19:49:54.868Z","Kaduna","iOS","25-34"
"c47fd1d8-57ef-4927-b860-c98c158ad042","2024-09-04T18:11:14.951Z","Ilorin","Android","45+"
"bf759c93-a4da-47c4-9df2-5227673fc1af","2024-11-27T00:59:49.633Z","Kano","Web","45+"
"8ada9f71-fb5e-418e-8453-732c56b2c9d0","2025-03-24T14:49:37.713Z","Abuja","Android","25-34"
"09628bd0-cb74-45b6-ae4b-cfc41fb92fc6","2024-12-18T22:45:51.898Z","Ibadan","Android","25-34"
"e74cdef0-9d5e-42c9-997f-7a46b8150bcf","2025-12-01T20:12:07.923Z","Abuja","Web","35-44"
"a56519ff-bc8e-4aaa-9f7c-dd7d6145bead","2024-07-23T18:29:45.228Z","Port Harcourt","Android","35-44"
"3168ac7d-b352-44b1-8d3e-00b051b18fbf","2026-01-10T08:29:52.738Z","Kano","Android","25-34"
"98481096-ad1d-42f3-ab38-0df35ad2c93a","2025-09-15T15:21:33.913Z","Lagos","Web","25-34"
"3f460ba0-0008-46ec-a683-e0cfcfe46214","2025-09-04T17:35:56.801Z","Jos","Web","25-34"
"883ae2ae-ead0-44b4-ab24-1a23b631d12b","2026-03-17T07:34:44.310Z","Abuja","Android","45+"
"57b991b1-c1a6-4fe0-ad36-244511ad9680","2026-01-07T19:23:52.096Z","Enugu","Android","25-34"
"8e779e9b-3dcc-4083-95c7-a87cfc5939fb","2026-05-14T07:28:02.879Z","Abuja","iOS","25-34"
"b6e0f704-2b09-4027-b3ff-69652a72d060","2024-06-21T19:11:22.642Z","Ibadan","Android","25-34"
"4a462cd9-b1a5-4021-b2ba-dcab31c00237","2025-05-26T02:32:24.409Z","Ilorin","Android","45+"
"72999937-3cb5-4ff1-9c42-3d5a50a950c0","2025-06-20T09:06:52.002Z","Kano","Android","25-34"
"63620000-6e44-496b-8574-1d6b4668c22c","2025-05-26T21:14:20.390Z","Kaduna","Web","18-24"
"32c38266-a3c1-4dcb-af78-a3ca57606f6d","2026-05-07T07:47:11.094Z","Kaduna","Web","18-24"
"6d7145ca-8c79-4033-8923-fb8133eebf51","2025-09-14T05:51:03.994Z","Kano","Web","35-44"
"bbcdca16-5289-4a88-be19-b77e6a2e13dd","2024-11-05T09:27:44.776Z","Lagos","iOS","35-44"
"5ad92ca4-e6e9-41c2-ae4b-272bc0337ebf","2024-08-06T03:16:23.622Z","Ibadan","iOS","25-34"
"da57da41-9809-4733-bbb7-c2dba6248742","2025-08-14T13:35:57.996Z","Abuja","Android","45+"
"fb892877-8ce3-43e2-9ab9-1746de7fd422","2025-05-06T12:51:34.999Z","Abuja","Web","25-34"
"d6e43db8-3e76-4256-a102-d222fffee817","2026-02-13T20:22:35.499Z","Kaduna","iOS","25-34"
"24f48a71-dc32-4ad4-9921-de16ff796f04","2025-05-31T19:38:10.695Z","Kaduna","iOS","35-44"
"e2f44278-5c5b-4784-9d51-37201ddede92","2025-06-15T23:15:52.800Z","Ibadan","Android","25-34"
"c60f8f23-e33d-45fc-b238-2d03ff002b5d","2025-09-23T09:10:41.227Z","Kaduna","iOS","18-24"
"cfd2f2e6-b3c7-42b8-a5cd-b52e43ef52cc","2025-02-21T14:22:06.127Z","Benin City","Android","35-44"
"c1785d2e-7769-4d17-b64b-ef721b70783c","2026-04-28T11:59:54.051Z","Kaduna","Android","35-44"
"a886580b-9a41-416c-bef0-301ba07fd4ad","2025-09-14T17:29:18.931Z","Ibadan","iOS","45+"
"64f5054d-eb31-4110-a976-0774828ac571","2025-08-10T12:29:03.563Z","Ibadan","Web","45+"
"a34d2a20-c253-45db-9396-3b39121cac6f","2025-12-29T16:48:17.866Z","Lagos","iOS","35-44"
"410aee30-7bf9-40a6-a19f-f4a74da8ac7a","2025-05-28T01:41:46.869Z","Lagos","Android","35-44"
"50172d79-394f-48ba-b5de-7ea384af5a71","2024-06-08T17:32:39.863Z","Kano","Web","18-24"
"50e90d8a-b3c3-46ee-908e-7c2648da6a06","2026-03-14T18:10:30.672Z","Kaduna","iOS","25-34"
"b95d905a-2425-4956-96a9-1a39206d3a93","2024-07-15T20:44:35.534Z","Kano","Android","35-44"
"79afa7bf-a7b8-4466-a2ff-4de74c7f327b","2025-11-30T08:28:17.231Z","Jos","Android","18-24"
"ee3e1d74-06dd-4127-808a-40b2dfaf58a9","2025-09-28T04:07:58.269Z","Benin City","Android","18-24"
"7c3ff34d-9b45-41c9-bbbc-cffbc640feb4","2026-01-23T08:15:01.824Z","Abuja","Web","45+"
"c89fe6c7-9d1a-4207-bef7-9084b4a21d57","2025-01-13T17:17:27.283Z","Kano","Android","45+"
"17d8b937-ab7c-418a-8892-92b03432a372","2024-06-11T15:45:10.004Z","Abuja","Web","35-44"
"f2b7345a-b953-4712-b343-5766d18b326b","2025-08-24T22:52:29.570Z","Kano","iOS","45+"
"b4e810bd-0a72-4361-8f47-25e04feb5c13","2025-01-28T20:42:14.850Z","Jos","iOS","35-44"
"c534bab6-16bc-4a60-9590-5980a8461256","2025-07-01T02:26:40.060Z","Abuja","Web","45+"
"914bc4af-6a53-4525-91f9-cd5061ca595b","2025-01-18T13:07:25.320Z","Ibadan","Android","45+"
"a9114afe-eb63-4816-be4f-d49592df2017","2025-07-07T02:42:45.945Z","Abuja","Android","45+"
"fe6145d5-c696-4727-a7cc-6881a0828b9c","2026-05-25T06:16:50.811Z","Enugu","Android","35-44"
"b3a2f444-e90c-4f4c-aee2-1c47d69dcb6b","2025-10-11T11:41:41.826Z","Lagos","Android","25-34"
"3613f05e-c794-4f55-9126-31260735fcdc","2025-05-22T19:25:48.853Z","Abuja","Web","18-24"
"bb0197a3-51d2-468d-bfbf-270311550eed","2025-11-27T06:30:34.112Z","Benin City","Android","35-44"
"3bd8882c-ae51-478e-a82d-6a52e30d43aa","2024-06-24T17:30:13.929Z","Lagos","Android","25-34"
"ebc7c24e-9029-4d17-85ac-7160dc6e2fff","2024-12-01T13:56:03.981Z","Enugu","Android","35-44"
"2cb40fa3-c4c6-423a-beae-908f037b9e3f","2025-10-14T06:14:16.995Z","Kaduna","Web","25-34"
"92738895-12c8-4655-9d93-e5672574f9d1","2026-01-15T09:17:27.434Z","Kano","Web","45+"
"59c2d498-fdec-42e0-9e46-ae571c1e2354","2026-04-14T09:13:07.415Z","Benin City","iOS","25-34"
"d440357f-c03f-4c50-b09d-045139e91b57","2024-06-18T01:15:25.022Z","Benin City","iOS","35-44"
"94dc4bd5-57df-4604-81da-8a79f3327fef","2026-04-13T14:21:59.340Z","Abuja","iOS","25-34"
"6772e8d6-3ae0-41c5-a1fc-63e17f22df25","2024-08-21T16:47:17.683Z","Kano","Android","25-34"
"6f04d042-f038-4a92-bd66-c22da4b532b4","2025-03-22T07:48:29.132Z","Ilorin","iOS","45+"
"b35acc4e-249c-4636-9ca5-7331645671fa","2024-07-04T22:10:52.093Z","Ilorin","Android","35-44"
"a2763d2f-7c4d-4734-b5fd-23422c344ccd","2025-10-05T06:38:51.001Z","Kano","iOS","35-44"
"85a2eb94-0ec6-4bf7-a778-7a769f2a94a5","2025-11-09T09:55:17.043Z","Ibadan","Android","25-34"
"25ce071f-353c-4658-8602-d21a29ecf181","2025-11-05T14:13:43.936Z","Kaduna","iOS","35-44"
"3582a4e1-f8a8-48fd-b158-42504709d45e","2026-05-07T22:23:21.007Z","Ibadan","Web","18-24"
"f43e93ea-601e-421d-b8c0-02b413d604d0","2024-08-22T01:28:33.571Z","Enugu","Android","25-34"
"c524829e-580b-40b8-8b35-ead385a8a073","2024-10-25T13:56:25.039Z","Ilorin","Android","18-24"
"7c76b434-9a1a-4c78-b519-bf8882e93c8f","2024-09-14T11:37:47.728Z","Ilorin","Android","18-24"
"53413609-a814-49b7-9d3a-dac518517ef9","2025-02-18T09:27:39.292Z","Lagos","Android","25-34"
"1236d004-d69a-43c2-b54c-00341dc2b095","2026-04-15T12:23:10.119Z","Enugu","iOS","45+"
"23a7d574-86ae-4238-9421-d865db5ceb2c","2025-08-29T09:07:17.734Z","Port Harcourt","Web","45+"
"376cff24-3038-4718-bdce-c1857db20610","2025-05-28T18:34:48.769Z","Ilorin","Android","25-34"
"f999b17e-6469-4c7c-a871-9134a21f6b77","2024-10-03T10:48:04.669Z","Abuja","Web","25-34"
"77381390-3497-4396-a2c8-51caa8b31f5e","2024-11-26T05:41:18.071Z","Lagos","iOS","35-44"
"93b8e6b3-38db-4f8e-ac31-8771d36d0e38","2024-11-26T06:45:58.021Z","Abuja","Android","35-44"
"e1678587-57b4-4a48-9899-bb1b179fb629","2025-01-05T17:47:57.525Z","Ibadan","Android","25-34"
"d70fc256-41d9-4483-9dc1-ef7c13636dbe","2025-08-13T14:36:50.141Z","Port Harcourt","iOS","35-44"
"f7e8775a-2a4d-4d83-a94e-110257936cd8","2024-12-12T23:14:58.811Z","Jos","Android","35-44"
"ba024d62-9f41-4b39-9f5e-84794a89656c","2024-07-16T11:03:18.934Z","Kano","iOS","45+"
"2439299d-1f3c-40ce-a1cf-5bc5407f59d2","2024-06-17T07:09:46.408Z","Ibadan","iOS","18-24"
"f7cb4ffa-1067-4ddd-a2f4-6dd6732045f0","2025-04-15T01:37:52.365Z","Kaduna","iOS","45+"
"5400af9c-ad4c-482a-bdc9-acfb6dd184dd","2025-02-12T07:22:19.943Z","Ibadan","Web","18-24"
"fb849507-0216-47fd-bf2c-52d651d9ee6f","2025-12-22T21:40:41.933Z","Port Harcourt","iOS","35-44"
"c39dbf62-2eab-421e-a1db-a2a4887c38ea","2024-09-14T12:18:35.140Z","Kaduna","Web","25-34"
"877c6799-abf8-4952-95e8-c6300cb055a9","2025-05-10T04:00:54.490Z","Port Harcourt","Web","18-24"
"c00239ea-9634-4479-a2f2-7b8bcfa27a1d","2025-02-24T17:56:59.341Z","Ibadan","iOS","18-24"
"cd51c83e-98da-45db-a7c1-f32470e7fc58","2026-02-08T16:51:41.051Z","Lagos","Web","35-44"
"c8a6d995-37e2-45dd-9a47-a42477b9ad76","2025-03-07T03:27:50.479Z","Kano","Web","25-34"
"1fe5f9ab-5e7c-4dab-9b23-6c16c1971d8d","2024-09-23T23:53:56.073Z","Lagos","Web","25-34"
"87c8034e-dec2-4c0e-b69d-21a3d4b8ba30","2026-02-19T16:02:02.457Z","Enugu","iOS","35-44"
"22618c53-84ae-4257-95c7-5c26b354a00e","2025-07-13T00:38:31.281Z","Benin City","iOS","35-44"
"20fcf981-7cc3-4169-a554-47a261e658a4","2026-02-03T23:52:30.702Z","Enugu","iOS","35-44"
"53c4759f-bad3-486c-833b-c6ea7d696b99","2025-05-10T04:01:49.771Z","Lagos","iOS","45+"
"669f9efc-c341-4ad9-8655-1c78041c275b","2025-12-24T10:39:10.595Z","Port Harcourt","Android","18-24"
"22e1df1b-3ccf-4481-8e09-5f128fbdd2bd","2026-01-18T16:10:56.921Z","Ilorin","Android","25-34"
"ad7dce57-2b86-47b7-836b-603cddbeff0b","2024-11-10T03:18:21.950Z","Kano","Android","45+"
"6e089c7b-6711-48d5-9439-3d61b64fbe99","2024-07-02T11:22:50.976Z","Port Harcourt","Android","35-44"
"824889b2-d065-4ed0-9109-15e31c4a1acd","2024-11-27T02:56:54.249Z","Lagos","iOS","45+"
"05d8207a-1ed2-4874-96d9-97d7d01feb26","2025-05-30T04:16:25.255Z","Jos","Web","18-24"
"719117cd-77ce-4061-8515-d04bd144bf7e","2025-05-10T00:37:42.418Z","Kano","Web","18-24"
"be238969-fc5c-480c-9f22-19a091815f64","2024-06-28T14:37:22.639Z","Abuja","Web","35-44"
"8d15cb92-7b50-4389-8a71-e92f0ecde6ee","2024-07-16T17:19:25.276Z","Benin City","Web","45+"
"babd957c-c71e-4028-b5b7-710aeb79e787","2026-05-09T20:01:35.177Z","Kano","iOS","45+"
"38b4d18f-3602-41c4-b6c3-f54343f9fde0","2026-01-26T16:10:18.487Z","Abuja","Web","45+"
"1b8d2989-ca7a-4e75-b8a5-e0d1d2c35604","2025-01-22T23:59:56.113Z","Jos","Web","35-44"
"c2268ef2-817e-4c53-9776-501745e85c46","2024-08-09T03:52:15.454Z","Enugu","Web","35-44"
"0c33988a-a915-4e99-96e7-cd5800a33aed","2024-12-25T00:26:35.824Z","Port Harcourt","iOS","45+"
"e440d603-b80e-4671-8996-406810498cbb","2025-01-17T18:14:19.887Z","Abuja","iOS","25-34"
"3f50a785-8923-421f-b241-3e9609345833","2024-11-13T23:11:22.064Z","Kano","Web","25-34"
"790c5b1d-91eb-446b-9400-40e0c7edc9af","2024-07-06T10:49:02.752Z","Ibadan","iOS","25-34"
"a9845803-a25c-4863-886f-18da253e1745","2025-10-19T12:38:17.610Z","Enugu","iOS","35-44"
"95b9281e-07a2-4357-a7be-8701e573bf30","2024-06-19T21:35:36.522Z","Ibadan","Web","35-44"
"358ada3e-2713-4f12-8fcb-f3c17a28a99d","2025-01-20T09:09:50.785Z","Abuja","Android","45+"
"62de1191-78f2-4216-a827-b61cbafcc27b","2026-02-07T04:37:45.853Z","Jos","Android","25-34"
"b4164ff6-e539-468f-a26b-23f40cb6bc1f","2025-08-03T00:43:35.699Z","Abuja","iOS","25-34"
"4bf3ceec-0f6f-43da-9d2a-f889db95d51b","2025-04-07T12:37:26.137Z","Benin City","Web","25-34"
"ec789217-c4fa-41bf-b43b-bf9777f31b5c","2025-10-22T15:00:03.202Z","Jos","Android","35-44"
"9bacefff-8e61-43fe-ad08-645f56af2b07","2025-06-09T16:50:19.034Z","Jos","Web","18-24"
"bea402ac-b1a8-434c-98be-0f0b9ac9a5c5","2025-11-27T02:35:17.136Z","Ilorin","iOS","18-24"
"217bd70e-9388-4ee9-883c-648bd51e9fad","2024-12-29T01:27:46.283Z","Port Harcourt","iOS","35-44"
"bd24381f-c6c8-4ba4-a33d-1c330a422a13","2025-10-07T02:23:07.519Z","Port Harcourt","iOS","45+"
"8a2d8a1c-8d45-4170-a93b-873422036dbb","2024-08-30T21:18:47.323Z","Abuja","Android","35-44"
"7d635988-077e-4e19-b3d0-c915a9f2621f","2025-02-10T02:24:08.032Z","Kaduna","Android","25-34"
"9958917e-84b6-49e7-8016-f67f9b0f3fc1","2025-05-07T20:43:19.212Z","Lagos","iOS","35-44"
"b51d8f82-9f68-4250-b265-56f70d77ce52","2024-06-23T20:24:34.365Z","Benin City","iOS","35-44"
"8dd3a9f5-ef22-4678-ac7f-22a928cddb2d","2024-06-26T19:46:50.810Z","Enugu","Web","45+"
"11daa55f-8d98-405a-8367-52e34e8fb4c2","2025-12-16T16:54:34.118Z","Port Harcourt","Android","25-34"
"85cee229-4b08-4e98-8ed5-f5b14e312297","2024-11-07T08:42:41.774Z","Benin City","Web","45+"
"c55eb7f2-e0bf-4bcc-aed2-15b62390a7e8","2025-07-24T03:41:19.183Z","Abuja","Web","45+"
"86d2de6b-5792-4d0c-a6f7-e8a77678a6e1","2024-06-22T20:53:15.816Z","Ilorin","iOS","18-24"
"3ce8ea11-7ce3-4df8-813c-c45ff8c2abd4","2024-06-27T15:29:07.317Z","Ilorin","iOS","45+"
"01d0ced0-7648-4103-b57c-e90326e16ad4","2025-08-17T01:59:22.781Z","Ilorin","iOS","35-44"
"bd6745b2-e98c-49a9-baf5-0cd4fcd1d90f","2026-04-06T03:18:25.773Z","Jos","Android","45+"
"c24afee9-e28e-48b2-b6d3-f46563bec353","2025-12-25T23:04:35.954Z","Enugu","Web","35-44"
"6c6add35-ae8e-4d77-be66-46d165afa171","2025-03-31T16:57:50.039Z","Lagos","Android","25-34"
"a399933a-0b02-4623-901e-97d6d9558be6","2024-10-10T13:07:25.621Z","Enugu","iOS","18-24"
"abf30a22-fb1c-4f28-92d8-7e5e12847f75","2024-08-13T12:49:22.490Z","Kaduna","Web","25-34"
"d890600b-f317-4398-bde1-92abd6dbf720","2026-04-15T01:58:43.799Z","Jos","iOS","18-24"
"bac4c0a6-7fe3-41c6-9fba-afa4a19f5d9e","2025-04-30T00:08:20.479Z","Ilorin","iOS","25-34"
"0a54d09f-e0b9-4777-890c-b445db5791dd","2024-07-21T12:29:16.475Z","Port Harcourt","iOS","25-34"
"f1900df6-30c9-4df3-bdc8-7be572c218af","2026-03-05T14:32:45.366Z","Enugu","Android","35-44"
"9793af3a-5c56-4b93-bea3-3340bf056adf","2025-08-19T01:55:11.339Z","Ibadan","iOS","18-24"
"08b23b58-3fea-450e-b57e-3652e7296a71","2024-06-27T18:50:32.575Z","Port Harcourt","Android","25-34"
"0daefa84-518d-4ab6-bebb-9d5d183e7e69","2025-04-28T17:13:04.618Z","Ilorin","Web","18-24"
"9c65918f-a363-4f94-a6fe-2eea3a4598b8","2025-07-01T08:11:37.031Z","Lagos","iOS","25-34"
"f5139489-2fd3-4772-bed2-849181eb5ecb","2026-01-09T05:07:28.157Z","Enugu","Web","25-34"
"e4a08e2b-07cd-45d6-94ab-152a11aa388c","2025-01-11T13:53:14.667Z","Kano","iOS","35-44"
"f8ced9de-36e2-4173-a257-dfa368eba586","2024-12-17T23:50:13.579Z","Enugu","Web","25-34"
"9d5d4f04-50eb-4a3b-818d-e0e4f570d18a","2026-02-14T23:50:26.304Z","Lagos","Web","18-24"
"015ee7ac-ad11-41a6-8d5b-a2f3a461100f","2026-02-15T09:13:48.417Z","Kaduna","Android","25-34"
"dc1cbb20-3f1a-4106-b958-fad34ec4115b","2025-11-22T13:47:57.866Z","Benin City","Android","18-24"
"43b4d18b-33e1-4cfa-b859-6a51e15a2911","2024-05-26T16:29:50.046Z","Port Harcourt","Web","25-34"
"943646eb-9d5c-45c0-af1e-7d2b31f04e24","2026-05-17T13:11:46.766Z","Benin City","Android","25-34"
"e7de7c6c-73dd-4b0b-aabc-ee699a07671a","2025-03-03T21:59:33.785Z","Jos","iOS","45+"
"0b2c5a78-fd1c-4ba9-aced-caaa6836ef10","2024-11-27T00:10:12.889Z","Benin City","iOS","45+"
"4d940200-cade-4fbf-8f65-c7d3dad724bd","2025-09-08T19:53:14.831Z","Ibadan","Web","45+"
"f1f56c3c-42ff-4d47-9214-d8559c60751e","2026-02-22T18:15:54.887Z","Kaduna","iOS","18-24"
"76b76408-2d60-4cd1-b6dd-bd33a835a485","2024-08-24T20:19:51.720Z","Ibadan","Android","35-44"
"5e4cec55-4c41-4d2c-b5ae-1a1d8850a160","2025-01-17T10:50:48.555Z","Enugu","Android","25-34"
"24bb48ac-8273-4ad0-95e9-efd4e130e064","2026-01-23T18:09:52.610Z","Benin City","iOS","18-24"
"3fe25d4d-8531-4d34-90ed-9c6a79736bbb","2025-11-28T06:58:56.724Z","Ibadan","Web","25-34"
"1e248826-b0c6-4142-9aff-64b4d975d9bf","2024-11-18T10:13:18.224Z","Kano","iOS","45+"
"3854ba9c-0fb9-4e9a-95cb-e2466b8246e9","2025-05-13T12:02:04.321Z","Jos","Web","18-24"
"7b65950f-e606-4a0c-aeb5-e36a46125eae","2024-11-09T21:41:36.061Z","Kaduna","Web","18-24"
"241d742e-d3d3-4c3e-95a4-cf5d92b566a3","2024-12-07T12:35:26.435Z","Benin City","iOS","35-44"
"dd5cd4b6-32c3-4f95-b078-82a003bc1810","2025-03-14T20:06:01.306Z","Kano","Web","35-44"
"cee2947d-a488-413d-a39a-c4a271d041bd","2025-11-10T18:56:00.653Z","Ibadan","Web","18-24"
"ffd9cdd6-516d-4ee6-86c2-2918ed05fe4c","2026-02-17T13:29:21.001Z","Port Harcourt","Web","35-44"
"afc7964a-6af0-4366-9210-52a1de065ddf","2026-02-13T10:08:39.047Z","Lagos","Android","25-34"
"d9cf3a7a-3acb-4db0-8639-17da00d050db","2025-11-06T12:29:36.971Z","Kaduna","Web","45+"
"ea8fb226-57d0-46cc-95dd-1c1300913055","2025-01-31T12:41:34.743Z","Benin City","iOS","18-24"
"fc6569b7-94eb-414d-9da6-5dac8c18fcbe","2024-06-12T00:43:41.499Z","Benin City","iOS","45+"
"585a8ce9-f789-4cd8-8016-a9d6dbb7fee3","2026-02-27T15:53:03.908Z","Ilorin","Android","25-34"
"37b24a6e-7c5d-407f-9ce4-7f5cfb2ad8e4","2024-08-04T16:54:28.523Z","Kaduna","Android","18-24"
"463db8b6-5133-49e2-b008-630100b020c0","2024-06-21T20:02:01.714Z","Enugu","Android","45+"
"60b2e472-77e6-4cf2-adda-6a9a84c58482","2025-04-22T10:59:00.743Z","Lagos","iOS","45+"
"531a70de-5aa3-41ec-8a3a-1cc52456e5bc","2024-07-21T12:47:19.114Z","Kano","Android","25-34"
"20f05df7-a79f-4c8e-8043-c88b51a2e73a","2025-11-23T16:49:54.313Z","Ilorin","Android","18-24"
"44dc9b4f-d3d7-4277-a446-acfbee7959bf","2024-07-25T20:54:16.311Z","Lagos","Web","45+"
"5c2ba553-cdbb-4959-bbd0-1362637c1005","2024-11-08T06:03:42.382Z","Port Harcourt","Android","45+"
"7df22aa4-b2d4-449c-b9ce-fac0672fba37","2026-01-02T22:58:29.037Z","Port Harcourt","Android","18-24"
"30b33409-d663-42f3-9991-de32070afdf4","2025-04-18T12:27:19.047Z","Ilorin","Web","25-34"
"6552440d-649a-4847-ba22-c8b4455cf36f","2024-12-14T06:32:58.786Z","Enugu","Android","18-24"
"7a66a673-624e-4fef-a8d4-010ca14f8c2b","2025-08-18T09:21:44.737Z","Kaduna","Web","35-44"
"9e73b406-c54a-4f69-a57b-6c4ed28554c2","2025-04-25T10:13:30.372Z","Lagos","iOS","18-24"
"6c586016-2bf6-442b-9684-ca569765ce2f","2024-11-30T08:48:36.356Z","Benin City","iOS","18-24"
"3e839a58-086d-4275-b7ce-2214081f3e29","2026-03-29T17:34:30.745Z","Kano","Web","35-44"
"5e66ce57-2ff0-499d-bf9a-43f9d9b67248","2024-11-27T18:38:43.857Z","Benin City","iOS","35-44"
"bd521281-0253-4ee9-b66a-9a96dbdb1838","2025-03-13T22:59:54.853Z","Lagos","Web","25-34"
"179db55c-112c-434c-ad56-206350c614e9","2024-08-20T03:38:22.425Z","Benin City","Android","45+"
"b0bcbc78-cd6b-4b69-912a-b92069feb64f","2026-05-20T01:27:55.132Z","Jos","Android","35-44"
"a26b6733-c6d8-4601-bbb5-ef52fc2c4967","2025-11-30T05:51:58.594Z","Ibadan","Web","25-34"
"090d88a5-3a88-4105-9e6f-41a1af10d612","2026-03-06T04:12:18.337Z","Jos","Web","18-24"
"bef99f5c-9b34-4f21-9807-b20253641c6e","2025-05-06T06:17:06.546Z","Benin City","Android","25-34"
"ac4dfe12-ec0f-405e-a9e4-bf6f78f765b2","2025-09-02T04:33:50.100Z","Jos","Web","35-44"
"05d964cd-81c8-4a6b-b618-321899584e3a","2025-02-26T00:43:15.340Z","Kaduna","Web","45+"
"61ae5059-96db-476f-ab0d-e43ef3c33c2f","2026-05-22T04:40:51.178Z","Ibadan","Web","25-34"
"e6fb4d53-ec98-435b-aabd-13155d413bc7","2026-04-24T03:42:25.186Z","Jos","iOS","18-24"
"552fe052-dc79-4a0e-851e-7b8beee5bd67","2024-10-26T00:39:37.614Z","Kano","Android","18-24"
"c651ae90-b3d4-4c20-9201-d44565297fa1","2025-06-23T10:58:56.224Z","Benin City","Web","45+"
"096f4b37-dd94-47b0-86ec-537ba4f5ba8b","2024-11-26T10:10:40.195Z","Ilorin","Web","45+"
"f44a8e0b-5e49-4819-91a2-7d6c95bb0ab5","2026-05-21T21:15:14.877Z","Port Harcourt","Android","18-24"
"1707ae17-73f2-4006-8e91-0acdd4f028f5","2024-08-04T23:23:16.307Z","Jos","Web","18-24"
"61acb62e-39dd-4805-9dda-0e6910d8c9de","2024-08-05T17:51:26.449Z","Ibadan","Web","35-44"
"40f8f7fd-12ec-41bd-a734-d99764b960a8","2024-11-17T01:03:17.526Z","Lagos","iOS","25-34"
"dc67c462-e40e-4e27-b8d1-fdc322a248ba","2025-01-17T00:17:19.963Z","Benin City","iOS","35-44"
"e94e36ab-1f2a-4dcf-8447-57714ba9b3d7","2024-10-16T01:20:11.194Z","Port Harcourt","Web","18-24"
"dd3c7197-4251-4176-9602-719d891760e1","2025-12-08T01:12:03.578Z","Kaduna","Web","35-44"
"533b5560-dc3c-430e-959b-a7766b4b10e4","2026-01-08T07:48:00.243Z","Abuja","Android","18-24"
"de660484-e022-40cf-b317-1ee5db540b00","2025-12-29T07:52:21.450Z","Port Harcourt","Web","45+"
"eb504d60-901d-4301-bfca-cb261381c812","2025-06-12T15:02:52.151Z","Lagos","Android","45+"
"d567dde8-3772-43d6-83d5-8e2a1ba17e83","2025-08-24T22:29:37.918Z","Benin City","iOS","45+"
"9e0966f5-d108-4f69-aa74-43fda0ea24a2","2025-11-16T18:31:19.799Z","Kaduna","Android","35-44"
"2ad498b6-43f3-40f6-aa6d-d03a4b3aab3b","2025-04-05T06:14:49.512Z","Kano","Web","35-44"
"7c85bc90-d789-48d8-b2f7-4439a071117a","2026-01-23T03:55:53.100Z","Kano","Android","18-24"
"9ce74a15-8ea5-48f3-8dea-c6ca3b6680b1","2025-04-13T05:28:53.522Z","Lagos","iOS","25-34"
"a9b27fc0-3b8a-4a1d-8828-d6014281a93f","2025-02-08T11:47:49.467Z","Lagos","iOS","18-24"
"93849ae7-f91b-416c-b6a4-119b7ee83abf","2024-07-15T21:07:49.242Z","Port Harcourt","iOS","45+"
"d192cb9d-8ad9-41a2-bb13-028891908f70","2026-05-06T08:32:47.697Z","Ilorin","iOS","45+"
"202b3a44-f348-414d-a66d-23aae75a6b2f","2024-06-04T09:32:23.915Z","Ibadan","Web","35-44"
"d26789df-c000-4e46-bcff-374d59478011","2024-11-23T22:40:07.588Z","Ibadan","iOS","25-34"
"a60c02fc-5fb2-4f01-a33e-bcfdc6fa90c9","2025-06-18T02:56:48.577Z","Kaduna","iOS","25-34"
"0d16da57-805c-422e-a1d7-aeeef617af81","2024-09-09T10:14:51.961Z","Port Harcourt","iOS","25-34"
"2c468e23-f203-4438-90a5-614643bb36c5","2025-09-08T09:37:27.566Z","Ilorin","iOS","35-44"
"62292b5a-8ebe-4ce2-a5bb-4ad488659879","2024-06-12T10:43:10.466Z","Port Harcourt","Android","35-44"
"5ac08760-baf2-453b-b611-949cfe9788c2","2025-04-28T13:06:08.277Z","Jos","Android","18-24"
"a37ee0c3-b4e0-46c2-bd3f-a7340fb49821","2025-07-03T02:28:07.118Z","Kano","Web","45+"
"aefc98be-6279-4bea-b821-76164628d276","2024-06-23T23:32:51.776Z","Ilorin","Web","18-24"
"66b5257f-6126-4482-a43e-51409638db84","2025-08-18T18:53:49.171Z","Ilorin","Android","35-44"
"4d8243eb-d1ce-436f-b9fa-fa2a6ee82fe7","2025-08-17T00:57:51.139Z","Port Harcourt","Android","18-24"
"885bc9c6-7013-4548-b4f7-976963106a14","2024-12-03T23:06:37.177Z","Kano","iOS","45+"
"42c9b675-6850-4e64-b90e-6e2c66ae650d","2024-07-15T07:01:58.212Z","Ilorin","Web","35-44"
"4152a92b-49b4-4905-a6b3-e5feb236fc3f","2024-09-03T00:38:54.186Z","Kano","Android","35-44"
"9ee4faa4-b4f9-4f2e-9ffe-e24c45a39d61","2025-05-29T08:31:51.511Z","Lagos","Web","45+"
"2964c642-a4fa-40dc-ba7c-4a1a986d148d","2025-12-27T05:13:02.344Z","Lagos","Android","45+"
"64825054-fe1b-499c-b59e-ff1384fecdf7","2024-11-04T11:19:33.676Z","Lagos","iOS","18-24"
"9f49d764-0326-44cc-91d9-a0c18c527b36","2025-06-12T23:22:51.164Z","Kano","Web","25-34"
"4d8ac92e-66d4-4d54-8f98-92ff96e2ddd1","2026-03-30T07:38:21.485Z","Enugu","iOS","25-34"
"d24bb2aa-67d4-487d-8ac8-8df4be84f4fa","2025-12-30T11:59:51.516Z","Kaduna","Android","35-44"
"4c84efc9-ddb2-45ad-9818-e81e61ee9d56","2024-09-03T01:14:09.914Z","Kaduna","iOS","25-34"
"a419ac07-bdbc-405a-9686-0d1230479876","2025-11-08T22:54:38.882Z","Ibadan","Web","25-34"
"d050458d-8546-43e2-bee9-667d3629ae06","2025-07-22T23:37:24.566Z","Kano","Android","25-34"
"23fee53d-4c4c-4653-9785-67418e5ca9cc","2026-01-21T03:40:52.918Z","Ibadan","iOS","45+"
"101fe2ac-fd82-4347-89c6-c133b50206af","2025-01-30T18:54:01.868Z","Abuja","iOS","35-44"
"638a3cd6-d568-43c8-b3b4-480eeecfd2c6","2025-05-30T22:55:14.128Z","Ilorin","Android","25-34"
"eb0997ac-4caf-4f1a-9a0a-86cfa55aa74e","2025-09-15T23:36:26.955Z","Kano","Android","45+"
"fbde2547-1cbd-4d06-af8f-6315c76e35ce","2024-06-15T15:48:32.280Z","Jos","Web","25-34"
"58f9bdd2-c03f-4452-aed1-6b54cabc748f","2026-02-16T13:04:01.702Z","Jos","Web","45+"
"db78c9f8-e8f5-49ce-a228-fc534e7b407c","2026-02-03T14:36:40.440Z","Enugu","Web","45+"
"1ef32afa-ba44-47a8-9081-cd581a18c497","2025-10-31T05:36:11.553Z","Enugu","iOS","18-24"
"33866e33-157e-4a13-847a-df11bcec57d5","2025-07-18T16:29:24.361Z","Ilorin","iOS","35-44"
"94818073-a75f-4d5c-baf8-57df9b17d1be","2025-06-14T00:36:37.727Z","Kaduna","Android","45+"
"83dbba85-67b2-4110-8d12-7e563b4e43bf","2025-12-01T15:11:46.154Z","Benin City","iOS","25-34"
"3ce523ab-4372-49b4-b444-1575ced67ac5","2025-03-01T03:45:40.374Z","Kano","Android","18-24"
"1ca22635-c48b-41f0-9473-f4f39f8301f5","2026-04-28T05:11:59.748Z","Port Harcourt","Web","45+"
"51a88ea4-9c67-425b-bc10-8aeec52ab709","2026-01-27T09:41:08.834Z","Enugu","Android","18-24"
"1c0c14b2-e255-4e6c-9036-7204fa2e0ded","2024-06-04T20:49:47.825Z","Enugu","iOS","25-34"
"b9f3b2dd-58bc-4d11-a0a6-b56d8ee0e774","2025-08-08T03:47:01.344Z","Enugu","Web","25-34"
"648ffc9f-9988-4340-a475-651d3beaad6e","2025-09-24T08:38:26.705Z","Kaduna","Android","35-44"
"bd20a24c-2987-4f63-9713-9d8a5fef7036","2025-06-01T07:10:08.306Z","Abuja","Web","45+"
"4e771dc0-e214-4bb7-b0e2-6a0ea09a3c17","2024-08-23T19:53:51.256Z","Ibadan","Web","18-24"
"878fddbe-eedb-4e5d-a355-dc213696f2bc","2024-06-23T21:06:34.223Z","Abuja","Web","45+"
"d7a063f0-3f2f-465f-a9bf-774d3a2ee955","2024-06-08T12:58:10.622Z","Enugu","Android","18-24"
"d889a55d-256a-463f-9764-f29aba6e1983","2024-11-26T14:23:04.331Z","Kano","Android","18-24"
"83111e4f-9ecd-4a11-99a4-35fb28538b8e","2024-05-27T19:24:06.573Z","Abuja","Web","18-24"
"35b17199-fb2f-4287-adbc-7d23cf274538","2025-02-11T02:51:17.940Z","Benin City","Web","25-34"
"75a14fa0-650f-47bc-b15a-420bc6b1b1d5","2025-01-05T11:09:25.455Z","Port Harcourt","Web","35-44"
"2e665182-c718-4358-83bd-04e5a1026ac3","2026-03-28T03:00:21.387Z","Ibadan","Web","35-44"
"4a76b837-99a0-45db-a6f0-043c6be59268","2025-03-02T16:37:17.283Z","Enugu","Android","45+"
"cecf029a-0a82-45c4-92f0-9ea4f42b1d4b","2024-11-26T10:44:36.813Z","Jos","Android","35-44"
"680b55db-4333-4835-9665-d37ab3ebdffe","2025-07-27T04:10:54.214Z","Benin City","iOS","25-34"
"975807f9-85cc-4800-ad4c-50068310b43a","2025-04-09T16:07:37.855Z","Ibadan","iOS","18-24"
"7e4ef93c-d09e-4e93-800c-cc2563090e7c","2025-07-20T06:41:07.823Z","Abuja","iOS","45+"
"e876a56c-5752-432c-aa98-57bf69ebfe47","2025-09-14T15:46:10.946Z","Lagos","iOS","35-44"
"9829d5f3-421c-4a45-a080-527087b2fee2","2025-04-11T06:49:10.911Z","Kaduna","iOS","18-24"
"43823a91-86ca-4c30-b43b-e21ad164e9c2","2026-04-22T06:09:18.407Z","Benin City","Web","45+"
"3f4cf946-8ff9-4f53-b243-fa88f0b855fa","2026-03-17T09:44:48.649Z","Port Harcourt","Android","45+"
"ded9d61c-0dec-48f6-9fa2-918af90b5cf2","2025-07-01T04:17:02.272Z","Lagos","Web","25-34"
"8f7c946d-56eb-43de-960a-6c83c6f8bf78","2024-12-26T15:47:30.631Z","Abuja","Web","45+"
"2badafaf-d587-4cbc-9c21-6444715ab29a","2025-09-11T23:57:29.421Z","Ilorin","iOS","45+"
"8aea32cd-f07e-438e-aa6c-27cecfeb3670","2025-05-20T01:14:07.354Z","Lagos","Web","25-34"
"dd6bf4b7-031b-477e-8306-0d551ae9b65c","2026-01-19T01:08:22.773Z","Benin City","Web","45+"
"51f06559-21ac-4430-8dd9-7836e01fbe9e","2026-05-22T02:30:09.467Z","Ibadan","iOS","25-34"
"21ad99c9-b515-4f8d-92bd-a9400cd0cb74","2024-08-11T02:29:40.180Z","Ibadan","Android","35-44"
"1b3ec4e5-3308-4ccc-9f99-18184d7a5cfa","2024-10-21T02:41:04.695Z","Enugu","iOS","25-34"
"cd1969e6-0192-49cc-a4cb-66ec681e7346","2026-03-17T15:11:01.489Z","Abuja","iOS","45+"
"09d38808-6660-4830-8500-2c08034a17e9","2024-08-25T01:25:20.743Z","Lagos","Web","18-24"
"c9ca7e93-f0cc-4f71-9e58-ba5b41e949f4","2024-08-06T02:16:20.293Z","Kaduna","iOS","45+"
"c23f0879-c790-4fc0-afb7-7ece1adea834","2026-02-09T06:43:05.176Z","Kano","Web","35-44"
"644f4610-7674-4a76-83cc-586409c25192","2026-04-14T20:29:15.903Z","Ilorin","Android","25-34"
"7ae39c9b-6d35-4e1e-9278-91e00101f8dc","2024-08-07T21:43:07.776Z","Ibadan","iOS","35-44"
"a447e0e9-9394-451e-8859-c1e81af9ac4b","2025-09-19T01:20:48.371Z","Ilorin","iOS","18-24"
"e0cd4d08-437e-4447-a099-ff274889b1b0","2025-12-24T09:07:04.628Z","Port Harcourt","iOS","25-34"
"ec7e0ae1-20c3-4242-9378-f8b28bd80089","2024-10-18T19:35:04.723Z","Abuja","iOS","18-24"
"ccf3d4e6-84e7-4017-aec9-4c8416cd5087","2025-05-07T15:17:25.765Z","Ilorin","iOS","35-44"
"09705168-2ce9-4a37-8215-637dd7a3189d","2026-04-17T22:28:24.744Z","Ilorin","iOS","18-24"
"45acee6b-9dc7-41f2-9fff-4518758cc3c6","2025-03-19T07:29:54.598Z","Ibadan","Android","25-34"
"a73efd78-2dee-45ad-89d7-e3220c0eec73","2024-06-07T20:35:18.092Z","Abuja","Android","45+"
"adc2da7f-d316-4e64-bc76-7a7e17bba904","2025-07-26T11:05:12.619Z","Ilorin","Android","25-34"
"ed7368f8-eb91-4aee-a563-a65d5a98efa4","2025-04-12T15:22:55.363Z","Benin City","Web","45+"
"1ef2d37a-d64d-4d5b-b679-1de2b3ea35a4","2024-09-19T06:06:51.010Z","Kaduna","Web","18-24"
"a76d125c-19bf-4479-9540-6920390bdd6b","2025-01-13T04:01:47.338Z","Lagos","iOS","18-24"
"7913b634-8e36-4356-95cd-925155612cc4","2024-08-29T04:54:41.708Z","Ibadan","Android","25-34"
"b04aa5f3-bf7f-494a-ba49-0ae0c4169c45","2025-07-02T21:48:13.489Z","Ilorin","Android","18-24"
"452daea8-3d61-47b8-b825-ec61f5b8a80a","2024-11-15T01:20:49.074Z","Abuja","iOS","45+"
"b19fb548-ab0c-4246-9311-f3eeb6e6e97b","2026-01-01T21:58:21.609Z","Kano","iOS","35-44"
"da8a5f95-d0f4-4e73-a003-9d4535e27bfa","2024-07-17T15:22:52.825Z","Kano","Android","18-24"
"5e33c2cf-b301-4665-a30c-2bfb6c75ff0d","2024-10-08T18:33:30.472Z","Enugu","iOS","18-24"
"cb49c0c6-2fef-4208-adcd-eea76f14bc64","2026-03-07T00:02:56.187Z","Port Harcourt","iOS","35-44"
"c905a204-95a9-424e-b339-766bc2990374","2025-08-17T17:49:42.557Z","Benin City","Web","18-24"
"38728209-0026-4a7d-a5a7-4156594ab567","2025-10-10T05:49:24.956Z","Abuja","Web","45+"
"042b0128-4dae-4400-9f30-502f322ca500","2024-09-03T13:59:45.705Z","Kano","iOS","18-24"
"fdb1c850-447f-4132-bb32-f34a8d148a6f","2026-05-08T23:30:44.039Z","Kaduna","Android","18-24"
"ea4bfd27-ac65-4b7c-911f-6f05d1dab079","2025-08-09T07:07:19.357Z","Ibadan","Web","18-24"
"46369412-f65d-42ea-a3a1-0e2e2fcbc7ec","2025-07-19T01:45:16.877Z","Kano","Web","45+"
"32ef48de-9e7c-484a-afbb-492400480748","2025-03-06T14:40:10.794Z","Kano","Web","25-34"
"b494ab65-ed3d-41a5-897d-9d79a065b29d","2024-11-06T08:10:45.379Z","Kano","Web","25-34"
"493bc47f-a7df-43e4-ba37-6f0e47b931d3","2025-07-11T20:46:21.684Z","Enugu","Android","45+"
"2e4c9c70-99cc-479c-9be8-0515c851283b","2024-08-04T05:07:42.586Z","Lagos","Web","35-44"
"9fae7053-3d54-4ece-9baf-fde2f3918fb9","2026-02-02T15:39:10.875Z","Enugu","Web","35-44"
"15aa5ab6-17d7-4517-8989-ac831fde45f5","2025-05-14T16:56:32.082Z","Benin City","Web","18-24"
"4a4ac78b-2a1c-48b8-bb26-7038aa2ee515","2024-06-20T01:05:42.209Z","Benin City","Android","18-24"
"81d0a6a5-fc57-4728-883b-14f54850ea29","2025-11-07T10:53:24.151Z","Abuja","Web","35-44"
"a93e94a3-47bb-4657-942d-78e54c01e0d5","2025-01-11T16:20:42.957Z","Abuja","Web","18-24"
"52e5abda-f112-44a0-a56e-ebc03653a68c","2025-12-05T02:56:00.567Z","Benin City","Web","35-44"
"abd9f1d4-da08-458c-8794-b8564349d11c","2026-05-14T04:32:34.071Z","Kaduna","iOS","35-44"
"d091babe-a4ce-472d-bbbb-69c2f143dafd","2026-01-26T07:32:39.099Z","Ilorin","Android","18-24"
"b54f69d0-59aa-4d3b-a082-d95aa68d346b","2024-10-20T08:41:13.488Z","Benin City","Web","45+"
"6e1e9ccd-75f2-42f8-a23c-167f0be804a4","2026-02-09T14:18:36.260Z","Kaduna","Web","25-34"
"12d6940f-1b24-466f-9805-b020d7741191","2024-11-20T15:14:47.572Z","Kano","Web","25-34"
"806cf435-4ced-449f-8060-d9ecd929bd6e","2026-04-21T13:49:12.561Z","Abuja","Android","35-44"
"4e7570a0-f350-401a-a448-3052cc0e50b7","2026-01-23T15:49:07.939Z","Ilorin","iOS","35-44"
"f3ddfb11-4953-4e69-ae95-ae3d9ceea0d0","2026-01-31T05:41:30.030Z","Kaduna","Android","25-34"
"7636d014-edde-4d7c-bbda-5dd85afe88c8","2026-02-20T11:12:09.255Z","Kaduna","Android","18-24"
"66d730e0-b953-4e21-9d9e-bad0502b8c2d","2024-07-31T17:16:24.863Z","Ibadan","iOS","18-24"
"1f2531f9-7cff-4bf7-b359-4a75b6719611","2025-02-06T18:10:04.537Z","Lagos","Android","45+"
"85cdaf31-6f8a-4112-a123-78bd03d6929f","2024-09-06T07:05:03.052Z","Kano","Web","18-24"
"46c88d42-98c5-48b9-b223-ed20e337ff18","2026-01-15T04:46:20.087Z","Port Harcourt","Android","45+"
"4fedcb38-a68f-4d96-935f-6bdb6f345070","2026-03-26T06:17:08.163Z","Ibadan","Android","18-24"
"f804864d-587a-446f-8344-69064fced731","2026-04-26T23:29:22.703Z","Port Harcourt","Web","35-44"
"0d8782eb-ed1a-45ea-90bd-0c2a66675663","2024-09-30T03:19:29.312Z","Jos","Android","45+"
"f6ef8137-1652-40ad-8889-8a313330110c","2025-08-28T08:19:18.548Z","Enugu","Android","25-34"
"9bd491a6-2e29-4af0-a519-9a201ddfa851","2024-08-08T17:14:39.216Z","Lagos","Web","35-44"
"e7fd184f-7608-478a-8460-ce6900c36fb8","2025-07-22T16:25:31.703Z","Benin City","iOS","18-24"
"74ebce83-8745-41ca-8d2c-6b4832234f71","2025-02-21T21:51:19.531Z","Abuja","Android","18-24"
"14d81a88-f8ee-4911-862b-87e445a82348","2026-04-30T22:24:23.285Z","Jos","iOS","35-44"
"92033032-4336-47b2-9450-fd0886ed8c49","2025-01-13T06:59:01.947Z","Port Harcourt","iOS","35-44"
"e0299add-6405-4afa-b873-fd6e80949e57","2024-10-24T13:35:28.174Z","Abuja","Web","25-34"
"6853d8ce-a24c-4f19-a2d0-dda690bc4ab3","2024-11-15T02:24:30.788Z","Jos","iOS","18-24"
"06d0560a-3e06-425d-903c-09e354dbcfc9","2024-06-12T20:55:17.956Z","Kaduna","iOS","18-24"
"6fbde5f6-9bbf-47bd-962e-c6fb5a9b4505","2024-07-10T22:34:49.503Z","Ibadan","Web","18-24"
"4c48d172-9f69-4767-b6e2-9f37c00ae774","2026-01-11T12:37:14.698Z","Port Harcourt","Android","35-44"
"45322875-df66-4655-a9a8-615a1287c023","2024-12-06T07:46:03.279Z","Lagos","Web","35-44"
"559377a6-7570-46d6-b807-ef3e084bf6ed","2025-07-27T19:03:03.147Z","Ibadan","Android","45+"
"4d97e65a-4515-4725-91b8-03c156bf008a","2025-10-25T07:58:16.791Z","Ibadan","Web","45+"
"5423099e-b33f-4887-800f-c79352bf4d8d","2025-10-10T00:48:58.084Z","Kano","Web","35-44"
"0e75ef3a-c48f-4022-8988-3b8db7910418","2025-01-20T21:20:38.562Z","Enugu","iOS","35-44"
"58fb0e31-ca03-4a46-8b15-4e5ce37bdb98","2024-06-04T17:19:00.553Z","Port Harcourt","Web","18-24"
"f6f24968-25de-4d80-8bb9-30a6e76b6fc7","2026-05-11T14:18:09.127Z","Abuja","iOS","35-44"
"44ae39ba-9f46-47b6-8c5e-37f0aaede4c3","2024-06-29T13:57:32.952Z","Port Harcourt","iOS","25-34"
"6968511b-adab-4ab4-9166-d5c398c573e9","2026-01-06T02:29:21.630Z","Ibadan","Android","35-44"
"b845ec35-b6b3-4555-921d-9e83809030a1","2024-10-02T03:22:41.933Z","Abuja","Android","25-34"
"7051cb4b-c84c-4afe-a413-66ac53ad69da","2025-08-18T11:26:56.465Z","Kano","Android","45+"
"ffb8450b-f520-4847-8f28-97566fecbf1a","2024-06-11T07:28:36.534Z","Port Harcourt","iOS","25-34"
"8850b627-e78b-4f3b-8c9c-6ada98d7334f","2026-01-30T05:21:55.412Z","Kano","iOS","45+"
"06433d57-4fc1-4aca-b222-367d2d54f26d","2025-12-12T14:22:49.842Z","Kaduna","Android","25-34"
"57402561-4c0d-4ee9-96cb-430b48fd70a8","2024-08-07T02:01:08.133Z","Lagos","iOS","35-44"
"541cf812-144d-4089-bbcf-89e2b13a4d59","2024-10-07T23:05:42.550Z","Port Harcourt","iOS","45+"
"4a1b1600-4bb4-43d2-a774-d1757b14d303","2025-01-29T13:30:38.835Z","Port Harcourt","Web","35-44"
"e1d218e7-e5a0-4b3f-900b-ad02fcf0b29b","2026-05-07T05:07:40.993Z","Kaduna","iOS","18-24"
"c9c7a9e9-ac78-45c2-bf2d-65477b37d21e","2025-09-18T01:16:15.158Z","Kano","Android","25-34"
"140d7bb6-116c-43e4-a715-8428b428f901","2024-07-08T20:24:17.718Z","Abuja","Android","35-44"
"267c918a-dbe7-41ab-8a57-782438372816","2025-01-01T00:22:52.266Z","Kaduna","Android","45+"
"269aa74a-c2a5-4ba3-8fc2-82f3ee3db1f6","2025-05-14T11:25:02.970Z","Enugu","Android","25-34"
"f31b1305-4b0e-41aa-8abd-2dc82325c0ab","2024-11-21T21:32:48.578Z","Jos","iOS","18-24"
"5c9c7a7b-880b-4cad-b291-dee4cfd7b412","2024-09-28T11:40:33.827Z","Benin City","Web","45+"
"4dd1b593-bfaa-4b42-baee-6da89be24ae7","2025-05-30T16:01:48.663Z","Port Harcourt","iOS","35-44"
"35a8af7f-b672-45a9-b126-e46f76915668","2025-01-24T13:06:42.982Z","Enugu","Android","18-24"
"5f641e77-552f-4a4e-a65f-5d84408d1130","2024-08-31T10:52:11.088Z","Jos","iOS","45+"
"49a89e25-33e7-4835-aa17-126d17f9e1cf","2025-09-11T01:26:42.069Z","Jos","iOS","25-34"
"c9078f8d-e18c-4c8f-b542-7514a48e5c7f","2024-10-08T22:40:43.015Z","Enugu","Web","35-44"
"006e0b39-7891-4107-b502-fd2a5767dc32","2024-12-12T09:36:16.567Z","Kano","Web","25-34"
"d117a88d-ad85-4f2c-a752-d51b48679074","2026-03-30T01:13:50.848Z","Kano","iOS","25-34"
"fcdfbe0c-b3d1-4fde-886a-2bb526c4d7ff","2024-09-24T01:57:27.805Z","Kaduna","iOS","35-44"
"8249ee38-debb-4669-80bb-ac0567e22872","2024-06-18T00:31:16.489Z","Port Harcourt","iOS","18-24"
"1450b482-2d2e-41e7-88d5-4ce46fcd03f4","2025-05-26T13:31:09.804Z","Enugu","iOS","18-24"
"87bd80dd-9c00-4507-adbb-d403b0d8c66d","2025-04-29T08:30:14.408Z","Benin City","iOS","25-34"
"8198777a-b6f3-492e-8e0d-e76bae76e453","2025-12-22T09:04:18.967Z","Kano","Web","45+"
"ab7db5e7-d389-40bf-aea5-08aefe3d5d5d","2026-01-31T01:41:55.955Z","Port Harcourt","Web","25-34"
"28434759-82dd-46dd-b3e5-89cb928785cf","2026-02-02T08:38:14.378Z","Ibadan","Android","25-34"
"15dd745b-9ccd-47fc-af21-8a3d886397f6","2025-10-21T11:32:56.907Z","Ilorin","Web","45+"
"a4f2704b-4edd-4ec8-aa8d-a42619cc2ed2","2025-01-15T10:26:35.479Z","Kaduna","Android","45+"
"2c8bfb82-557f-4c37-b82f-d5789c4ff0ee","2025-07-27T13:45:10.796Z","Kano","iOS","18-24"
"aedcafc2-b0ed-4f30-b126-c801d3c3cbdf","2024-12-20T05:27:56.950Z","Kano","iOS","18-24"
"b89a0fe4-9cf4-4bc8-94fd-30fa9e80d711","2025-04-30T04:42:02.700Z","Kaduna","iOS","18-24"
"ae338e05-4191-4bf1-9658-8db5d4bbbd8c","2026-05-18T17:32:49.744Z","Kaduna","iOS","25-34"
"28171f98-fa11-4c89-be2f-a810f2cec055","2025-08-02T18:27:38.306Z","Enugu","Web","35-44"
"b1306df9-84b3-4a03-af7d-bc1d768d5c2b","2025-05-29T00:27:57.395Z","Kaduna","Web","18-24"
"7a34432b-9661-48fa-878d-d195ea7ec773","2024-12-29T19:05:48.178Z","Jos","iOS","35-44"
"cc26583e-28c3-4690-9420-30681b01a493","2026-04-03T23:57:33.988Z","Benin City","Web","18-24"
"41576cd6-e79a-4609-a9f3-cc917058e91e","2025-12-15T15:30:25.093Z","Abuja","Web","25-34"
"6df0508b-c35f-4169-87e2-b61728a9f9b9","2024-07-19T13:59:05.828Z","Ilorin","Android","35-44"
"4c77e271-8178-4d2b-9f02-58800364bcf2","2025-06-09T22:08:21.620Z","Kano","iOS","25-34"
"95c16a98-12e8-4f14-9054-0465ee0abd52","2026-03-28T08:44:52.512Z","Ilorin","Web","25-34"
"1bfc2d70-7518-40a7-b318-57dc19436107","2025-12-28T01:58:14.723Z","Ilorin","Web","18-24"
"081c0dd1-ebdb-4cfc-87fe-6b63685e1a53","2024-07-02T02:06:08.894Z","Lagos","iOS","18-24"
"e8e244f0-2330-4d84-be5f-ce9bbdced4b3","2024-12-27T20:30:36.948Z","Benin City","Android","18-24"
"b03945fb-4968-4206-a62a-0deba3f1ded0","2025-07-12T12:34:02.454Z","Ilorin","Android","45+"
"6bcccfb0-c588-44de-a000-8e01f46cb28d","2026-03-14T12:55:03.551Z","Kano","Android","25-34"
"240421c4-dd72-4f1a-9175-f5e072b57d36","2024-12-10T04:32:52.478Z","Benin City","Web","18-24"
"149cc53b-8c6e-470e-ab41-9a43a57c7178","2025-08-11T01:53:19.891Z","Enugu","Android","18-24"
"e4893d3b-c0b9-484c-83d6-34fb91a5d5b2","2025-09-04T07:24:04.884Z","Kaduna","Web","25-34"
"6cf43b36-e1df-475d-a663-038faf804e49","2024-09-14T08:52:54.676Z","Lagos","Android","18-24"
"2fba9651-a72f-455d-a24e-52cfec4e99fb","2024-10-24T12:28:28.618Z","Kano","Android","25-34"
"224a4ab4-5b48-467c-bfa3-850b41f28e76","2025-01-08T11:56:35.117Z","Kaduna","Android","45+"
"9b6be0dd-d9bb-4eb2-a22e-fcda2ff01b1a","2025-02-25T23:01:46.157Z","Benin City","iOS","45+"
"480518a1-9b27-4077-bc97-66dbebe2678e","2024-09-19T15:43:19.821Z","Ilorin","iOS","18-24"
"f4db3a1e-6786-4476-a8e1-c0ef508b1285","2025-06-03T16:00:31.216Z","Lagos","Android","35-44"
"e367f729-6693-435e-9f46-56c966c29b71","2024-12-04T12:43:23.330Z","Kano","Web","35-44"
"169fed5c-f6cc-4b33-8a4a-4f62d9fcfb9f","2026-03-13T05:57:38.227Z","Jos","Android","45+"
"baf8aece-a38a-4883-9ab4-ab2e7234ed46","2024-09-08T03:49:09.523Z","Kano","iOS","25-34"
"746b20bb-55e1-44e7-9b88-f652494e86b7","2025-12-13T11:05:36.841Z","Lagos","Android","45+"
"4243957a-4b16-40aa-97dc-a6bd0c00254a","2024-09-10T09:10:29.224Z","Benin City","Android","18-24"
"ec946c68-1a9f-4e4a-a22f-d9db7bec6bd9","2025-06-25T07:18:36.149Z","Kano","Web","25-34"
"3c240d58-d34b-4318-90a4-7c9ec19d8ecd","2024-09-26T12:53:53.241Z","Enugu","Android","45+"
"2e82ae53-7945-448b-99dc-52509f8f1007","2024-07-24T09:36:07.749Z","Benin City","Android","45+"
"d73ac3a9-dac1-4088-88a0-ffc2d0e0282e","2026-02-15T11:52:09.176Z","Abuja","Android","25-34"
"a8166c2b-f9a8-4f6d-9203-8f5e302c2b9b","2025-01-28T10:27:00.041Z","Enugu","Web","18-24"
"6c435a85-a67b-49a7-a2b5-494135bad863","2024-06-04T18:57:04.165Z","Kano","Android","35-44"
"03704d00-5df1-47f5-8f7d-aa8bf83951fc","2024-07-27T14:36:45.549Z","Enugu","iOS","35-44"
"ab0b5c58-b708-4f18-8cb4-7aedc19b35a4","2025-10-14T15:37:42.580Z","Ilorin","iOS","35-44"
"43d3af5a-214c-46d6-b855-9e565eb9ccfc","2024-09-29T12:52:31.555Z","Abuja","iOS","35-44"
"71f38ab5-503c-4746-8b3b-d303939c673d","2025-09-01T00:50:47.651Z","Enugu","Android","45+"
"24a4bed8-8336-4b1f-b77f-01e867bc950f","2024-08-24T23:09:09.181Z","Enugu","iOS","35-44"
"a56391cb-a348-4411-af74-999d4f9773f8","2025-04-17T17:57:32.550Z","Lagos","Android","45+"
"5a58da63-18af-4921-bbfa-f3f0e4bebcdc","2025-07-28T07:52:54.169Z","Kano","iOS","25-34"
"7f9a82b3-9991-4175-b8e2-840adfe13a23","2025-10-04T09:44:33.641Z","Kano","iOS","35-44"
"253b4c89-0ae2-4354-9330-438e57be01da","2025-05-31T06:51:34.614Z","Ilorin","iOS","45+"
"6bdad316-0efb-42ed-bf97-e99f99358224","2024-08-13T01:11:53.698Z","Ilorin","Android","35-44"
"1f6992ed-9b3c-4946-9d7f-e28925f85e93","2025-05-10T10:35:02.655Z","Kaduna","iOS","25-34"
"0f6fe961-f334-4dc4-abe4-12742eb3a60e","2024-12-12T23:30:27.021Z","Abuja","Web","35-44"
"ceedb89e-e5e5-423f-8845-dcf8245d0cd0","2025-05-05T05:31:33.431Z","Ibadan","Android","45+"
"698a3585-7ebd-404c-8d4d-47a461da9d1b","2025-04-01T04:33:56.107Z","Lagos","iOS","45+"
"abe3e265-cddb-4cf5-8688-37a02b9154b7","2024-06-15T22:29:13.779Z","Enugu","iOS","18-24"
"54286d8c-bd06-44ef-8ba1-893284ed4f4b","2026-03-11T22:25:45.344Z","Lagos","iOS","25-34"
"c81b5ae7-4072-4292-85b2-4b1c9a29e83f","2024-11-30T00:40:49.437Z","Abuja","iOS","35-44"
"3ed6da1a-d137-4b3c-8163-d7efca12b986","2024-08-02T10:29:42.843Z","Kano","iOS","35-44"
"78ff1c00-0033-45ae-9a92-7da3ac5f51e9","2024-09-26T05:02:55.267Z","Abuja","Web","18-24"
"0ffd97c3-cae2-4b13-9d97-8dcc44635338","2024-06-12T01:13:01.882Z","Ilorin","Android","35-44"
"4d63cdb9-3db4-481b-b421-8ea24d25eb59","2026-05-03T18:28:01.644Z","Ibadan","iOS","35-44"
"3611ffae-6d42-4746-9403-84870e7dc0b7","2024-11-18T09:55:04.106Z","Port Harcourt","Web","45+"
"c52db5d4-9869-4069-8315-0b2ebd4f1e5d","2024-09-03T01:09:37.358Z","Ibadan","Web","45+"
"f6bd4b66-5d48-4627-becc-36e9bbf7c6ed","2024-08-09T18:12:37.925Z","Kaduna","iOS","18-24"
"a2e27ea0-4b0f-4f46-ad72-e208fe289e04","2024-08-07T19:47:17.735Z","Kano","Android","45+"
"0fcbefdc-caa9-4988-9079-57b392077a8b","2025-08-17T19:39:57.462Z","Kano","Web","45+"
"04a4a030-84be-4bb6-9366-0d07c3d200d0","2025-03-09T04:44:57.203Z","Ilorin","Android","35-44"
"72b4148f-4759-413e-80e4-273b9dde3a1c","2025-06-24T02:37:07.320Z","Kano","Android","18-24"
"72458963-129a-47f2-8669-1d39ec6f5a46","2026-05-02T03:17:58.229Z","Lagos","iOS","25-34"
"3fa5b9a2-188f-495b-b2db-96531bbd3c7f","2024-10-26T10:30:18.994Z","Kano","iOS","35-44"
"7ae15d96-0bba-46e2-9e78-a786b50c886d","2026-02-19T23:24:41.318Z","Kano","iOS","45+"
"db49d8bf-ea28-426a-81d0-33aee3e78b1c","2025-10-12T13:19:14.916Z","Jos","iOS","25-34"
"a83bec48-b559-47a4-9bf7-d9baca983cc7","2025-07-20T12:34:48.101Z","Lagos","Web","25-34"
"79866723-09a9-455c-b2c3-e7f98ea43281","2025-11-05T01:33:45.220Z","Abuja","iOS","25-34"
"6d9432f3-0e60-4fb7-b491-4c4c397b474f","2025-10-09T03:13:07.645Z","Ibadan","Web","18-24"
"3c99a76b-ded4-4351-8833-ff6f161470f1","2024-08-13T20:16:04.212Z","Benin City","Web","18-24"
"82162691-0bd6-4daa-a86c-dca0637fb5b6","2024-12-08T21:11:46.729Z","Kano","Web","35-44"
"79501df7-9d5a-4a8a-a43c-d9925ec50816","2025-09-30T23:33:44.259Z","Ibadan","iOS","18-24"
"c8aeef89-9aa4-499a-b37e-9d69e8203f03","2024-06-02T22:10:29.732Z","Benin City","Android","35-44"
"fd41ebad-72e2-4744-9837-511b3b78e9c2","2025-02-14T01:03:33.347Z","Ibadan","Android","35-44"
"a1fa4782-b7e6-463a-945e-0822a7849373","2025-06-16T02:06:18.956Z","Kano","iOS","45+"
"8fcf1ab6-e9fe-4f29-8a34-55b25998a558","2025-06-07T18:28:02.883Z","Port Harcourt","iOS","25-34"
"dfba406c-192f-4576-a9d5-d562cca69ae6","2025-01-10T09:50:45.259Z","Port Harcourt","iOS","25-34"
"c6e39223-c8ab-4df5-9132-93baa7ed14a0","2024-06-05T21:57:34.486Z","Lagos","Web","35-44"
"d570988f-b005-4d98-bf17-253cf0359953","2025-09-06T15:35:15.414Z","Port Harcourt","Web","18-24"
"8c775e15-4e92-4885-8ef7-022d397b5fb8","2024-07-02T03:21:12.333Z","Abuja","iOS","18-24"
"69d46a21-d22f-4b17-a1ae-a45578dc7390","2026-04-01T09:29:40.178Z","Jos","Android","45+"
"16b9f78e-284c-4f31-be02-0d3af34ff3d4","2024-08-30T20:25:17.506Z","Kaduna","iOS","35-44"
"9ae42095-7136-4805-95d9-335608c2ebef","2024-10-29T19:51:59.876Z","Abuja","iOS","18-24"
"baee20a1-8be3-4ce3-aee6-f4b88acad41d","2025-06-01T17:26:53.068Z","Lagos","iOS","35-44"
"aad1230e-eba5-4970-aa76-2dee47917303","2024-07-17T06:45:47.504Z","Abuja","Web","18-24"
"171c7bf8-072b-4b9b-a1a5-80188959e62f","2025-02-27T13:16:14.871Z","Port Harcourt","Android","45+"
"59496196-6d97-4c7b-9e75-1ea948804533","2025-12-14T10:35:29.636Z","Kaduna","iOS","25-34"
"a3e7d95e-7b32-4155-aa5f-364d59cf0b7c","2026-04-05T07:11:01.361Z","Port Harcourt","iOS","18-24"
"9dd57008-0a0a-4b58-bea5-76678b34e300","2024-08-28T03:37:40.838Z","Kano","iOS","25-34"
"099c2b26-086c-4a29-a2e6-b9a8a483c4ee","2025-10-29T19:37:03.167Z","Jos","Web","25-34"
"666aa5b7-1d29-4c9a-877b-c1aaa3316dc3","2025-08-24T02:14:00.226Z","Ilorin","iOS","25-34"
"1045bccb-bd0b-4f49-b502-98aa68ed331f","2025-08-16T18:14:29.974Z","Port Harcourt","Android","25-34"
"7fcda795-9dbd-416c-b06f-e46569e0d939","2025-01-29T23:14:17.653Z","Ilorin","Android","35-44"
"d57ba7a0-198e-4faf-b9c0-e711ae7ba17f","2025-07-17T06:23:45.118Z","Jos","iOS","35-44"
"457f2e2a-4e7b-4bb6-b8ea-05812b98f69b","2025-05-21T03:47:06.515Z","Abuja","Web","35-44"
"33828bd2-c768-40ff-ab46-77e71a042dc1","2026-02-20T06:50:30.327Z","Enugu","iOS","35-44"
"8b2d7ae1-4220-401a-ac18-9a6e16eaa185","2025-04-13T05:38:30.926Z","Abuja","Android","25-34"
"238a377c-bde7-4a7f-9959-689a785145d2","2025-06-03T21:02:21.549Z","Lagos","Web","25-34"
"4dc24366-5ae7-431e-974b-12d5be8e2284","2025-03-14T02:10:58.353Z","Lagos","Web","25-34"
"a2bf84d3-09c0-4a4e-8053-d134451c6532","2025-05-28T22:36:44.997Z","Abuja","iOS","18-24"
"f6727fec-c795-4807-b9b4-995a9e09029d","2025-12-23T10:54:25.678Z","Ibadan","Web","45+"
"6675897e-3469-4bea-b7ee-8dce0a8a5119","2025-05-12T13:20:05.221Z","Kaduna","iOS","45+"
"febe0161-4cd8-4f23-91d8-4db7b3b5182e","2025-06-27T21:12:30.256Z","Abuja","Android","18-24"
"de4861b2-e904-45ee-ad20-2091fe500da5","2025-10-05T08:07:28.947Z","Kano","iOS","45+"
"2e4fe702-e5f6-421c-bb7c-386e0c00bb23","2025-03-13T22:37:16.329Z","Abuja","Android","45+"
"14133878-deaf-418c-a3be-edb3d94f2290","2024-12-13T19:15:14.873Z","Port Harcourt","iOS","35-44"
"f59eea35-da42-4e5f-8569-a76cfa413ea7","2024-11-29T03:57:23.663Z","Port Harcourt","Android","18-24"
"22bd6e22-6b3a-4661-89dc-6b3284f65259","2024-07-23T05:23:25.961Z","Jos","iOS","35-44"
"08bc4cad-7a4d-45a1-9bb9-5ea04539f089","2025-10-23T10:35:33.572Z","Lagos","Android","45+"
"85e982b7-22d8-403a-8f3e-ce0c2952583a","2026-04-20T03:25:35.881Z","Ibadan","iOS","25-34"
"21b7b2c0-e225-4b1e-aba3-41ceb9794ccd","2024-11-23T16:04:26.144Z","Ilorin","Android","18-24"
"e1435209-65f6-4916-8ae5-f3abffb27bf5","2025-11-07T22:49:43.069Z","Enugu","Web","25-34"
"29e80b05-c6a8-45f8-8a2b-6fd31638e562","2024-10-10T23:05:39.570Z","Lagos","iOS","18-24"
"9fce5dde-78d9-4a27-9ddf-0aadc7f261ff","2026-01-27T03:29:57.833Z","Kano","Android","25-34"
"7290a315-9096-4f28-a28e-b0a221020310","2025-12-05T00:25:08.978Z","Ilorin","Web","45+"
"47e8e668-dc20-4e67-a3a4-7bbdf3b81198","2026-03-26T01:28:02.786Z","Enugu","iOS","45+"
"072fec4f-934b-4728-968c-288fadf56c1d","2024-11-30T19:50:24.455Z","Jos","iOS","18-24"
"b3db0717-79c7-4607-a540-752274347d9d","2024-10-08T21:24:29.013Z","Jos","Web","35-44"
"dd6b748f-6a1b-49b3-b96e-f32651c73f9c","2026-03-04T01:55:42.151Z","Kano","iOS","18-24"
"e9cbf5a4-d03b-46f0-9307-37454829fce8","2025-06-02T08:59:28.057Z","Lagos","Android","45+"
"58a9c1ed-e8a7-485c-a14f-bd586a82c96d","2025-09-25T02:54:15.936Z","Enugu","iOS","25-34"
"dcff9540-11dd-49f8-8d4f-b225a8c63ea8","2025-11-11T02:09:20.817Z","Kaduna","Android","35-44"
"3995401f-2ba5-49e2-8d69-dcd0d18e24c0","2025-09-08T07:47:51.252Z","Enugu","Android","25-34"
"212f35da-8a6a-4547-931b-461d28895c3f","2026-03-14T08:36:55.309Z","Ilorin","Android","25-34"
"64d0f0db-5095-4993-bc3c-de44cbb05f0c","2024-12-23T00:34:18.605Z","Benin City","Web","18-24"
"81e4406b-cdda-4352-bdc5-878a556226f3","2025-12-26T11:36:21.510Z","Port Harcourt","Android","45+"
"1cdb3259-93a4-4860-882e-f3f3b7f4de60","2025-02-19T17:15:53.597Z","Enugu","Web","18-24"
"145f5e4e-13f3-4c62-84e4-dd2e9c39e0c4","2025-10-06T07:25:30.908Z","Ibadan","Android","35-44"
"a043466e-e649-42ce-a527-86e5ccd82c9d","2026-01-01T21:22:13.203Z","Kaduna","iOS","45+"
"2cf61469-11b8-41dc-9c7a-c1ee32d688fc","2026-05-08T16:40:44.977Z","Ibadan","Android","35-44"
"e8b75ed0-3fcb-4bd8-a8c5-6278122574dc","2024-11-11T17:45:07.647Z","Kano","iOS","25-34"
"33926978-7cfe-4763-a74d-ab3ad4fdc2cb","2024-09-04T08:35:53.960Z","Jos","iOS","45+"
"47259ff2-9db4-4ddc-8945-9f4391b9a28f","2025-12-13T22:32:42.000Z","Kano","iOS","18-24"
"abb78c89-58e1-4c2c-b3a5-dc8cf7f7b358","2024-11-09T23:16:04.289Z","Ibadan","Web","45+"
"f8187938-0ee2-4413-b04d-607d6ca724c5","2025-06-16T00:19:33.196Z","Abuja","iOS","18-24"
"b1f85dc6-a1ce-4c0e-aad6-dce8602fba26","2025-06-01T13:06:03.443Z","Lagos","Web","18-24"
"d2dff85a-1991-474b-b65a-733dc4775304","2026-03-03T08:24:24.893Z","Lagos","iOS","25-34"
"21d633dd-f2a2-43d3-8f23-feaaa8ab7bc7","2025-09-26T02:52:38.675Z","Kano","iOS","25-34"
"26f28be1-cdb3-4b7d-9b6e-5dba35c5fca3","2024-09-29T19:50:57.851Z","Ilorin","Android","45+"
"64485f73-a500-40d3-a1ac-cacd11ce1e65","2024-07-06T09:18:06.228Z","Kaduna","Web","18-24"
"a589a1fa-dbd8-47a1-ba40-ec4d0e5c1c57","2026-03-29T23:08:50.293Z","Ibadan","Web","35-44"
"55cb8a9b-035d-4271-aa65-ed9fad5f35b8","2025-03-30T15:29:18.832Z","Benin City","Web","35-44"
"1ef2d494-88e4-4708-b173-05da11405185","2024-07-05T16:23:55.618Z","Enugu","Android","18-24"
"37a727ff-ed80-43fe-a298-babe6f2dd1a1","2026-02-08T10:48:00.539Z","Enugu","Web","35-44"
"c659d4c9-bf0d-4283-b69b-4f2427b14c23","2024-11-17T20:26:42.896Z","Lagos","Web","18-24"
"7247174d-65b1-4ffa-8bc9-674816da2879","2026-03-04T10:44:58.764Z","Enugu","iOS","45+"
"bd140d47-f8e4-45f6-aaf4-950ed4a827bc","2024-08-23T20:21:23.379Z","Ibadan","Web","25-34"
"04e4ed0a-caba-455d-883d-18b368ca04f6","2025-05-16T00:58:37.830Z","Ilorin","iOS","35-44"
"d4ef12f1-095a-4f22-9a80-34240a6ea4f5","2025-08-19T06:33:42.777Z","Port Harcourt","Android","25-34"
"a3ec9816-3487-4fcd-a0ee-f8e03f3563e3","2026-04-16T06:44:08.602Z","Lagos","iOS","25-34"
"bde6e44e-821c-4bb2-a739-718f613ef597","2024-10-04T03:37:09.261Z","Jos","iOS","25-34"
"0dd43dfb-d787-4887-975d-a08933c16427","2025-05-15T16:19:21.671Z","Abuja","Web","18-24"
"a9dc6e91-77b5-4652-8dea-e4e1f1cc258e","2025-07-25T17:19:21.031Z","Lagos","Android","35-44"
"589855dd-40bd-4dd6-bb51-97d45e8f37d6","2024-10-26T06:01:48.170Z","Benin City","Android","25-34"
"dba13d7f-6f71-4196-a6f6-9fc3c0057854","2025-04-08T09:17:31.632Z","Ibadan","Web","25-34"
"df909680-2c8e-4a3e-abbb-b2d1ca8c12b9","2026-01-11T10:39:20.183Z","Kaduna","Web","45+"
"208b98ac-5c82-4e58-a327-957338d73c47","2025-02-19T23:07:11.332Z","Kaduna","Android","18-24"
"324af02c-2211-47f3-b4c3-9f643806d7b0","2024-10-13T08:57:07.394Z","Abuja","iOS","45+"
"d82b0706-f126-4cf2-9613-e353075df35c","2025-06-13T19:13:36.001Z","Ibadan","Web","45+"
"9b4fd1f9-11a7-4a87-af3c-4025168f1ea4","2026-01-24T21:00:19.182Z","Abuja","iOS","35-44"
"9432cdc0-42a2-4799-877f-c8907b5ca534","2024-09-18T08:42:22.902Z","Abuja","Web","35-44"
"dcba00d5-7c98-466a-812c-749a00a448de","2024-11-04T16:19:59.043Z","Kaduna","Android","45+"
"76fe9d4a-5ce2-4bdf-ab4f-34cc82ee705a","2024-09-03T05:35:17.846Z","Ilorin","iOS","25-34"
"6f1117e4-1aca-43c5-967d-15f7d6c8f358","2026-05-15T20:26:39.878Z","Abuja","Web","45+"
"d7104f53-163e-4277-8c0b-f82b4e352165","2025-03-05T13:08:32.259Z","Kaduna","iOS","45+"
"c4bc33bc-25ea-4d08-8b24-61e0a95bc973","2026-04-01T11:42:19.992Z","Ilorin","Android","25-34"
"3dab4e98-dad5-409c-91c6-fd514cb04f94","2025-05-13T04:06:44.230Z","Abuja","Web","18-24"
"03b3ae78-257d-415c-9639-81bbf73613f9","2024-06-24T04:50:26.212Z","Ilorin","iOS","25-34"
"e6fce903-1cb0-441f-a7bf-891da9e4b690","2026-05-03T08:49:48.579Z","Port Harcourt","Android","25-34"
"32010743-2592-42cc-b53c-104018a93418","2025-05-13T04:20:29.250Z","Ilorin","Android","18-24"
"c5d53cfd-de2f-473a-b5f5-c0e88a55491e","2025-09-28T12:30:41.242Z","Benin City","Web","25-34"
"18e566c3-174d-44e3-a314-e75124c00e5b","2024-08-27T05:31:04.594Z","Benin City","Web","18-24"
"d8345fd6-a84f-4a6c-942d-9c4c9536828b","2026-01-06T21:49:49.386Z","Enugu","Android","35-44"
"6701556a-6375-4604-bd06-a04de1b0a36f","2026-01-30T07:54:45.053Z","Jos","iOS","45+"
"65f694a3-9692-4e13-95c6-be0034768795","2024-07-11T21:00:03.019Z","Jos","Android","18-24"
"c8784004-7c56-418f-b16b-97b182556628","2024-09-02T13:04:22.308Z","Ibadan","iOS","25-34"
"caef2539-aa2d-43cb-955f-b4147042def0","2025-06-28T23:21:05.086Z","Port Harcourt","iOS","18-24"
"e4dd506c-0f07-448f-bd0a-a31f5ff8bafa","2024-12-17T03:19:59.566Z","Kano","iOS","18-24"
"2b96d77b-d3fe-4cd2-9baf-538b8c32f09b","2025-08-14T04:05:12.092Z","Jos","Android","25-34"
"61b3cebe-b91a-4040-a672-e2c1b0de1a3b","2024-10-24T08:25:02.384Z","Ibadan","Web","35-44"
"4e00cc97-a792-434b-88c0-ff6879216f70","2026-04-05T11:10:14.087Z","Abuja","iOS","45+"
"b3483c8b-1435-456c-afd9-7613789b41e5","2025-10-27T06:41:06.181Z","Enugu","iOS","35-44"
"05427a43-c394-4b06-9b38-e855d4ede3bd","2025-11-01T17:13:59.836Z","Enugu","Web","45+"
"2cb38aa1-95a4-4719-8585-df3f9fa1f000","2025-04-28T17:12:09.704Z","Kaduna","Android","35-44"
"ab460392-6ef3-4268-926f-e18afec852f4","2026-01-03T23:17:22.946Z","Kaduna","iOS","35-44"
"390fbf7c-17c0-4a5c-ae9e-7face0e1ffdb","2026-01-10T18:43:22.368Z","Benin City","Web","35-44"
"22cd5ed8-2172-44f6-b5d1-3195f95ad9f2","2025-04-22T06:50:29.827Z","Ilorin","iOS","25-34"
"cf120bc5-929c-444e-a844-f4607ba6552d","2025-12-28T06:31:55.578Z","Enugu","Web","45+"
"138f64a5-1e60-45ef-a305-42d7719fc205","2024-12-20T23:53:46.916Z","Ibadan","Web","18-24"
"28634608-083f-48b4-a2cc-7d576e5f6694","2024-11-06T11:23:14.142Z","Abuja","Android","45+"
"1ac01e21-27e4-441c-b7cd-cd3bd6ddbe12","2026-03-01T03:41:54.594Z","Ibadan","Web","25-34"
"f983355d-9d8c-44ed-a8f8-2d7401fd84c0","2025-05-22T08:30:39.348Z","Ibadan","Android","45+"
"b87004ed-b88f-441c-b82b-432738d18457","2025-09-07T03:09:03.173Z","Benin City","Android","25-34"
"5128c4a2-e243-46fd-8dc6-8f818add0b1e","2024-06-01T18:45:10.768Z","Kano","Web","45+"
"a0af28ca-ea18-4d32-8749-ca773d052e2a","2025-05-07T00:17:53.728Z","Jos","iOS","35-44"
"7982f8a6-85f9-489f-ae9a-de7f45a70a8d","2024-08-29T15:45:01.030Z","Kano","Android","25-34"
"3e674c36-4da3-4ee8-a4fb-b09d5ae9abc2","2024-07-22T06:25:55.101Z","Benin City","iOS","45+"
"f30887e1-f5ce-4a8f-8c81-dce03bfe1760","2026-05-09T06:17:40.932Z","Kaduna","iOS","18-24"
"dc0d832d-0930-436b-9b66-31aa125260f3","2026-05-16T01:21:08.440Z","Abuja","Web","35-44"
"8cc9cc84-ce37-4598-b2b1-8ead2631d6d3","2025-09-11T12:08:12.875Z","Port Harcourt","Android","45+"
"05e258dd-56ea-4379-bf83-62a823eeeda2","2024-07-09T05:00:03.774Z","Kaduna","Web","35-44"
"ff09388e-cf96-469e-991d-ee4fec4340b1","2025-11-07T12:37:24.264Z","Kano","iOS","45+"
"dffe24ff-2390-4408-8e47-24b1ab98757a","2025-09-04T14:32:17.889Z","Ilorin","iOS","35-44"
"cf13598d-5601-4305-a519-0d4325270766","2025-12-19T02:59:28.234Z","Jos","iOS","18-24"
"1c4a01e7-a5c1-470e-b3c7-508b1660cb87","2024-08-10T15:57:12.579Z","Benin City","Web","45+"
"33665465-f852-4bdd-89b7-2df6ce0850ec","2026-02-19T02:08:55.054Z","Kaduna","Android","45+"
"c30597ca-28cb-4ce9-8672-ac61ab673ff8","2024-11-26T00:03:45.670Z","Kaduna","Android","35-44"
"1fd306ee-9e61-44e2-817a-a23abbdda8c3","2025-03-12T16:44:13.317Z","Kano","iOS","18-24"
"c7f9214b-ec0d-4089-a6dd-0908fe62c3e6","2025-11-04T13:44:31.807Z","Jos","Android","35-44"
"7eba477b-171f-43a0-b485-b8d67bd61ab5","2025-11-01T08:18:42.214Z","Benin City","Android","25-34"
"bbed0987-4c34-4e64-9696-a3134d310cd8","2025-02-03T16:04:14.353Z","Lagos","iOS","25-34"
"6f2e1546-04f6-4ebe-9ea2-a3101df011c7","2025-05-18T11:44:42.867Z","Abuja","iOS","45+"
"d8c0945d-a614-42e8-a148-703fbef5d2fd","2024-06-29T17:56:28.422Z","Lagos","Android","25-34"
"158e97e4-dc4b-4b0d-99c5-a4e94d5dddad","2024-12-30T12:18:06.522Z","Lagos","Android","35-44"
"e65e0d76-3b33-4ec8-a990-3f3a1fbc0447","2025-01-31T14:32:23.082Z","Port Harcourt","iOS","25-34"
"e7823ba8-e6ac-4c89-a0dd-7222d12edf02","2026-04-12T10:17:29.837Z","Kaduna","Android","25-34"
"69a3253b-4fac-42f9-af3c-fa2369356066","2025-08-02T18:54:12.290Z","Port Harcourt","iOS","35-44"
"de50fcac-41d5-465b-b63a-5ecb0c2a56be","2024-10-28T05:33:07.934Z","Kano","Android","35-44"
"bc16e020-5171-4373-aa8f-7c13d54f8b13","2025-07-23T12:21:48.695Z","Jos","Web","35-44"
"ff99e799-1e83-4abd-83fc-05db0c308afe","2024-10-17T10:46:17.178Z","Port Harcourt","Web","35-44"
"7f49024b-df72-4c7c-91cc-7ebd77c7f44e","2024-11-06T14:54:16.087Z","Lagos","iOS","18-24"
"11118ae4-0224-4d56-a3cd-33d0a66a2ce5","2025-02-17T02:00:53.737Z","Abuja","iOS","45+"
"dcbb2e38-3c21-441a-8640-a1684221e6df","2024-10-04T05:18:47.420Z","Lagos","Web","45+"
"9b8f10d4-30c0-4129-b5f1-5709015358a9","2026-01-18T14:33:37.704Z","Port Harcourt","Web","45+"
"24445d55-43ff-4afd-83be-a7882c913a3b","2024-10-02T20:39:49.900Z","Enugu","Android","18-24"
"a6f75a4e-6963-409a-9676-d7df1568db30","2024-05-27T12:59:11.484Z","Lagos","iOS","18-24"
"18002513-f3eb-4745-8dd6-07bca7eb9acf","2026-05-15T16:45:23.717Z","Ilorin","Android","35-44"
"2c57a35b-cf6e-4161-80c5-cce662ceac4a","2024-08-31T05:48:38.909Z","Abuja","Web","35-44"
"54c6f748-cd04-45f9-9da8-63a309cf2c68","2024-07-02T08:36:21.621Z","Jos","Web","18-24"
"12407657-19ee-461e-b035-0f004a03c921","2025-09-07T11:59:38.144Z","Ilorin","iOS","18-24"
"03a41281-e9ea-4276-bb90-92e3476af352","2026-01-17T22:44:35.372Z","Lagos","iOS","25-34"
"ee23cc28-0b86-4e7f-b58d-4958b95fe427","2025-05-30T12:15:08.938Z","Lagos","Android","45+"
"2acf18f9-913d-4030-900d-e388b655729c","2024-09-05T17:19:28.919Z","Jos","iOS","35-44"
"edf7b202-7ac9-4b84-986d-3a3547e152ae","2024-11-03T22:08:38.036Z","Abuja","Android","35-44"
"da7c0e29-adfb-4d95-a9cd-f17e6d99d3db","2024-08-30T00:02:13.346Z","Enugu","Web","25-34"
"69fc8594-8a50-458f-a0ab-625d5641fa3f","2025-08-29T09:59:46.926Z","Ilorin","Web","35-44"
"1ea44e38-2afc-4b99-bc0f-a05c9fb10662","2024-08-09T12:06:00.688Z","Ibadan","iOS","18-24"
"d7664059-fbed-41cc-9a8c-e4b8747f6997","2026-02-10T04:21:38.009Z","Port Harcourt","iOS","35-44"
"9efd457c-3886-4b81-8d31-6eebf7b3a2a1","2025-08-17T05:01:29.291Z","Abuja","Web","18-24"
"d76cc969-8c45-4f3c-823f-89affb8468f1","2025-01-20T00:49:35.922Z","Port Harcourt","iOS","18-24"
"e8576c12-bc6d-49c2-8ac0-f9497d3daee1","2025-07-09T20:21:14.109Z","Enugu","Web","35-44"
"24ec3bfb-8afd-400e-b249-8bfa11ae9b0f","2024-05-26T21:17:05.576Z","Port Harcourt","Android","45+"
"8956e215-09c7-48d8-92ca-0eb38ed952cc","2025-03-09T18:11:31.383Z","Lagos","Web","18-24"
"58522846-6e01-41b6-bc88-0d59d4ed12c2","2025-02-10T01:36:41.184Z","Lagos","Web","35-44"
"822d72c8-49cd-4142-b069-69963dded5e5","2026-03-14T01:53:51.323Z","Lagos","iOS","45+"
"f39d1f37-e8ed-48aa-8ee8-5558f928a040","2024-07-29T21:02:58.132Z","Jos","Web","25-34"
"2bf5b181-d455-452f-8f28-8657324f0ae3","2025-07-07T03:09:14.231Z","Ilorin","iOS","45+"
"e4c80c09-fd61-46ed-99df-29c7878680c5","2025-12-18T23:30:08.298Z","Lagos","iOS","35-44"
"775e2405-c85f-4b42-a13e-1b12a3c16e80","2025-02-11T12:20:12.680Z","Enugu","iOS","35-44"
"f4b3e077-bdda-4e3d-a6ef-01f4390ef2cd","2025-05-06T04:05:33.178Z","Kano","Android","18-24"
"5c3698a0-7e98-443f-829a-faf5f3f9f7a7","2024-10-10T15:19:51.134Z","Ilorin","Android","18-24"
"7cc9d3dd-9561-49d9-a7ea-8b4ea84489e0","2025-02-22T18:19:38.373Z","Abuja","Web","18-24"
"26373c51-4ba0-4faf-b9a9-ed81eb048026","2025-10-31T20:36:39.096Z","Kano","Web","35-44"
"5f3834e3-fecb-44aa-b486-bab0b7c9428f","2026-02-18T13:02:03.133Z","Jos","Android","25-34"
"236fcac5-3415-4d36-8971-b71f732cd87a","2024-11-13T18:25:37.778Z","Port Harcourt","Web","35-44"
"6ba74bcb-d8d9-4f86-8e5b-64254e5fefec","2024-12-28T00:10:33.919Z","Kaduna","Android","45+"
"f7255ea4-167e-4527-acd8-43eb35f9965a","2025-07-19T19:24:19.724Z","Kano","Android","25-34"
"03bc93bb-83b6-4d6e-a8ad-7859142d161e","2024-06-01T01:40:53.676Z","Enugu","iOS","18-24"
"392de3c7-18d7-42e5-850d-b264b957fedb","2025-03-01T17:58:14.449Z","Kaduna","Android","25-34"
"535afe24-c295-461d-aae9-25fe93cbbf79","2025-08-31T07:12:19.181Z","Benin City","Web","25-34"
"5ae25f28-3cc0-4651-a56f-639eada15f1d","2025-03-17T14:38:00.498Z","Ibadan","Web","45+"
"754aac2f-78bf-4f19-aed0-091f4d2e9de3","2025-06-26T12:27:12.370Z","Jos","Android","35-44"
"f387b79f-36d7-4b3e-96ee-8ef3637789b1","2025-08-17T06:40:19.748Z","Lagos","Android","35-44"
"38bf8b46-6d9f-4b14-95f0-89d1b4b5720d","2025-12-18T21:46:59.513Z","Port Harcourt","Web","35-44"
"3a9e5682-1972-40cc-997a-76663df09f2f","2025-08-28T04:35:46.715Z","Enugu","Web","18-24"
"f5184d8c-6996-4969-9d34-e39f655ea97a","2025-10-06T18:40:14.231Z","Enugu","Android","25-34"
"172b83ca-6ead-46e8-9360-4b9ac22ea4f3","2025-11-07T23:35:56.070Z","Lagos","iOS","18-24"
"b0ae8414-ad31-4ed9-b128-456853c8d03c","2024-11-01T13:14:00.899Z","Kaduna","Web","18-24"
"226b564a-a2d9-44d6-9ca4-e95a7e514271","2025-10-07T07:12:46.643Z","Jos","iOS","45+"
"30229907-3258-40f8-8cce-9adff0015b1c","2025-05-20T01:48:06.715Z","Ilorin","Android","35-44"
"821d420f-d399-4f8a-afec-ef7a0da3210c","2026-04-12T21:59:25.410Z","Benin City","Web","25-34"
"1a956911-3216-4de3-8f03-1b306974c4fb","2025-09-24T13:14:20.921Z","Ibadan","iOS","25-34"
"7bce735f-2fc8-4230-a0de-678061b1116a","2025-06-11T10:37:03.059Z","Kaduna","Android","45+"
"1b5140b3-c6f4-4f66-95b3-78cbd3fd17fb","2026-02-03T08:18:17.111Z","Port Harcourt","Web","45+"
"0a1c17fd-3ed4-4d1b-9d3d-620697b8f7e3","2025-03-02T03:39:44.871Z","Kaduna","Android","18-24"
"095acb56-e7ab-4969-8f4b-b866bdf01f94","2025-04-19T00:44:46.808Z","Lagos","Android","18-24"
"a38d2a05-e177-4dc9-97ef-ac691b7b3121","2025-07-19T01:51:05.776Z","Abuja","Web","35-44"
"979b0042-28f5-449b-ac1c-f83f01f76715","2025-07-16T18:29:17.315Z","Enugu","Android","18-24"
"960554db-61c1-434d-99fb-62a96bb0d928","2026-01-04T02:13:48.006Z","Port Harcourt","Web","35-44"
"ae5ef31a-76f4-40e7-85b4-7aaea8ddf9ea","2024-06-01T04:59:24.473Z","Benin City","iOS","35-44"
"d16d4a62-a673-420c-a7e6-f5178b652fe4","2025-09-16T02:39:48.620Z","Ilorin","Web","18-24"
"b16f58a3-718f-4a7f-9520-ae121ef2bc29","2024-05-28T01:40:49.060Z","Ibadan","iOS","25-34"
"98afdfbb-d8c3-4bda-aa1a-7fd972310610","2025-01-31T15:33:33.786Z","Enugu","Android","25-34"
"dd05c91f-1db1-4859-9fad-0ad55d250537","2025-06-18T19:50:54.049Z","Kano","Android","18-24"
"0022ede7-7aa4-407d-b2c1-76f7f31f68ed","2025-01-29T18:44:10.305Z","Kaduna","iOS","35-44"
"4e049a65-e2a2-446b-8266-3448d9eb492f","2024-12-06T13:14:02.211Z","Port Harcourt","iOS","35-44"
"2a2ae82f-751c-4b44-afd7-7d7e7932db8c","2025-01-13T02:45:51.925Z","Kano","Web","35-44"
"23cfb5a9-d2bb-42cf-ab7b-7385daf4a60b","2025-01-11T07:30:54.017Z","Abuja","iOS","35-44"
"49da63af-9c72-4690-a97e-c7bc98c8f74d","2024-09-14T21:01:30.634Z","Benin City","Android","25-34"
"90aa42a6-ea5a-479f-a0d4-4b82229b14ba","2026-03-02T21:51:36.869Z","Jos","Web","45+"
"e89a1753-9666-4900-8b35-8231d07d4d90","2026-03-11T13:53:31.931Z","Jos","iOS","25-34"
"89f27e6a-4413-419a-bb3a-6685555f5bc7","2024-08-29T12:10:57.275Z","Benin City","Android","35-44"
"5927f010-d607-4b56-9af2-3224a6cd9edd","2025-04-24T13:37:44.554Z","Kano","iOS","45+"
"563d0341-6b20-44f9-806c-ba67127a35ea","2024-06-27T13:29:49.512Z","Ilorin","Web","35-44"
"af33bf91-d02d-462b-8cc7-01ba43d3a231","2025-06-28T15:44:07.286Z","Jos","iOS","45+"
"f326b2eb-722f-4993-868e-dc2907ebef2c","2026-01-14T17:00:45.394Z","Enugu","Web","25-34"
"065f63d8-c240-471c-85a7-7080d1ac9017","2025-06-07T18:49:30.007Z","Ilorin","Web","35-44"
"e391a57f-6225-40cb-a0d8-2f959c1c423a","2025-07-15T17:18:17.501Z","Lagos","Android","45+"
"d1415d65-9889-43fa-858c-073ed8fea41e","2024-08-09T11:26:46.827Z","Ibadan","Android","45+"
"9af691be-1f39-4af8-a7b7-7efc9f75e883","2025-03-30T07:23:52.534Z","Abuja","Android","18-24"
"e0aa1a56-6010-4478-ae38-0e4c96c8ff5f","2025-02-15T21:36:36.129Z","Lagos","iOS","35-44"
"d61b1ab4-0176-4a4c-94ad-0f8380fce69f","2025-08-03T11:44:41.643Z","Kano","Web","45+"
"3103c606-722d-406a-88b1-f9c1c2841e42","2026-01-09T11:04:23.607Z","Lagos","Android","25-34"
"90523626-48d7-425a-b657-49f744763a11","2024-08-28T10:42:22.495Z","Kano","Web","18-24"
"b879f3a2-d2ac-4a3f-b336-c4418d70c9fe","2025-09-14T15:05:21.985Z","Kaduna","Android","45+"
"96fa668e-6282-4b4e-83b9-e271cda92cd7","2025-02-25T15:52:07.532Z","Ibadan","Web","25-34"
"bfa74782-eddc-44db-96fa-4d0cdf9ad2c7","2025-01-31T09:37:29.243Z","Port Harcourt","Web","45+"
"846b1c8b-91c4-46de-94c2-e20e5bc93464","2025-09-10T19:14:52.733Z","Abuja","iOS","45+"
"24e6d176-13eb-4413-91ee-b4c973cc5807","2025-11-22T05:54:21.206Z","Lagos","iOS","45+"
"c472927b-0289-48a8-8ead-829acf890c3c","2025-06-24T15:09:33.345Z","Ilorin","Android","45+"
"1812dbb9-63dd-4078-93da-77d09de4ff0f","2025-12-15T05:18:29.415Z","Lagos","iOS","25-34"
"6a99bfa3-944f-4255-b257-5875f5b18add","2025-07-12T16:04:34.690Z","Enugu","Android","35-44"
"17eb4baf-28de-4043-b963-201dc10a07e7","2024-12-07T12:18:05.133Z","Kano","Web","18-24"
"ed58b7b0-33f5-4892-b8d9-42c1b6b2eb86","2024-07-05T15:35:59.716Z","Abuja","iOS","45+"
"cf870453-7b98-41c2-801d-ea8221e00881","2024-08-24T18:02:37.459Z","Enugu","iOS","45+"
"35cdbc4e-936c-427d-bc97-c187f4772213","2024-11-18T22:25:30.054Z","Ibadan","Android","25-34"
"c390aefa-391b-4e3f-b955-b79ee5f4bece","2026-01-22T08:12:46.516Z","Enugu","Android","45+"
"badce3ea-4019-4167-8dcd-5613b7d5fd70","2024-10-31T14:02:53.014Z","Kano","iOS","18-24"
"a286e2c6-99ad-4bf6-ace7-f74f89386c0b","2024-06-29T00:05:09.456Z","Enugu","Web","25-34"
"b90b90ea-891e-4479-b331-da67b4ddfb01","2026-02-21T13:36:50.075Z","Enugu","iOS","25-34"
"57012d2c-9016-4816-9465-5b58a81dc0c6","2025-09-16T02:53:21.118Z","Jos","iOS","35-44"
"141e028b-d9d9-431c-b1a5-d21c9461fb71","2025-08-03T18:28:37.894Z","Lagos","Android","18-24"
"23aa2bbc-ffe4-4e9e-8d80-bb0cbfe68508","2025-07-29T00:38:16.843Z","Ilorin","iOS","35-44"
"94882a5d-ba59-4827-a2d8-5b0dc4180073","2025-07-01T22:33:43.996Z","Lagos","Web","25-34"
"c381ecf7-5c0b-4083-a789-d985f69872af","2026-03-18T09:29:40.993Z","Abuja","Web","35-44"
"61566976-17f4-4640-854c-edb42b9dbaf9","2025-12-06T01:43:39.377Z","Benin City","Android","35-44"
"57a95398-2212-4b24-a591-8855e4ca4250","2025-08-25T18:21:10.907Z","Jos","Android","18-24"
"30a05033-1bbb-4361-8037-e87406cb4740","2024-06-28T12:57:56.885Z","Jos","Web","45+"
"815ccb79-697b-42e4-8229-2785750c318a","2025-12-10T13:09:51.814Z","Kano","Android","18-24"
"8815ca83-9a15-48b4-957f-df946b943d81","2026-01-20T00:25:26.911Z","Kaduna","iOS","25-34"
"3533545a-2841-4bf0-8afb-0ad9aad4387e","2024-09-18T06:21:02.505Z","Kaduna","iOS","25-34"
"5307c646-bc6d-4c04-aa9e-7109ef9f41a4","2025-10-13T22:02:40.064Z","Jos","iOS","18-24"
"542b969f-29cc-4945-9873-76987e17d745","2024-09-21T11:11:52.711Z","Ibadan","Web","45+"
"1f7edb3a-2116-448c-bbb1-0ebc9b337240","2025-10-13T03:43:46.658Z","Benin City","iOS","18-24"
"c3bb7c3c-c3f5-4fa6-8a2f-4c82361ca2ec","2024-07-20T11:13:47.259Z","Ibadan","iOS","45+"
"8836e6ff-c92c-4be8-a26a-51074606e656","2026-05-02T07:56:18.279Z","Kaduna","Web","45+"
"54c53aae-02da-4681-80cc-d55387d1df30","2025-10-06T09:03:42.777Z","Port Harcourt","iOS","45+"
"e5e36603-4424-4500-870c-3e693072b6ac","2025-01-14T22:20:52.841Z","Port Harcourt","Web","45+"
"9c2b77ed-88e3-45d8-8915-b6edf9fb3bb1","2025-11-29T10:34:54.758Z","Enugu","iOS","45+"
"0f59b9ec-3b73-4876-95ea-a067e9e5a8a9","2024-09-01T21:00:05.720Z","Abuja","Android","18-24"
"4ad9cbe5-83fc-49c7-987c-9a0cf79675e7","2025-06-02T19:39:36.153Z","Kano","Android","25-34"
"e60df403-c797-4631-9cc9-ca4a59756c54","2025-12-27T00:26:57.259Z","Ibadan","Android","18-24"
"40f2a92c-b05d-4937-bc25-bd210fbdcbb3","2025-08-28T22:42:54.802Z","Abuja","iOS","18-24"
"d3ac81f4-2350-4441-a7c4-1c68c6446bad","2025-05-21T22:28:29.905Z","Lagos","iOS","25-34"
"698a0671-1ffc-4ed5-8167-9bd8c55891ad","2025-04-29T07:35:56.579Z","Enugu","Web","45+"
"03926e9d-3a90-4fc2-9b79-9d14dfb5d46a","2026-04-10T23:46:58.912Z","Ilorin","iOS","18-24"
"4fcf8a9f-5e1b-469b-a217-50daa5f2231f","2025-08-23T15:35:40.363Z","Abuja","Android","18-24"
"cf6ad44c-107e-419a-9d37-e61cef7477a0","2025-12-11T05:37:51.444Z","Ilorin","Web","25-34"
"8a061d5e-14f3-483d-90db-f52306dd9940","2025-05-30T05:44:45.592Z","Kano","Web","35-44"
"7d5e04da-f17d-42c4-af3d-a31cf718ad68","2025-05-24T06:14:42.404Z","Kano","iOS","25-34"
"e8857a29-272e-48bf-94d1-aa8ce163469d","2025-11-02T23:18:02.147Z","Jos","iOS","18-24"
"1167d30d-b2f9-4709-9c31-8553e4585098","2025-07-31T00:41:13.359Z","Lagos","Web","18-24"
"8bc99b56-3a1b-4df9-8ab3-7c0a327d6216","2024-10-28T21:45:18.060Z","Ibadan","Android","45+"
"c91f0b50-d260-4b4e-bd6f-3bc73acf2b6b","2025-09-21T00:40:06.105Z","Jos","Android","25-34"
"f7da5fb9-0b32-4904-ae82-8a6f353dd609","2024-07-29T14:33:28.796Z","Port Harcourt","iOS","25-34"
"d79390de-344c-41b5-9635-fce76bbc92b5","2024-12-04T17:11:59.188Z","Port Harcourt","iOS","25-34"
"5c259001-3ef6-4d2e-a1f6-43d6ba93c007","2024-06-22T00:39:39.443Z","Benin City","Android","25-34"
"a3ae3dd1-7d1e-4a29-98a8-311a7626677c","2026-03-28T06:41:06.459Z","Kano","iOS","35-44"
"449f5834-ecfe-44dd-98c8-e4c770885ac9","2024-06-05T09:58:27.539Z","Ibadan","Android","35-44"
"6b78b78c-9963-4c27-aab9-3d12fd3096b4","2025-06-03T10:44:49.700Z","Kano","Web","18-24"
"f0581069-a6b8-4e41-bcc6-c43ef1ccf9ac","2025-07-17T19:10:11.910Z","Kaduna","iOS","18-24"
"27aaed5c-c194-4ce9-96e6-a52e4d1f5e7d","2024-09-02T09:05:36.501Z","Lagos","Android","35-44"
"44c073b9-02b3-4b35-9366-c9ede4b3def2","2025-06-18T23:10:41.467Z","Kano","Android","35-44"
"8d9a26ae-54de-49d5-a971-562bce621a94","2025-04-21T05:11:11.760Z","Ilorin","Web","45+"
"04b1490c-5557-4e6c-ac69-9b7eb72d151b","2024-09-09T18:06:21.164Z","Enugu","Web","25-34"
"418d0faf-91d1-4541-a0b0-a4b9daa8b9bf","2025-12-15T06:51:52.251Z","Kaduna","Web","45+"
"c2b8d725-3041-4584-bcc2-bc616db65a80","2026-02-03T22:07:27.578Z","Port Harcourt","Web","25-34"
"0ddeff09-4510-4803-9929-3d664b236342","2026-02-03T03:13:22.983Z","Kano","Android","18-24"
"fc8b9a96-1ff3-4fd4-b229-4254006529da","2024-09-26T04:37:52.457Z","Kaduna","Web","35-44"
"7b08d937-bf60-4f47-b397-b364833a620c","2025-08-17T00:59:55.014Z","Port Harcourt","Web","25-34"
"0bc7bc46-6eba-42e7-a5f3-c672f871a7c0","2024-09-30T14:15:58.459Z","Kano","iOS","35-44"
"6e6358eb-037b-4248-867d-2d2b4581b34c","2024-08-30T07:49:03.592Z","Kaduna","Android","25-34"
"cb2f5899-034e-42de-b836-b7f7265f55c5","2024-08-01T03:47:06.883Z","Abuja","Android","45+"
"a4b837f5-2e73-446a-b4e5-07ded206a451","2025-01-24T20:23:18.869Z","Enugu","Android","25-34"
"2cff670b-c107-4afa-9544-3734d54a7a49","2024-09-16T12:40:54.491Z","Ibadan","Web","45+"
"04147a07-03b0-4b35-aa05-a48abf433be0","2025-03-15T13:32:32.719Z","Port Harcourt","Web","45+"
"13abb877-52d4-4645-9012-e782b2e9c6ca","2024-11-17T03:39:44.665Z","Ilorin","Web","35-44"
"01b2d83f-7eed-4d43-b266-29eba2164300","2025-01-17T06:50:29.489Z","Enugu","iOS","35-44"
"4b097ac9-8a12-40c1-ad92-62683fcbddfb","2026-02-03T23:21:30.059Z","Benin City","Web","45+"
"0ee358b2-58c7-4f46-b3b5-d012691a611b","2025-12-03T11:58:54.315Z","Ibadan","Web","35-44"
"f944eb04-c34d-414c-9ae1-780d5f1029a7","2025-01-22T10:57:49.703Z","Kaduna","Web","18-24"
"23812bab-2083-4aff-ad3a-623553cc855f","2024-07-02T00:33:53.808Z","Kaduna","iOS","35-44"
"6f3da5e5-2247-4f5e-831d-391ce1e9d27b","2025-05-23T01:05:08.913Z","Kaduna","iOS","18-24"
"1fbe4b54-3eb1-4300-951e-4e3d44d13ab9","2026-01-06T17:13:23.195Z","Ilorin","iOS","25-34"
"5a48c9a4-7d56-4508-b225-cf2e511c59b9","2024-11-12T23:32:19.273Z","Enugu","Android","25-34"
"c0b7e79f-3e81-4f42-ad9c-402b09f392d8","2024-05-28T07:11:03.181Z","Ilorin","Android","45+"
"a2c0dda9-6596-428a-8695-dbfc2e66dbee","2025-05-12T12:46:09.681Z","Jos","Android","35-44"
"8485acbe-b876-4ca0-b0f2-280d61c874cf","2025-06-05T20:35:21.098Z","Lagos","Web","18-24"
"8cdfb438-aedd-4dff-8351-2f32dfa1494c","2025-05-03T02:08:09.463Z","Enugu","Web","18-24"
"b2818964-709c-44a7-a589-810e044f8a10","2024-12-18T10:40:47.795Z","Jos","iOS","35-44"
"a26de7f0-fccc-4291-8015-05a5a125349a","2025-04-05T17:50:10.457Z","Ilorin","iOS","25-34"
"2cd9deea-a8f1-4e1d-82eb-1f9ce5aa98dc","2024-12-15T07:49:44.606Z","Abuja","iOS","45+"
"ae3eda37-b2e8-4a9f-abde-914add504cd5","2025-07-09T10:11:33.808Z","Port Harcourt","Android","18-24"
"2b7439e3-e0cf-4dbc-84b7-22d901280969","2024-11-01T14:08:13.755Z","Ilorin","Android","45+"
"0f80e09f-db80-4513-8478-c5e172ea34d2","2025-02-15T21:26:00.327Z","Port Harcourt","iOS","45+"
"bf491f4f-12bd-49d8-b6a0-074191fbb629","2025-04-21T02:53:13.836Z","Abuja","Web","45+"
"d39e1043-9b58-4bed-8284-bea86bfa253e","2026-05-07T19:19:54.924Z","Jos","iOS","18-24"
"5783f26a-e090-426f-850c-3ed8fefe0967","2025-12-17T02:10:28.261Z","Ilorin","iOS","18-24"
"defc4699-71fd-4a13-99eb-9c5939f6af89","2025-07-27T08:02:07.237Z","Abuja","Android","25-34"
"d40acc2b-bb81-406d-b52e-e07ec0042b5c","2025-10-05T21:24:59.579Z","Enugu","Android","18-24"
"3d2671c9-af85-42e7-a5f4-287b1ac78c84","2025-01-12T22:03:53.698Z","Kano","iOS","18-24"
"3837b67a-53ff-4616-8597-f92362341fe9","2024-11-18T14:05:23.545Z","Port Harcourt","iOS","18-24"
"e3036dba-bb9e-4fb4-9a9e-9a1baaf8544d","2024-11-27T03:27:28.226Z","Abuja","Android","25-34"
"9c238ee1-136f-4102-a3f1-af3513c5f3fa","2024-09-08T09:11:33.538Z","Ilorin","Android","45+"
"ac17e88f-2d6a-48d1-ac5f-bbe2c1d0fff8","2026-01-01T06:53:03.920Z","Abuja","iOS","45+"
"7ac9e1f6-9076-4088-a046-e34ad405b054","2024-06-27T06:04:03.784Z","Lagos","Web","18-24"
"2a47f838-465d-42bf-9d8d-3b8f89c05912","2025-05-02T05:25:23.107Z","Abuja","iOS","35-44"
"69584b22-0ed5-4773-ae16-e1eb751e7dbd","2024-07-11T21:22:52.770Z","Port Harcourt","Web","18-24"
"eac6a917-4429-4fb7-845e-db431793f471","2025-10-02T19:02:37.411Z","Ilorin","iOS","25-34"
"4bd91547-2c4d-48cc-8d95-e9dfb4c6376c","2025-06-30T09:52:38.757Z","Lagos","Android","18-24"
"dd0062eb-3670-4c7a-890f-f30cf3787b2e","2025-07-28T17:02:22.934Z","Kano","Android","18-24"
"30dd664b-3105-4526-b44c-5b023649c78e","2025-05-11T12:32:54.042Z","Abuja","Web","35-44"
"ce17e162-4a11-4820-b66a-b4896240f3d1","2024-08-20T16:56:54.206Z","Port Harcourt","Web","45+"
"0099c589-0b8c-41d6-8bb5-e9e67c7a79ac","2026-02-21T15:12:54.577Z","Abuja","Android","35-44"
"ba613c9f-896d-4fed-a21f-179144be6f31","2025-11-06T08:39:32.690Z","Abuja","iOS","25-34"
"b2ee8afa-a134-450c-a2c2-2590ed06f496","2024-10-17T16:43:15.095Z","Kaduna","iOS","25-34"
"c2c91080-7c34-448f-bac3-0b39a25331a8","2026-03-15T19:37:05.560Z","Kaduna","Web","25-34"
"7f2282be-bdcc-4e76-a1f9-e595022e8119","2024-10-30T11:02:53.865Z","Enugu","Web","35-44"
"bd33abc9-61aa-4b81-9e9d-fc7814e793b1","2025-06-04T09:14:24.316Z","Port Harcourt","iOS","25-34"
"b80932dd-1a45-4b89-be80-542209ea9ffe","2025-10-11T11:36:19.318Z","Abuja","Web","35-44"
"2fee36bd-df6b-4c76-a886-d7464e505796","2024-08-19T22:52:57.555Z","Kano","Web","45+"
"b1aa230a-f057-44ac-a6b3-67a9d9d2bb73","2024-06-05T18:17:40.123Z","Port Harcourt","iOS","35-44"
"0938d321-9387-4478-a215-fdfccc42f2ed","2025-07-29T17:20:43.624Z","Ibadan","Web","35-44"
"84feda5b-f38b-4b99-abb3-a2c2fe75adef","2025-09-30T15:41:26.742Z","Ibadan","Web","45+"
"beee413d-9eee-46b8-a771-e91a0f900244","2025-10-03T07:21:38.880Z","Jos","Android","45+"
"589b1273-7062-4468-97c5-14be56f4f3dc","2025-08-10T19:24:00.273Z","Benin City","Android","35-44"
"c2f56262-c8a7-41b4-91ca-51ec787dc863","2024-11-01T07:25:44.925Z","Kaduna","iOS","45+"
"0763d86e-35ce-4702-bedf-f1560e53a749","2024-05-25T19:54:09.241Z","Enugu","Web","45+"
"f75c9494-9e7f-4de8-a521-993efdb9438a","2025-12-15T18:09:55.992Z","Benin City","Web","35-44"
"e250372b-d1bc-47b5-9f44-7e5ab0379197","2025-07-15T23:52:51.103Z","Port Harcourt","iOS","45+"
"a45e582f-bd44-4a0a-b374-8591a0fad970","2024-11-24T05:07:27.029Z","Kaduna","Web","25-34"
"8b21e9b4-47bc-461f-a70e-b80e0ea07d93","2025-12-13T19:03:42.426Z","Port Harcourt","iOS","25-34"
"ab10e855-a608-46f0-bb06-43667e24a2d3","2024-12-21T11:35:37.135Z","Lagos","Android","35-44"
"688ea251-bc16-441e-9576-629aee27acbc","2024-12-25T04:48:28.111Z","Kano","Android","35-44"
"a1545396-650a-4f1c-81e1-894a194fccd6","2025-04-03T20:22:46.513Z","Ilorin","Web","25-34"
"49dcd895-5054-4937-a0a5-2a9164a4abff","2024-06-08T00:45:13.534Z","Enugu","iOS","35-44"
"46a1bc80-16cb-42b9-9b3d-28f4f63c8cd8","2024-05-31T05:17:14.044Z","Port Harcourt","iOS","35-44"
"66903207-a174-4869-9d2e-3c0b7b7944c7","2025-09-08T00:24:20.347Z","Jos","iOS","18-24"
"36d933ec-b056-4534-8710-cb58136cc1a5","2026-05-03T15:44:51.056Z","Abuja","iOS","35-44"
"27a96607-0b28-47ea-8962-1566ce81b63f","2025-01-03T00:59:02.998Z","Port Harcourt","Web","45+"
"d7982999-b468-4df9-9f49-49df7026dd72","2025-11-03T03:49:53.563Z","Enugu","Android","35-44"
"4a113593-0bfb-4f87-b6b4-c1c51dd0bb8b","2025-05-07T11:42:45.126Z","Jos","Web","45+"
"0e0e7d00-1fa1-4797-b02b-783a7a0c64f7","2024-08-03T16:48:24.792Z","Kaduna","iOS","35-44"
"df53b99d-e5b6-4aee-959e-706e0cdfa6b4","2024-06-28T13:42:27.919Z","Abuja","Android","35-44"
"8a4cdde2-8b42-46c6-a02c-85a43cdcb458","2024-07-15T06:32:24.742Z","Benin City","Android","45+"
"bfd36235-4bb5-4e52-bb3d-9df529fe6bd1","2025-10-07T03:36:34.540Z","Benin City","iOS","25-34"
"8a1730c5-3293-4942-b2d7-8fec865425c5","2025-10-03T05:37:10.869Z","Kaduna","iOS","18-24"
"87d4ed32-41b4-4d51-90e4-c80576a6acb3","2025-12-18T05:46:25.435Z","Kaduna","Web","35-44"
"505b8614-4bdd-4f40-aff4-2bb21f73bf64","2026-04-05T13:36:51.663Z","Enugu","Android","18-24"
"bb568fd2-88e3-47e2-82eb-d6c3de72e3d7","2025-01-14T20:20:34.811Z","Kano","iOS","35-44"
"447433e7-d401-417b-8dab-0cc757d84e9e","2024-09-16T15:36:44.961Z","Kano","Web","25-34"
"2c273f0e-0b84-4688-b655-9449fe836ab4","2024-07-28T09:56:51.846Z","Ilorin","Android","18-24"
"84f789a7-b3d5-4fcc-b485-f0115b416ff5","2025-12-15T06:47:41.877Z","Kano","Web","25-34"
"e806fd3c-7447-4976-a896-405cd8c25944","2024-08-17T10:51:53.629Z","Lagos","iOS","45+"
"32060237-2d9a-4b9b-8f44-a149e4ed66e0","2025-09-03T13:23:47.255Z","Ibadan","Web","25-34"
"3b2813f7-0608-48c6-9bc9-d9014f4f7e5f","2025-06-09T11:41:03.315Z","Port Harcourt","Android","25-34"
"3a7c5859-0e0d-463b-a15b-6fd50de99c70","2025-10-01T05:40:15.581Z","Kaduna","Android","45+"
"0dcbbb1a-22dd-4fea-b70c-ade5771c4393","2025-12-03T12:24:09.025Z","Ilorin","Android","45+"
"d04efee7-0314-4158-ac9f-bc90a9488360","2024-09-22T14:52:43.474Z","Enugu","Android","18-24"
"3c79955b-0dbc-4213-b9a0-cb9326b9abf4","2025-05-06T21:29:02.863Z","Lagos","iOS","18-24"
"a2594008-b37e-4031-8d02-8a3b566e651c","2026-04-20T08:23:11.975Z","Enugu","iOS","35-44"
"d302424c-6f16-464b-bd31-51dd15fadbbb","2026-02-23T04:27:29.151Z","Kano","Android","25-34"
"40931d08-6ff1-412c-a310-3af72997df7a","2024-11-12T13:30:59.320Z","Abuja","Android","45+"
"7adc7344-d414-4312-906d-386245c3ddde","2025-04-02T12:37:00.272Z","Kaduna","Android","25-34"
"ee7bb876-4f75-4775-8659-536aa47f6931","2024-06-26T01:17:07.519Z","Abuja","Android","25-34"
"7f224535-2196-40e8-aa9f-f9f3fb4f831f","2025-05-05T15:53:12.654Z","Jos","iOS","18-24"
"9990e869-f640-4353-a561-d0c3effef76c","2026-03-12T09:51:15.613Z","Lagos","Android","25-34"
"a13298bf-759c-4196-8ab8-7aaf5f24c689","2025-06-28T07:51:04.775Z","Benin City","Web","35-44"
"424ad559-2ae7-4e6d-b950-94b64ed83f49","2025-12-17T01:45:28.759Z","Ibadan","iOS","35-44"
"af7e87cf-8252-497e-bbd6-4d2f333959fa","2024-06-01T22:46:38.282Z","Lagos","iOS","35-44"
"dfa8b99a-9459-4702-90ae-a914f9af8e2e","2025-09-01T01:06:30.310Z","Ilorin","Android","35-44"
"18c50079-931e-4961-83db-eba83b836b1c","2024-07-04T15:44:13.269Z","Enugu","Web","18-24"
"8b526870-f04f-4ef6-9448-8a3aee8a0d8e","2025-03-24T23:42:57.114Z","Port Harcourt","Android","18-24"
"bffb5c0b-34d9-470b-b67a-1e2373aec5e9","2026-02-11T15:55:00.557Z","Enugu","Android","35-44"
"03cb6dab-1d00-4f5a-86ce-3655ea705c73","2025-03-23T23:31:15.118Z","Ibadan","iOS","25-34"
"0d96ee49-d130-4222-b48e-cbe55a23c568","2024-05-25T21:11:38.768Z","Lagos","iOS","45+"
"0c60c2df-9809-47a9-86d2-e9ab6a72b3ca","2025-02-03T01:20:35.198Z","Kaduna","Web","35-44"
"b05c6f3f-06aa-43d8-844f-f8754fceed69","2024-06-18T22:06:34.700Z","Ibadan","iOS","18-24"
"c7eb5bca-7c9d-4dc8-b149-998a5e3fd136","2025-10-22T06:15:38.275Z","Lagos","Android","45+"
"214d3e82-1f43-4672-8cb8-3cf0a06415ab","2025-08-06T09:34:10.649Z","Ibadan","Web","45+"
"94810655-e18b-40bd-9a7d-6f68944c8846","2025-05-21T03:43:37.571Z","Enugu","iOS","45+"
"6eacb696-9a5f-4977-820e-7370eb8fa640","2024-08-06T10:30:33.251Z","Benin City","Android","35-44"
"65ae9da8-721d-47e1-886e-ee1c3538cea5","2026-04-25T23:09:57.074Z","Lagos","Android","35-44"
"7e7c14be-8f82-4514-a441-ab79b498f216","2024-09-16T06:29:32.058Z","Lagos","Android","45+"
"0bba08d2-eb9b-4983-8012-f02170dad398","2025-04-24T02:05:36.983Z","Ilorin","Web","25-34"
"ac08e0f8-f50e-4d30-8e03-616caf7f9479","2025-08-07T20:22:13.449Z","Kaduna","Web","35-44"
"a4136e31-b4bd-45f4-a0c7-ba46a0999210","2024-11-18T09:42:03.677Z","Lagos","Web","35-44"
"8cef2b13-ed76-4fc6-90a8-c7944fc0a23e","2024-05-26T07:03:15.471Z","Port Harcourt","Android","35-44"
"b96f6eca-3888-4b97-964f-d94aacb449b5","2024-07-22T08:23:17.448Z","Benin City","Web","35-44"
"bf2d4cf7-c2fc-44ed-ab93-2cd4d4665014","2025-02-01T05:32:52.421Z","Kaduna","Web","25-34"
"4cf388a1-f5dc-4de9-8501-37509e0167f0","2024-07-02T20:32:03.405Z","Abuja","iOS","25-34"
"eb0bea7e-d230-4886-8ba5-2e148fc65e3b","2024-07-24T20:23:47.293Z","Benin City","Web","25-34"
"3a2e60c2-471f-404a-85af-6ca14034b852","2026-02-28T00:30:56.337Z","Kano","iOS","18-24"
"eec1ea9a-8ad4-46cc-ad32-b3a2c37b3af1","2025-02-26T12:18:34.862Z","Ilorin","Android","25-34"
"c20de3c5-bea2-47ac-9db5-e1648ab8c252","2025-07-22T10:17:50.669Z","Enugu","iOS","45+"
"2aacb7c1-7001-4ed8-8426-2919b1eaae50","2025-12-20T04:01:02.123Z","Benin City","Android","35-44"
"4cce887c-199a-4c90-a049-d3ef7f119713","2025-05-21T02:11:22.458Z","Ilorin","iOS","25-34"
"3ec91707-ef9e-4f14-a78e-24ea5bdf6043","2026-02-24T15:10:53.524Z","Port Harcourt","iOS","45+"
"d6c1cbb0-b424-4096-a0d2-98920f0345c2","2026-05-07T08:53:28.832Z","Kano","Android","35-44"
"851df097-dae8-476e-8af4-fbd1253c02ae","2024-12-05T22:48:21.383Z","Enugu","Web","18-24"
"482e6531-3178-4c85-89ee-dcaef5fff578","2025-10-05T19:05:11.015Z","Port Harcourt","Web","35-44"
"204f2b90-1e63-4a58-8cb1-8f6d719e6e1b","2025-09-20T05:58:21.777Z","Benin City","iOS","45+"
"68571a22-702e-48b7-881f-dd08a4ffdfde","2025-10-22T21:46:45.906Z","Kano","Android","18-24"
"5c9e212a-e629-453d-af65-5b785defb944","2025-01-05T12:07:23.564Z","Ibadan","Android","25-34"
"687a0fe0-5725-46d1-9682-c4729bb56307","2026-03-25T23:40:11.058Z","Benin City","Web","25-34"
"cd283bd4-922d-4f46-9f29-942b2817b1e4","2026-03-21T01:06:53.119Z","Kano","Android","25-34"
"24370671-f814-4a0c-88c2-fa0166042a82","2024-08-27T00:12:29.135Z","Port Harcourt","Web","35-44"
"8763689a-49c2-4827-beac-36750ce650df","2026-04-15T14:24:14.257Z","Port Harcourt","Web","35-44"
"bab7939b-14f2-4227-aac5-f173561104dc","2024-08-17T17:52:00.221Z","Enugu","Android","18-24"
"7e1098a8-e14e-4301-b20d-903f35b49177","2024-12-19T22:53:44.105Z","Lagos","Android","25-34"
"ced817fa-0688-403b-8b97-5137d89ce939","2025-01-17T02:23:24.593Z","Port Harcourt","Android","25-34"
"625af617-118a-4b01-a505-fa3e0180cf86","2025-08-25T15:31:04.854Z","Benin City","Android","25-34"
"d8f34618-e0dd-43b1-8695-a13e7800de57","2025-06-24T12:29:23.965Z","Ilorin","iOS","18-24"
"89f3c759-a944-4580-9108-b2153777a97b","2024-11-19T01:32:04.987Z","Enugu","Android","25-34"
"03843746-6f19-4bbf-a75e-cda93acdb3aa","2025-01-01T06:18:05.713Z","Port Harcourt","Web","35-44"
"9b5d240e-fb82-4ce2-86fd-83e57e7a679f","2024-08-25T14:51:52.357Z","Lagos","Android","45+"
"8f7e5392-f0d0-4ddb-a9ab-3b31ec60c4e1","2025-03-03T20:50:15.419Z","Benin City","Web","35-44"
"421afce9-140f-4c7f-91cf-e60c903346ea","2026-05-10T05:38:39.959Z","Jos","Android","45+"
"4e1dcfe2-9226-4dcb-bafa-3e69a3d06974","2024-12-18T21:29:56.499Z","Ilorin","Android","35-44"
"e6e50190-326c-4c7b-b5ac-21917f01097b","2025-03-25T05:18:17.446Z","Kaduna","iOS","18-24"
"42a1d594-05ad-45c1-acce-c9c6e014a3ba","2026-03-19T06:11:34.655Z","Port Harcourt","Android","25-34"
"d162ac5e-5c93-487e-be4b-ac862c1039d4","2025-06-29T06:39:41.108Z","Kaduna","iOS","25-34"
"408ad0c6-36bc-4359-ab33-3db1ca0aefc2","2025-12-24T15:20:03.654Z","Kaduna","Android","35-44"
"ea588acc-43d0-46b0-ba83-fd3dcd4987fa","2025-09-18T10:58:57.775Z","Lagos","iOS","18-24"
"a5187c2f-53db-479d-b25b-5d0be627b88f","2024-07-06T12:11:21.079Z","Kaduna","iOS","25-34"
"c4208141-2692-4548-96d9-aeaaaf96c5b8","2025-04-15T02:51:45.389Z","Jos","iOS","25-34"
"5e9a5ce1-2122-4a4e-a305-6d9036e3f173","2026-05-20T05:27:12.298Z","Ibadan","Web","25-34"
"811b7486-d0e9-4e2b-9bcd-8fefae5f2a11","2024-09-26T22:08:33.192Z","Ibadan","Android","35-44"
"d133635d-5194-4925-b194-58c762e6f90d","2025-09-23T16:37:28.769Z","Kaduna","iOS","18-24"
"5693c583-5855-4698-a9cc-ee9e17e5682b","2024-07-24T00:45:58.276Z","Enugu","iOS","35-44"
"cac6bb64-d6a6-4a62-9835-ddaebc4941bb","2026-01-07T20:58:24.687Z","Kano","Web","45+"
"8d67b14b-088f-4236-8892-31837490b06b","2025-07-25T03:42:35.468Z","Kaduna","Web","45+"
"45b7c57f-7f5c-432e-a2cb-24be356323db","2025-02-12T19:11:33.936Z","Kaduna","Web","18-24"
"865e855d-2b73-41a8-98d3-31e8c169e2d0","2025-07-15T02:58:27.357Z","Kano","Android","18-24"
"a0fbcf23-1203-4ff1-8e13-1dc059c4c98b","2024-08-12T04:06:46.611Z","Lagos","iOS","45+"
"ad7b479e-98b5-45f0-a506-6383642b117a","2026-02-03T15:49:28.701Z","Port Harcourt","Web","18-24"
"fcd6b5f9-51f4-4d49-b037-44528f924367","2024-11-14T03:41:13.017Z","Kano","Android","25-34"
"a44ceff1-6b18-4d08-bda6-134919454924","2026-02-17T08:50:35.768Z","Ilorin","Android","25-34"
"0da920a7-624f-492b-930a-eaeb97835eaf","2025-09-25T09:09:15.633Z","Benin City","iOS","25-34"
"2d6c6b93-c854-480a-ad7d-95d4ebb243f1","2025-05-14T23:04:25.186Z","Abuja","Android","35-44"
"4f7930a1-4758-4399-b33c-feeb03d47b1b","2025-04-18T12:17:10.657Z","Lagos","Web","35-44"
"46e13d29-c1a7-4114-abce-347bbf050e4d","2024-10-03T02:50:57.024Z","Enugu","iOS","18-24"
"4a493013-bb90-42ac-a875-497f9b0206ec","2025-09-11T08:27:35.764Z","Ibadan","iOS","35-44"
"1d474fef-9b15-44b0-b40d-8cbf540d28f5","2024-10-03T13:30:44.710Z","Jos","Android","25-34"
"9e507e01-db97-476c-ae1f-ec168071f153","2025-05-31T13:20:08.032Z","Ibadan","Web","18-24"
"3f7a651f-cf9e-4c43-a4d7-e4963a4efaab","2024-12-03T00:44:47.632Z","Ilorin","Web","45+"
"5a10b8ed-1688-4ace-a3dc-16414a6d37c9","2025-06-29T08:00:26.709Z","Abuja","iOS","25-34"
"de46db86-1035-4519-8384-d12d9a6dfeac","2025-04-29T09:34:33.264Z","Lagos","iOS","25-34"
"13e52505-61eb-4be9-bcf2-cd4ae3d56f17","2024-10-05T02:12:20.236Z","Ilorin","iOS","45+"
"3b2bf050-d516-451a-9f9f-6ed8feb0ef4e","2025-06-23T14:20:21.139Z","Ibadan","Web","25-34"
"f6cc67fa-86e1-476c-829b-3d1165e87abf","2025-06-02T12:59:20.760Z","Lagos","Android","35-44"
"d6264ba1-11ee-40ad-9290-ce2396ca07b4","2024-09-02T13:52:35.791Z","Enugu","Android","35-44"
"2d0b273f-f97d-4b2d-944e-5ff22cc55d0a","2024-06-26T20:39:08.747Z","Jos","Web","25-34"
"dc729bdf-a209-4a5e-a6b1-676a92be5ab6","2025-10-07T17:52:11.014Z","Benin City","Android","45+"
"cd8a6085-624b-40e0-b643-aa722afec822","2025-04-25T07:26:28.708Z","Ibadan","iOS","35-44"
"5fe5a26f-342d-4a15-b19a-58590ff743d7","2026-01-16T18:53:20.553Z","Ibadan","Android","25-34"
"0e2d42ce-037f-4031-ad35-b3cffc7a05ca","2026-04-08T15:54:12.276Z","Lagos","iOS","18-24"
"d0828f56-5c79-4998-b14e-d2a5607d4281","2025-01-22T10:59:01.168Z","Benin City","Android","18-24"
"47d749a8-e7ed-4c65-bd9b-a462ee290874","2025-07-03T18:35:49.288Z","Kano","Web","18-24"
"c338202f-4028-4111-8226-106f1f9aadca","2024-12-25T08:23:28.977Z","Ilorin","Web","18-24"
"420fee8f-bd32-4b70-82a3-12ef6d0f8752","2026-01-13T01:35:19.524Z","Enugu","Web","18-24"
"db1395a0-bcc7-4b49-89d9-8b8d84f68b72","2025-10-02T09:05:46.007Z","Ibadan","iOS","35-44"
"d9f79718-5053-408c-bc70-3bc496c8a6cf","2025-09-23T20:24:43.378Z","Lagos","Web","18-24"
"e3e5876e-7404-424e-a6ff-82944e4ad691","2025-12-17T17:03:36.284Z","Enugu","Web","18-24"
"4340f85f-68c1-4603-b7fe-208aa96ff600","2025-08-22T08:35:53.355Z","Kano","Web","25-34"
"70506bf6-78d7-490b-8a3c-34a1ec5fe788","2024-08-20T11:15:03.323Z","Enugu","Android","25-34"
"2a61bb5a-e47b-4b2b-aba2-74073401f1c4","2024-09-26T00:55:57.558Z","Port Harcourt","Android","35-44"
"12eb75de-e457-4182-827d-f32a19ee21f3","2026-04-13T09:10:51.615Z","Kaduna","iOS","35-44"
"832cb702-8a70-4718-af76-d4a90d26b549","2025-12-23T07:02:50.443Z","Lagos","iOS","25-34"
"5b59008b-0532-49f5-ae2f-ba2563b8d35e","2024-08-23T21:39:50.631Z","Jos","iOS","25-34"
"e1089d9c-ef43-4964-a7be-6e24908e9407","2026-04-25T20:21:05.061Z","Ilorin","Web","18-24"
"15618998-f7e7-4420-aa56-e32f24c8df1f","2026-03-19T08:40:57.563Z","Benin City","Android","25-34"
"e0201aba-2329-4700-bb84-5e1aa7520200","2025-09-25T12:40:47.366Z","Enugu","iOS","45+"
"3f1e5a18-0f72-4bba-abcd-a8274c0cf5c6","2024-12-07T18:55:40.822Z","Kaduna","Android","18-24"
"5d29bf4d-a541-4c8e-9ca1-a865af71cb3c","2025-04-13T11:55:29.575Z","Ilorin","Android","45+"
"a1f8f184-5874-456d-8a88-5a33ca0c1b7f","2024-07-22T10:47:39.721Z","Kano","iOS","45+"
"2d561328-d252-47b7-b091-5e4dede3f8a2","2024-08-17T22:56:50.656Z","Enugu","Android","45+"
"202cbf2f-6ec0-4ea7-9ada-42b83d448692","2025-03-18T20:55:31.312Z","Lagos","Android","18-24"
"1ce5a9b2-28c7-49c8-837d-dd42dcb3981f","2025-02-02T12:15:02.668Z","Kano","Android","35-44"
"15e2b213-2044-4798-bc3b-b1e66c2d7bf8","2025-08-25T20:33:41.071Z","Lagos","Web","18-24"
"8e8f904f-e849-415c-bb18-063ae90540be","2024-06-17T22:15:05.378Z","Ilorin","iOS","35-44"
"c06ffbe1-3fcc-4e60-a215-865463d35c5e","2024-08-05T06:59:39.543Z","Enugu","iOS","25-34"
"a64de0e1-7bac-4335-9432-5587a8f45d0c","2026-04-24T06:00:30.084Z","Benin City","Web","25-34"
"acd3ce18-2095-492b-b3c7-1bd7f0f8471a","2025-09-02T18:15:33.304Z","Ibadan","Web","45+"
"d5b0c61d-0e3e-42a0-ac2a-bbed442df22a","2025-01-27T19:35:39.490Z","Lagos","Android","18-24"
"9d4e53d7-0da8-4032-ba19-35d0f7585af9","2024-10-15T13:22:33.513Z","Jos","Web","18-24"
"db05ef62-106d-4a2a-91e1-1fd51a8b5700","2024-06-23T02:47:50.319Z","Enugu","iOS","45+"
"01c328cc-1350-4320-86e1-590dbb1e550b","2026-03-21T05:15:41.515Z","Jos","Android","35-44"
"4bcbb46b-7ed6-4033-9e8b-d4163034c727","2026-01-18T20:36:08.065Z","Port Harcourt","Android","45+"
"c764f336-2007-4c02-9a62-ed11b844f5bd","2024-10-12T18:49:47.003Z","Kaduna","Web","35-44"
"937826aa-ecaf-4bf7-81cb-82e4c2d0bb06","2025-01-04T19:35:25.225Z","Kaduna","Android","35-44"
"984132d4-1761-471a-a9d4-a6d20499a083","2025-02-21T07:04:25.947Z","Benin City","iOS","25-34"
"e9c7a1fd-49b9-4fd7-a644-c29ae6d07807","2025-03-15T00:26:42.831Z","Kaduna","iOS","35-44"
"e997db4c-7cfd-45de-b67f-2b8119f18007","2026-05-08T07:15:03.648Z","Abuja","Web","18-24"
"117ac178-2709-46dc-a633-7f51d591ad7e","2026-01-04T22:32:32.404Z","Port Harcourt","iOS","18-24"
"0ccbbdf4-e1b6-471d-9cc1-4643b1fc6e59","2024-10-29T10:01:48.201Z","Kano","Android","35-44"
"57f9d573-6e4b-414e-817b-6ff4c3714c05","2024-09-15T11:47:36.556Z","Jos","Android","35-44"
"eeceb28e-0eec-4a1d-962e-73ea6f3c61c1","2025-05-01T01:36:25.696Z","Abuja","iOS","45+"
"e6bb487c-76ad-43a9-95c7-b35937634b31","2026-03-30T00:00:15.771Z","Ilorin","Android","18-24"
"f6915f37-f9e6-40ff-ab7a-223b4f8f20ea","2025-06-12T09:39:42.393Z","Jos","Android","35-44"
"a8fb1706-78a7-47ad-b498-1fbc913d1df2","2024-07-14T21:22:47.218Z","Ilorin","iOS","18-24"
"a453e83a-9afe-46ec-8668-a12d70854d39","2024-06-24T16:37:33.982Z","Benin City","iOS","35-44"
"3bd95fea-5e04-4787-bdc7-7034b394f7fa","2025-01-23T04:37:11.171Z","Benin City","iOS","35-44"
"95288143-e195-442d-baa4-1e3a2cdd0988","2024-06-09T20:21:41.395Z","Jos","Web","18-24"
"32f0fc6f-0a15-4b56-9f22-8fda21dfc8c4","2025-04-27T09:26:03.882Z","Ibadan","Web","18-24"
"4383c448-e667-4a03-8fe4-98331382226e","2025-10-11T11:40:38.018Z","Abuja","Web","45+"
"7e7d7dea-c15e-4ec9-8de1-f1a6fa1409b7","2025-10-02T18:10:49.068Z","Benin City","Android","45+"
"47b5ee5d-ac59-4eaa-b489-1f61334970e3","2024-08-09T00:27:42.537Z","Ilorin","iOS","18-24"
"9aebf403-d3c7-4015-b7ad-1aeb59919b6e","2024-12-23T23:32:05.369Z","Ibadan","iOS","18-24"
"4c14454b-6c10-41f8-82c8-0fcadfde7787","2025-10-11T19:00:29.166Z","Jos","Web","25-34"
"1b5a662f-4b19-4ab5-9632-e5b340ab382c","2026-04-17T00:43:16.610Z","Lagos","Web","25-34"
"2a1fb19e-c3c0-4dbc-95b3-5218469b999b","2026-01-01T01:40:28.089Z","Kano","iOS","35-44"
"c231d0c2-45a0-4e94-8e72-ea4ee1d32a52","2025-09-26T05:01:30.421Z","Enugu","Android","35-44"
"0fd68b06-b389-4deb-8f06-70e0c87a7df5","2024-08-23T17:25:02.107Z","Lagos","Android","45+"
"3f9b5c4c-8fd4-490f-9a34-793502e889a2","2024-09-16T19:55:38.201Z","Kaduna","iOS","35-44"
"a0e1ff8d-afb3-46fb-9fc9-faf57278a0d7","2025-02-06T02:54:55.626Z","Lagos","iOS","35-44"
"1ffb52ac-818c-4639-8ff9-44ecc68b7de7","2024-09-27T00:22:39.860Z","Ilorin","Web","45+"
"cca3662e-1e7d-4988-8f04-782338e31eaf","2025-11-11T10:37:31.052Z","Kano","Web","25-34"
"a637488a-3340-407f-98e4-4f8880c01cf7","2025-09-17T23:22:50.319Z","Jos","iOS","25-34"
"54a4e464-f525-4281-aa75-b204a5b90538","2024-08-12T20:09:10.799Z","Benin City","Web","25-34"
"8d1fbfbb-ef37-4b59-91dc-78707ee76d9e","2025-11-19T12:03:28.822Z","Kaduna","Android","45+"
"28129a8b-ce9c-49ec-bd59-4ca4e35c0fa9","2026-03-31T09:14:23.670Z","Kaduna","Web","18-24"
"b0f26fa9-198f-4970-aab6-5694750dcf67","2024-12-04T02:01:01.524Z","Kaduna","Android","45+"
"41b21fd8-dfd4-4142-a2eb-c2fd19be7788","2025-10-08T01:27:12.614Z","Lagos","iOS","35-44"
"2895cad0-a59b-48ea-b6d7-d86ae83c75c5","2025-08-03T14:24:00.359Z","Ibadan","Web","25-34"
"c8b0b6a5-9a8e-40fc-99f7-d6d79e60d547","2024-12-02T03:07:21.512Z","Port Harcourt","Android","18-24"
"6516a969-31c1-4fa7-9153-783ca7238731","2024-09-25T02:47:43.815Z","Ilorin","Android","35-44"
"cac33ce9-c67a-4b7a-ac3e-0e094ab5cacc","2025-05-13T10:58:49.205Z","Ibadan","Android","45+"
"c10c52a8-ac0b-4fa5-863b-dd2b0c477abb","2026-05-07T06:56:25.418Z","Kano","Web","35-44"
"97eebf5c-5b6d-4871-8440-bfe2bb6248a4","2025-11-08T03:22:13.695Z","Lagos","iOS","25-34"
"d4e60c1b-0439-4245-b308-bd372447caab","2025-01-03T13:54:18.650Z","Kaduna","iOS","45+"
"d3961207-ae58-4847-b002-e12eb6e93140","2025-03-08T02:54:57.414Z","Abuja","iOS","45+"
"45767bae-075b-4285-a763-6de96f4dc1da","2025-07-14T00:28:17.530Z","Kaduna","Web","45+"
"b9b6c86d-590e-41a9-9cf5-1e51f740b0cf","2025-06-12T18:05:11.638Z","Enugu","Android","25-34"
"2fae2aba-93c4-4486-a553-aa9e9a592251","2025-08-08T04:24:54.224Z","Kaduna","Android","45+"
"45e837e9-191b-42a2-adfa-66a16b8e4037","2025-02-26T23:50:57.454Z","Lagos","iOS","18-24"
"4de404a1-c449-451e-bd02-69ef63f0ad1a","2025-05-18T06:02:37.600Z","Enugu","Web","45+"
"9161680f-84a0-46da-8120-af1e7b82b3c3","2025-05-01T14:43:53.199Z","Kano","iOS","25-34"
"ab5a69fc-9f8f-4330-a56b-339d3c3d858f","2025-08-20T00:20:17.203Z","Jos","iOS","45+"
"cc2835bb-948b-48e6-ba8a-82d765c8794c","2025-10-16T07:57:12.116Z","Enugu","Web","25-34"
"b6aa93b3-27a0-42a5-b561-40ae2323eacc","2025-09-02T15:32:34.178Z","Enugu","iOS","45+"
"fe170664-e31a-451d-8142-52b4dc3b5f26","2025-05-31T13:29:45.441Z","Ibadan","Web","18-24"
"48d1470c-93b8-4858-afef-ed24994f8fcc","2025-12-12T12:13:12.999Z","Lagos","Web","18-24"
"a15265e4-feb4-4ee5-a12e-57bf18ad0a03","2026-01-29T07:46:52.821Z","Port Harcourt","iOS","18-24"
"86b14e1e-2f1b-4c28-9e2a-b532197d9cd6","2024-05-29T16:33:59.117Z","Port Harcourt","Android","25-34"
"4aabd80f-4882-4275-8687-872a050dd3f5","2026-05-13T22:14:40.499Z","Kaduna","iOS","18-24"
"de40cf21-425a-4ede-a70c-8ff80a0ba7f1","2025-11-25T13:05:57.003Z","Ibadan","iOS","25-34"
"5c9fc015-79cf-4b73-b1f3-bad278ae0a37","2025-08-14T22:16:34.445Z","Kaduna","iOS","45+"
"82414d2e-beb8-4994-8e1a-1114ced9e0e4","2025-04-17T06:07:29.284Z","Kano","Android","45+"
"6c100571-374f-4a5b-a997-c444b44f1ae5","2025-05-03T03:41:35.457Z","Kano","iOS","45+"
"971ccd74-f1cf-449f-9e13-a56ffec7429c","2025-05-06T06:43:35.744Z","Ibadan","iOS","18-24"
"29ab9840-969a-4d82-a210-657167a3e8a7","2024-06-27T15:19:02.539Z","Kano","iOS","25-34"
"cf884d4c-d68a-4c99-91b1-94ba8401911c","2026-04-16T04:06:11.518Z","Enugu","Web","18-24"
"776b75e2-f251-43b5-a404-a1458b49020b","2024-07-25T03:16:36.381Z","Abuja","Android","25-34"
"522f6830-d076-42a9-8ceb-451fa2de3e57","2024-08-22T18:40:23.054Z","Lagos","Web","25-34"
"182e3c36-4ce6-4229-9d14-d4f97aee52af","2026-03-19T20:26:17.882Z","Benin City","Web","25-34"
"54d7e26d-72f4-4281-8d74-1bd170752a35","2024-08-04T06:43:30.600Z","Enugu","Android","25-34"
"4f062501-3d88-4f47-a0f3-df8b2f8992d5","2025-11-21T19:03:27.419Z","Ilorin","Web","35-44"
"94d35893-19f6-40ca-b77a-cd3551540dd9","2025-06-07T11:32:55.768Z","Port Harcourt","iOS","35-44"
"21612404-bd08-44f8-8c36-fc56ed7e1338","2025-05-03T06:53:08.960Z","Abuja","Android","35-44"
"132210cd-a50d-46ce-9cdf-4b978bf29f92","2024-07-18T08:39:14.363Z","Jos","Web","18-24"
"2be35c73-c7fb-4c3d-9006-6cab64672d87","2025-08-27T10:57:14.532Z","Jos","Web","35-44"
"4576acf9-7639-4d34-b089-51285ba2f74e","2025-09-20T13:12:10.529Z","Kaduna","Web","35-44"
"9548e755-fe9a-4c65-933c-842407458257","2024-12-17T23:01:49.560Z","Ibadan","Android","35-44"
"c4625278-0b43-42c1-9a86-e3c8c3b57305","2026-03-12T01:58:10.613Z","Port Harcourt","Web","18-24"
"26d63c78-4fbc-45a5-a844-28271dd9e5d7","2024-05-25T20:04:42.763Z","Ibadan","iOS","45+"
"fad14782-dd56-40c0-80cd-7af118c1ab83","2025-07-13T21:28:46.901Z","Jos","iOS","45+"
"9840251d-f6d5-4d78-be14-f7a9a186d90a","2024-10-19T10:10:33.199Z","Enugu","Android","45+"
"13e62545-1d38-43fe-9ae3-81153435271e","2025-01-07T07:24:49.341Z","Enugu","Android","18-24"
"0f34619a-a567-4ea6-b081-bb8163e88bc0","2025-03-02T02:25:19.340Z","Kaduna","iOS","45+"
"15813528-8b46-4426-86b3-99aaf6de9d8a","2025-08-09T12:04:43.746Z","Ilorin","iOS","18-24"
"cc5275de-293d-44d8-8945-5dec4698ff9c","2026-01-28T14:04:09.926Z","Kaduna","Web","35-44"
"8a92768c-c56a-42d3-8d77-1b71efaae842","2024-12-04T11:59:34.566Z","Kaduna","Web","45+"
"888797f2-f4ab-468b-b0f4-ebdc476e4f20","2025-09-14T16:18:34.226Z","Enugu","Web","25-34"
"a2cc68d0-f7b2-415f-b5ca-432bbf17598a","2024-10-29T12:13:19.132Z","Jos","Web","35-44"
"66bcbf8c-87cc-4781-a877-b33ed34d9716","2024-08-19T03:52:25.188Z","Kano","Android","18-24"
"42fc405b-0d7d-4a69-8e28-5d2a90c896aa","2024-09-20T07:03:48.533Z","Ibadan","iOS","25-34"
"f0eb0eb2-9b8e-48d2-92e9-ae3e797eaa02","2025-04-06T13:06:35.555Z","Benin City","Android","35-44"
"945ba9df-83ff-494c-b56b-1f229cd41102","2026-03-17T08:54:32.020Z","Enugu","iOS","45+"
"e29effb1-0524-462b-9259-577258c59d5f","2026-01-15T11:52:02.236Z","Lagos","Web","35-44"
"b7937262-73c4-475c-9472-e0bbc69c398d","2024-10-18T19:47:24.508Z","Port Harcourt","Web","35-44"
"c6a49b84-9dae-4348-ba55-358da5b8cb2e","2025-06-27T08:03:04.855Z","Enugu","iOS","35-44"
"88ff8c56-3547-4c5f-96c0-b12b427fb8d4","2024-08-17T02:47:39.919Z","Jos","Web","25-34"
"da43110a-6829-4d91-8803-d69b44a3d67d","2025-04-06T19:56:41.490Z","Kaduna","iOS","45+"
"8e2910c7-3056-4a9c-bed5-5b56a7adbf08","2025-02-17T11:16:11.508Z","Ibadan","iOS","45+"
"0e41506d-f102-4f2c-8b09-3b3e9fe2a319","2026-01-31T16:14:25.723Z","Enugu","Android","25-34"
"add0bb42-4606-4a13-baf5-504d648e3eb6","2024-09-13T19:01:15.137Z","Ilorin","Android","18-24"
"160c09bd-e107-4ee8-ace7-8868965a971c","2024-06-19T07:42:04.252Z","Ilorin","iOS","25-34"
"46ddec3d-8278-4a55-a07f-a606da40b0f0","2024-08-07T18:51:42.271Z","Jos","Web","45+"
"8ac30853-4bb2-47fb-8846-d9fd592a6519","2025-09-14T00:26:56.961Z","Benin City","Android","18-24"
"67d75629-5b6a-4c58-809e-ee75fd7bfdfb","2024-08-03T00:43:27.525Z","Abuja","Android","45+"
"f5565fbc-ecf6-4d6c-a8e9-d99f23d62869","2025-02-14T20:46:21.186Z","Port Harcourt","Android","35-44"
"d434d5a3-93c7-4626-b7dc-aa985462bf6f","2025-04-26T02:22:11.908Z","Benin City","Web","25-34"
"9afe4258-bb7c-4c7e-8089-7cecef8e5714","2026-01-14T21:49:16.524Z","Jos","iOS","25-34"
"918dc738-9afc-4253-aab1-c6d96acd88e0","2025-05-20T17:48:54.892Z","Kaduna","Web","18-24"
"ed806e6f-c049-42a7-b51d-3e3e0f9b0fbd","2024-06-26T01:21:42.149Z","Abuja","Android","35-44"
"b9ea864a-8436-42b2-b598-4adcfcc91e0a","2025-11-24T06:45:49.483Z","Benin City","Web","18-24"
"a490a11a-ce0b-4f70-b2cc-aac89d0dbeec","2025-05-30T13:54:25.152Z","Lagos","iOS","25-34"
"dc690a47-ff81-4b69-b358-e9be5a1a6fac","2025-01-16T18:32:12.182Z","Port Harcourt","iOS","25-34"
"9a0dd5b7-d51c-461c-baf3-f8f0ff64dbf1","2025-03-19T12:58:56.987Z","Ibadan","iOS","25-34"
"deb0ef85-37fe-465a-8dd9-389f853aefde","2026-04-29T16:44:43.856Z","Ibadan","Android","35-44"
"0b26eaa0-9a36-45f6-8778-3b85ee3b799a","2025-07-16T14:41:26.088Z","Port Harcourt","iOS","25-34"
"2a49fc08-3262-4515-817e-d1ee66d81c67","2024-05-31T16:45:50.011Z","Ilorin","Android","35-44"
"424dc8e6-f7fb-4143-96d7-cf1d5ec9187b","2026-03-15T00:18:49.252Z","Jos","iOS","35-44"
"1d7eac6d-b6bc-4396-811f-dce256970590","2026-03-05T03:21:58.578Z","Jos","Android","25-34"
"b131ba3b-047c-4493-8267-53d2b15800b8","2024-06-26T10:54:54.996Z","Abuja","Android","25-34"
"72e3512c-112e-49ad-bb14-a3ba989b687e","2025-04-25T13:33:07.441Z","Jos","Android","35-44"
"ba77e301-a86a-4235-9445-4cee45abf176","2025-09-20T22:34:44.604Z","Jos","Android","35-44"
"77e858fd-434f-4d94-b5a7-e80319245ef5","2025-06-09T16:39:11.096Z","Port Harcourt","iOS","18-24"
"ae2f67b7-7bc4-4d1f-bb4b-582b0d191ef2","2024-09-26T00:24:33.120Z","Lagos","Android","18-24"
"c50a4030-1e35-4ed3-a882-9c084f85e990","2025-02-02T13:15:04.963Z","Ibadan","Web","25-34"
"c314b76b-388a-4eeb-bf39-2e7da518e290","2025-08-29T15:06:05.507Z","Ilorin","iOS","25-34"
"d025777b-e863-451b-b315-69cac2fdbb2a","2025-07-17T20:44:32.605Z","Kano","Android","18-24"
"1e85b4eb-1957-4f0e-ab44-92fd03416cd6","2024-08-12T17:21:57.700Z","Ilorin","iOS","35-44"
"f159120d-66d6-4a8e-b38e-8c06c29bc8f6","2025-04-10T17:32:37.837Z","Benin City","iOS","45+"
"a5cbb2c0-e091-4c40-af42-cadbc6e96f4f","2024-10-19T05:41:28.696Z","Abuja","Web","18-24"
"4d233b1a-9f2f-427a-9a59-77abc052969d","2025-08-17T03:20:19.121Z","Abuja","Android","25-34"
"e4f93fd2-fbb4-44f4-aa1b-50589c0de1ce","2024-11-03T16:19:28.544Z","Ibadan","Web","35-44"
"0b295045-2832-4ff8-9190-39de8df9a581","2026-03-06T03:05:46.318Z","Kano","Android","45+"
"c74eff24-accd-4725-9381-4afa789bde1f","2024-08-18T23:33:45.850Z","Jos","Web","35-44"
"335c0517-9e6f-4386-8b73-33c643911f44","2025-09-06T06:12:02.585Z","Enugu","Android","25-34"
"c4adb13a-513b-48a6-ad98-92183ef10d1a","2024-11-04T00:29:59.766Z","Abuja","Web","25-34"
"272c1c62-81ad-44d3-8a9b-4b57914b13e9","2025-12-23T14:06:16.278Z","Kano","iOS","25-34"
"5ad47cc5-28aa-4190-bffa-fd1694462b18","2025-09-08T20:41:21.922Z","Ilorin","iOS","35-44"
"7571c2f5-74ce-4be3-ba01-315117f5a244","2026-01-18T23:03:24.344Z","Abuja","Android","35-44"
"f7ca3d48-41f9-4aa8-8dd1-b799499598e8","2024-08-09T20:47:54.016Z","Abuja","Web","45+"
"23c5727c-8f2f-4d8d-ae51-bd88faa0476e","2026-01-14T20:52:33.646Z","Enugu","Web","25-34"
"fa2b1634-4f0b-49e4-ac19-c29777eef0c7","2025-07-30T13:34:58.669Z","Kano","Android","35-44"
"aef0f466-35d3-4190-a188-bb2bc86d658a","2025-04-26T21:18:12.962Z","Kano","Web","35-44"
"57f57dac-7310-4a1d-aabd-4ee69288b2ae","2025-10-28T23:46:36.815Z","Kaduna","Android","45+"
"3dd90ab4-8790-4e7d-b856-fd1dbccbcdef","2024-08-12T08:45:12.388Z","Lagos","Web","35-44"
"68ccade3-c70f-4bf8-83e6-ac45c7b1b52c","2025-05-28T08:09:12.201Z","Kano","iOS","45+"
"8b727cf1-c802-4ea8-8f0d-a1a7e04c383e","2026-04-30T13:44:10.223Z","Abuja","Web","35-44"
"6f5e280e-9014-4b2f-b7a1-8832cf3cfb0f","2026-02-12T09:11:27.227Z","Lagos","Web","35-44"
"0993bac7-58db-44ce-b7cb-840de9ba7be1","2025-05-09T16:44:42.693Z","Jos","Android","18-24"
"ba7626d0-92b3-4faf-b5f1-6bced78e109a","2024-07-26T22:49:47.571Z","Lagos","Android","18-24"
"3093144d-4e55-4f71-bb65-2113f8253733","2025-10-30T09:35:23.128Z","Abuja","iOS","25-34"
"abdabf92-15dc-408b-b8c7-a92e16800ccf","2024-12-24T09:46:14.229Z","Jos","Android","35-44"
"e32ec6d8-ac8c-465a-a564-f593f2c3a3eb","2025-09-26T11:34:44.902Z","Kaduna","Web","35-44"
"6396395d-94d6-42d9-b90d-0aa7f16b0b22","2026-02-03T05:58:57.031Z","Enugu","iOS","18-24"
"044d230c-8a60-4149-8036-949070ecc5be","2025-09-25T15:43:33.468Z","Abuja","iOS","35-44"
"80d353d1-c944-45f7-878a-b0ce80358bac","2025-10-17T11:25:51.815Z","Ilorin","Web","35-44"
"29b60db8-27f0-40ca-b63a-d50a1190da8d","2025-07-15T21:42:04.065Z","Lagos","iOS","18-24"
"b5fcedbe-f3b1-4a5a-9abe-8e556b96f008","2024-07-17T06:39:36.404Z","Abuja","iOS","35-44"
"ae095e2d-e021-4acd-8f10-829b9a7b0d84","2025-04-02T20:03:11.491Z","Kano","iOS","18-24"
"c1e30ae0-f75c-4fa4-965b-ab38c8ae571d","2026-01-01T19:42:53.293Z","Port Harcourt","Web","18-24"
"15ca37af-a09b-4fcf-99fd-dd01871d2ed0","2025-01-19T12:57:06.031Z","Kaduna","iOS","18-24"
"7230f4a3-fd85-41a3-b016-18247add3a1e","2026-03-25T06:27:24.668Z","Kaduna","iOS","18-24"
"e76c2aea-21d3-4937-9f7b-7993f794dda5","2026-03-31T17:04:16.183Z","Ibadan","Web","18-24"
"248bb374-3111-41c9-89dd-1f671a58d8ed","2024-08-14T11:13:15.482Z","Ilorin","Web","18-24"
"ac98051a-9970-4eb2-ae7e-cd4e4eb4dc9d","2024-07-24T09:35:32.268Z","Abuja","iOS","45+"
"eb19fc07-db7f-4feb-87d4-fe9be2933c1b","2024-06-10T17:12:16.168Z","Port Harcourt","Web","18-24"
"dc776b9d-3740-4f11-846e-41d360378643","2026-05-04T05:20:53.458Z","Benin City","iOS","18-24"
"8e7f00fd-975f-4b0f-b38c-e5d9c5b9bea9","2024-07-14T14:22:46.714Z","Abuja","iOS","25-34"
"8336d263-0d76-40ae-be69-199d61b4ecb8","2026-03-25T00:17:00.888Z","Benin City","Web","25-34"
"eb2221b2-711b-4c6a-962e-44dd65a6f677","2025-12-28T02:57:19.266Z","Benin City","Web","45+"
"cb9d2591-97f3-4dd6-a0bf-a7d518deefa7","2025-01-18T16:50:26.951Z","Benin City","Android","35-44"
"4aa7dcfd-3984-4cbc-ba88-b224eb8c6edf","2025-06-22T09:30:40.615Z","Benin City","Web","45+"
"39950004-05f2-4006-8818-1550e077aca3","2024-09-29T18:06:29.967Z","Jos","Android","35-44"
"197d578b-7087-430a-957a-029f6a3a4cad","2025-11-01T07:57:10.790Z","Lagos","Android","45+"
"0429191b-f5c7-4be5-8a41-a70820cefb11","2024-10-26T18:56:13.105Z","Jos","Web","18-24"
"220b0f0f-911d-4e55-8734-d17f2736fca4","2024-12-03T21:09:24.552Z","Port Harcourt","iOS","25-34"
"47f98da7-abc9-4f72-a3da-98c2ef7f7894","2025-10-18T13:19:46.101Z","Benin City","Web","18-24"
"c6487ac2-c773-4d09-8e85-a093a047033a","2024-10-01T19:57:58.844Z","Benin City","Web","35-44"
"7ba65290-fed8-42f6-8b67-acbf3c864e1a","2025-02-07T04:03:02.796Z","Ilorin","iOS","18-24"
"01a3f0b7-a621-4a92-8c06-bed0dcb33da3","2025-03-14T00:38:30.918Z","Benin City","Web","25-34"
"0b81b31a-b247-4438-8bae-3b4cc8b699a7","2024-09-20T15:06:49.424Z","Lagos","Android","18-24"
"923dc52b-7bf1-4e69-9353-725360687152","2025-04-23T03:27:31.531Z","Lagos","iOS","45+"
"7d2cdbe9-040a-4429-9580-b76ed3b0d307","2025-06-22T05:27:02.892Z","Kaduna","Android","35-44"
"80d2513a-92fa-498f-87d9-a864ead1bf18","2025-06-16T14:13:47.938Z","Enugu","iOS","35-44"
"f604c777-cc19-4e49-8ad7-076617ae3d3a","2025-02-22T22:19:48.389Z","Enugu","Android","35-44"
"7cafa71c-72bf-4c18-a7c6-f6ed8d6ea427","2026-02-11T13:10:29.334Z","Lagos","iOS","25-34"
"7e7a9a4f-8185-426b-abf3-ee236e09f706","2024-10-18T04:18:02.399Z","Port Harcourt","iOS","25-34"
"389ac3ec-4bdb-4e8a-9177-bedcb7c21146","2025-04-04T15:57:42.585Z","Ilorin","Android","45+"
"98ad61e8-edf9-4db9-8ac2-0442caa2c630","2025-01-16T13:22:04.968Z","Ilorin","Android","35-44"
"5369f561-997e-435c-bb13-e668889bf420","2024-05-29T16:59:59.936Z","Enugu","Web","45+"
"4fb5e247-12c0-4a03-900f-8fa010786055","2025-02-09T18:11:36.133Z","Abuja","Android","25-34"
"a4b31d54-1222-457b-9cb4-6c916d012c2d","2025-02-04T17:18:44.870Z","Ilorin","Android","25-34"
"afb61bb4-2379-4f79-b33c-3cb6f40bcdf7","2026-01-21T07:59:02.356Z","Kaduna","Web","25-34"
"fe2917ab-012a-4026-a6e3-7afbdfe3fcc3","2024-07-01T19:42:43.048Z","Benin City","Android","45+"
"8f7089a1-c5e5-4902-8876-453ee3936b1c","2025-11-24T09:38:03.460Z","Kano","iOS","35-44"
"7737eb29-f287-4964-a20d-dfddd95fbe1a","2025-12-06T17:59:12.328Z","Jos","Android","45+"
"3fbe234b-2595-48dc-87f3-a8ec38fc925b","2025-03-05T22:42:01.427Z","Ilorin","Android","25-34"
"e8055caf-e5b2-4ce2-b0c3-d9f590a4b8bb","2026-05-24T20:13:27.709Z","Benin City","Web","25-34"
"100eb2f5-16f8-4584-b002-3d529fad61d7","2025-07-06T15:39:14.341Z","Enugu","Android","18-24"
"d5395784-c741-4c3e-9b7a-ae22084814ca","2025-06-07T15:36:12.946Z","Enugu","Web","35-44"
"3ab7cef4-13f5-445c-9ccb-7d003aa14d5d","2024-10-09T06:11:59.929Z","Abuja","Web","18-24"
"6ddab348-760a-4cc1-b567-a3faccfa70aa","2025-10-01T01:00:49.175Z","Ilorin","Android","25-34"
"aca3fe6c-cb91-4ba8-8cbe-ea3fdab016fc","2026-02-13T02:34:09.976Z","Enugu","Web","35-44"
"55f6a2ae-9a93-4652-8cd2-be281e8d3baa","2025-05-06T15:12:13.970Z","Ilorin","Android","35-44"
"b42b4163-733d-4855-a6e7-06f354764b13","2024-06-30T12:59:54.224Z","Benin City","Web","35-44"
"711dbc93-27d0-4aed-a3db-65a462a0f232","2024-09-30T18:27:36.590Z","Lagos","Web","18-24"
"a5110d0d-56e1-41e1-bd6a-b74050f006b4","2025-10-09T09:22:25.250Z","Kano","iOS","35-44"
"a049e035-e45f-4893-94f3-e27b338133bf","2026-04-28T03:53:40.548Z","Ilorin","Web","35-44"
"f37a543e-28a4-4bae-8121-17e0af324e48","2026-01-04T17:49:01.878Z","Ibadan","iOS","18-24"
"cf21aec7-4c76-4aaa-9219-cb1e5777b757","2026-03-26T15:53:35.411Z","Abuja","Android","45+"
"36bc8049-a284-403f-85f9-0e6cf462bd42","2025-02-24T14:44:49.281Z","Abuja","Web","35-44"
"4797b9cf-3891-4fe1-a625-12cf6b733a89","2025-03-03T12:20:24.217Z","Port Harcourt","Web","18-24"
"4f79383d-f194-4560-82f2-549cf67998ef","2026-01-05T15:19:10.507Z","Ibadan","iOS","18-24"
"eab39309-b666-4dcb-9ea8-683f527f5f99","2025-06-07T04:55:16.254Z","Kano","Web","35-44"
"5e8e4680-52cd-47ef-8ae4-aaa1d5873f17","2025-11-10T18:41:05.317Z","Benin City","iOS","18-24"
"86983bf1-ba5a-4786-9ac4-06da0f3af088","2026-03-10T14:42:11.812Z","Kaduna","iOS","45+"
"30496608-b739-4cce-81fe-4c990af3f056","2026-04-18T16:05:13.650Z","Ilorin","iOS","45+"
"4ab7fb70-dc22-45ef-a601-1a9f10513518","2025-07-04T07:55:35.378Z","Enugu","Android","35-44"
"50551a6f-7c08-45df-9dce-c4c59ff3839c","2024-06-09T13:24:21.136Z","Port Harcourt","Web","35-44"
"f8b6ea7d-373b-45b7-be3b-5f780da58071","2025-12-10T07:31:30.963Z","Ilorin","iOS","25-34"
"588d34bc-0128-441d-800b-159de60f1460","2026-05-20T04:22:01.788Z","Benin City","Android","25-34"
"677c60c4-0017-4869-976f-a6854ecd80dd","2025-01-29T14:30:04.471Z","Kaduna","iOS","35-44"
"45ccc18a-267e-4ba1-ab64-ca88c8d986bd","2024-12-18T06:29:51.275Z","Jos","Web","35-44"
"7f3a4a45-0026-4254-a90c-f210e810cc88","2025-10-19T17:16:30.452Z","Lagos","Android","35-44"
"cdc8e123-d8e2-4dfe-ad03-9b98f5ba9993","2025-04-15T08:59:21.979Z","Kano","Android","18-24"
"0d9a8420-db9b-45fa-9210-f5e285ee1ef2","2025-03-19T15:49:25.907Z","Enugu","Android","35-44"
"dab3e7c7-6f35-4941-85e5-e008625cd4d1","2025-08-18T13:04:46.902Z","Abuja","Android","35-44"
"ea4c7ea9-42e8-470f-bc5e-b26e5047d1c1","2026-04-07T10:45:36.773Z","Kaduna","Android","35-44"
"35bd58f2-0e11-41b4-8232-11bf8cfe273d","2026-05-14T10:34:40.911Z","Abuja","Web","25-34"
"1cfd37ba-6683-4b7c-8832-6dfd3bfefa29","2024-11-21T17:47:40.809Z","Port Harcourt","Web","35-44"
"a279d65d-9f78-4818-ab84-adaf4dabfcac","2024-07-17T06:14:29.557Z","Ilorin","Android","45+"
"bb26ebe1-cbf0-44ce-827c-ceb8ec2349fd","2025-06-13T19:21:59.139Z","Jos","Web","45+"
"5916b6df-97f9-4556-83f3-59c994225ee0","2025-08-19T07:01:43.920Z","Kaduna","iOS","45+"
"bac69ca5-4be3-4907-8b2f-9dd4d5199810","2024-07-15T01:17:41.526Z","Port Harcourt","iOS","45+"
"6d8572f4-45df-4380-8370-10784b624a82","2026-05-19T22:01:59.563Z","Port Harcourt","iOS","18-24"
"d3881da1-e642-4335-b491-5ab8b8337be0","2025-04-10T06:54:58.048Z","Benin City","Android","18-24"
"a3938097-a547-41c6-88db-da58fb22ac7e","2024-08-28T20:20:51.919Z","Lagos","Web","35-44"
"a1d6afc8-b4a4-4041-9729-8b98926f7423","2024-10-29T13:08:43.715Z","Port Harcourt","Android","18-24"
"b6c91c86-6255-4727-a9a6-3095cf54b1b1","2025-08-27T17:47:39.869Z","Benin City","Android","18-24"
"9824357a-feaa-437e-9c4f-975cf0430574","2024-07-22T22:28:27.676Z","Ibadan","Android","25-34"
"0a31df87-dc52-4c47-b432-26bb450bfe52","2024-07-12T01:53:41.434Z","Ilorin","iOS","25-34"
"fc506a81-23f1-4a90-ba38-d5022ecb41be","2025-11-24T16:14:12.866Z","Abuja","Android","45+"
"e4fb3acc-5943-4f4c-93ec-4e7570547ca7","2025-01-17T18:36:22.787Z","Ilorin","Android","18-24"
"3e608523-3a79-453f-8361-e4740f6a964f","2024-11-04T20:07:12.090Z","Enugu","iOS","18-24"
"d6c70f1b-ecc1-427f-94c4-482c212e6454","2026-03-11T04:19:06.877Z","Enugu","Android","45+"
"99855471-6bad-4b51-bdd4-cead204c6b88","2024-10-11T23:13:25.366Z","Ibadan","iOS","18-24"
"c5922903-67b3-44cd-9b4d-03f0c5d10e6b","2025-07-27T06:38:07.780Z","Abuja","Web","45+"
"7303a02f-53a9-4349-8157-b983b083d9bb","2024-09-26T01:42:15.215Z","Kano","iOS","18-24"
"2873c345-ac92-432d-b492-99636c6a6c2e","2024-12-23T18:11:23.800Z","Abuja","Web","25-34"
"77bbbe5c-5068-461f-aa76-5550dcac0ef7","2026-01-22T21:22:53.176Z","Enugu","Android","25-34"
"ff544d0e-924d-41f1-abc6-3a231f06f16c","2024-07-01T02:06:45.368Z","Abuja","iOS","35-44"
"70a7a409-ef75-4866-b24b-df8627a03368","2025-01-16T18:21:33.312Z","Ibadan","iOS","45+"
"f2d6eea0-657b-49fe-bb6f-52c8ca3aa461","2025-08-29T12:11:29.446Z","Benin City","iOS","45+"
"d1dc0f41-16da-4602-a7ff-e3da1bdd8901","2025-04-07T08:22:29.474Z","Kaduna","iOS","18-24"
"8286f582-50f4-44b9-b6c8-f1ea04fadfb6","2024-08-20T14:39:10.476Z","Abuja","Web","18-24"
"f2eadefb-a855-40b1-a9d2-a24416902d33","2025-01-06T03:47:41.429Z","Kaduna","iOS","18-24"
"11246ed1-98d2-4781-b942-da4892f88762","2025-11-24T09:22:26.291Z","Kano","iOS","18-24"
"2855c08d-a76a-4f3e-907a-57788a35d668","2025-01-05T05:24:55.185Z","Kano","Android","45+"
"7aed3945-bb5f-4c97-a14a-cb6b0a51b6c0","2024-12-27T09:10:32.452Z","Ilorin","Web","45+"
"7b949936-d279-4138-8c33-101dd8846df0","2026-03-26T14:08:16.244Z","Kaduna","iOS","35-44"
"db021d5c-e25e-4629-b88b-2c0021fd7c4a","2024-11-30T01:30:57.103Z","Benin City","Web","45+"
"bcf3b582-bdc8-4481-99e2-43d283db8993","2025-11-05T21:49:54.360Z","Kaduna","Android","25-34"
"76b0b771-ccb6-45ce-8195-a8ccec749e57","2025-10-15T13:49:45.873Z","Jos","Android","35-44"
"03503bda-f98c-4c86-b006-089e9597b811","2025-12-31T14:39:26.291Z","Abuja","Android","18-24"
"0460e764-8625-494a-92e1-4cbd9234e5f8","2025-11-18T02:59:22.041Z","Enugu","iOS","18-24"
"4e381bde-d98b-467e-a97f-f3a4b00b10c4","2026-01-28T03:47:14.538Z","Lagos","Web","18-24"
"a735025c-19b6-4cde-9159-fa92b4634f42","2025-04-20T01:36:23.774Z","Port Harcourt","Android","25-34"
"8bdc4657-2805-4f3b-ab6d-371f631eed53","2025-11-20T00:24:08.621Z","Ibadan","Web","45+"
"ef6fae9f-230c-461a-932b-6ecd88cf87ed","2025-11-20T00:17:54.856Z","Port Harcourt","Web","18-24"
"b820ec2f-7e9a-4f5f-a5b2-f35d63905ff3","2025-09-15T06:54:32.602Z","Enugu","Web","35-44"
"6df2e49e-a2df-4e32-b7cb-c0af91469f64","2026-05-01T17:56:30.488Z","Kano","Android","25-34"
"4d302542-88fa-4916-8fb7-bdbdfde91834","2026-04-13T19:06:38.495Z","Ilorin","iOS","18-24"
"45ead7fe-24ae-4411-a7d9-96ef67228ae8","2025-07-11T12:58:25.229Z","Jos","Web","35-44"
"90d80048-fd3a-4733-8ae3-6a1802773238","2024-10-28T01:48:00.831Z","Kaduna","Android","18-24"
"f7c8bf35-e049-4f87-9105-4bc400e52dcc","2026-02-15T11:16:06.693Z","Ilorin","Web","35-44"
"e2dc34bd-44c9-4727-920e-d1b98fce1af8","2024-11-15T07:14:56.082Z","Ilorin","Android","35-44"
"8d900066-2c66-4ef1-99a2-69f67ca1594e","2025-02-25T06:10:03.493Z","Kaduna","Web","25-34"
"f43a3ac8-1e6c-40dc-848b-3f35912fa966","2025-08-11T15:36:56.005Z","Abuja","iOS","18-24"
"7907e595-f588-47c8-b1fc-d9ebb3c84408","2025-01-13T15:04:01.242Z","Kaduna","Android","18-24"
"0ea9f107-3428-442a-9b93-0fbc9318c0a4","2025-05-26T07:28:20.205Z","Lagos","Android","35-44"
"71ffcefa-1752-4378-9e05-67d250302bbb","2024-08-16T18:44:30.458Z","Abuja","Web","35-44"
"ae5e0b4c-4663-4a3e-b436-9c117682457c","2025-12-08T05:35:10.741Z","Kaduna","Android","35-44"
"4c4bfb46-4a46-4f2f-a1ef-ea3db0a94a32","2025-04-06T11:14:31.933Z","Kano","Web","35-44"
"ae30bef0-5db3-4261-9d7e-f95881bb22f5","2025-07-30T16:49:34.085Z","Enugu","Android","45+"
"b5a3ccc9-b8a3-41ca-9df4-e36ebb9c8704","2025-05-16T12:51:07.565Z","Lagos","Web","18-24"
"a6b0b01a-4a8d-402e-afa3-158193a93dfc","2025-06-06T00:38:11.518Z","Enugu","Android","35-44"
"58b2ab02-11e9-4409-8d17-5379f2be4bc9","2026-03-26T05:11:13.784Z","Enugu","iOS","35-44"
"91dfe541-014a-457a-8913-d3cc84681608","2024-11-19T20:02:25.936Z","Jos","iOS","18-24"
"207c4e67-4c65-4825-856a-c1abf30d86e9","2025-06-14T20:52:05.307Z","Benin City","iOS","25-34"
"0a345cdb-f886-4f92-8533-c4ab4970e661","2024-11-06T09:09:57.778Z","Port Harcourt","Android","45+"
"d425d89c-1a01-4955-9f63-9a94d7595f27","2025-09-19T13:29:52.643Z","Ilorin","Android","35-44"
"e1e33d6d-6280-4ac1-8fc1-6393e2475e5f","2026-02-19T06:20:56.525Z","Ibadan","Android","18-24"
"a56a6300-8ed3-474e-aabd-b346ed217085","2024-12-13T09:23:57.939Z","Port Harcourt","iOS","25-34"
"bd1ec239-0c3d-46d9-8e97-4d8b757bf4f0","2025-02-07T15:06:42.369Z","Abuja","Android","18-24"
"b0b2f761-54f0-488d-83de-c6972869e1bf","2026-04-07T13:22:32.777Z","Ilorin","Android","35-44"
"91035797-c724-4405-ae1d-a8897cba3a04","2026-04-15T23:11:27.485Z","Lagos","Android","45+"
"9496156a-07b4-4f6d-b93e-9b1ee1717a4a","2026-04-17T16:44:33.259Z","Abuja","Web","18-24"
"f028ae68-e14c-470a-a5b3-6f99747b9bb0","2026-04-21T15:26:08.607Z","Port Harcourt","iOS","25-34"
"872bbce5-8df6-4fb6-ae0d-76db0698f356","2026-01-17T14:52:55.150Z","Jos","Android","35-44"
"0208de55-c023-4583-98bd-28bbe3d44a19","2025-10-05T09:52:08.161Z","Jos","Android","45+"
"9d8f7119-4160-4313-8466-3b0086d0a76b","2026-02-22T08:32:54.319Z","Jos","Android","45+"
"4b853e9a-a135-4dd0-8ff7-c8c35ba8a5b3","2025-02-23T04:21:30.595Z","Abuja","Android","35-44"
"9cf8033c-72d4-4e96-a9ba-05153afa1a3f","2026-02-18T05:07:34.720Z","Ilorin","Web","25-34"
"edf26a25-662e-443e-b6a0-49773a8b393d","2025-05-07T23:10:50.513Z","Enugu","Web","25-34"
"d00eeb1c-9eb2-4bf4-8c46-50a5338313ee","2024-06-21T00:59:24.916Z","Port Harcourt","Web","35-44"
"5ed5a7c3-573e-4203-8c64-8f72e325b94d","2024-08-04T12:52:05.041Z","Abuja","Android","35-44"
"1281e471-6296-4174-9e7b-9125c42145b9","2024-08-27T05:08:24.389Z","Kano","Web","45+"
"9e4fe409-1ea3-4e25-a524-cabadc0b4b6d","2026-03-04T03:22:54.545Z","Benin City","iOS","35-44"
"d21a9f99-cb7c-4330-a9b6-631c4b33d805","2026-02-02T10:23:03.759Z","Enugu","Web","35-44"
"7b272181-7d76-4c7c-97b1-c957f32a7eeb","2024-12-29T07:07:11.783Z","Kaduna","iOS","45+"
"857f4f54-b533-4910-ab08-be97a7d7298c","2025-07-20T14:01:55.850Z","Kano","Android","45+"
"5f30eb6d-b97f-4ce4-8398-8d7bd0ac1517","2025-10-05T22:15:09.041Z","Jos","Web","25-34"
"9d9affb1-8d36-4fd3-a919-ddee39075714","2026-04-20T01:42:01.424Z","Lagos","iOS","25-34"
"d8de631d-3e92-48e6-b1b8-ae1495c48d52","2025-06-01T18:37:25.915Z","Kano","Android","18-24"
"5dbe9a31-6c17-4c84-9e23-be8d72b0ce7f","2025-05-24T16:41:33.352Z","Kaduna","Android","35-44"
"b9732f26-eb0f-4de6-8398-2dfc5f05cd7c","2025-03-11T16:51:45.380Z","Kaduna","iOS","25-34"
"44453d2f-a376-4a54-9db9-39f9af33cef3","2026-04-06T10:09:05.225Z","Ibadan","Web","35-44"
"8f2b11f7-db33-47b6-ab45-3fefcfffb73d","2025-08-31T12:51:18.822Z","Jos","Web","18-24"
"7f123265-395f-417e-84c2-1be6d169ac07","2024-06-12T11:18:48.256Z","Benin City","Web","25-34"
"9ed23780-5e30-4f0b-8083-95eb29000a83","2026-02-12T15:49:20.775Z","Jos","Web","45+"
"cecb643c-f657-4da9-b88c-87e797a9ced9","2026-03-13T13:01:10.057Z","Lagos","Web","35-44"
"c5252766-4f83-4102-af7c-e101ad6ee0c4","2025-12-29T14:58:01.415Z","Kano","Web","45+"
"45fd59ca-7d67-45f1-ae4a-c6469c66f336","2026-02-05T17:04:07.312Z","Jos","iOS","25-34"
"3546fb79-723b-4082-8bb5-35102c250e4e","2024-12-12T15:20:33.406Z","Enugu","Web","35-44"
"0146a882-77a3-4f04-b25d-fae25c7eae8d","2024-11-29T16:05:18.381Z","Ilorin","Web","25-34"
"331452cb-f4bf-4e7f-a5ba-a31f86bdfff6","2025-09-01T10:07:08.072Z","Enugu","iOS","18-24"
"0784adfb-c7bd-4cf1-bd3b-db39090be371","2025-10-04T21:30:34.510Z","Ibadan","Web","35-44"
"f757c1a2-2460-4994-96dc-d34aac6bdd5f","2026-01-27T10:03:15.047Z","Benin City","Android","18-24"
"ff6a11aa-0bde-4ef5-979e-65c4012fffb8","2026-05-24T18:02:40.293Z","Benin City","iOS","35-44"
"99d56c7b-0299-484c-9cf1-cb55273e81b9","2025-08-23T15:59:03.840Z","Enugu","iOS","45+"
"1173a8c7-0f3b-4a2d-8cce-7449fe91955a","2025-09-05T16:01:42.715Z","Kano","iOS","35-44"
"02f625bb-d0f3-4306-b095-9aa6fb9f2902","2026-02-18T16:37:08.849Z","Abuja","Web","45+"
"f8873b8a-07d7-4b3b-b41d-8baa3524330f","2024-09-15T15:40:17.789Z","Ibadan","iOS","35-44"
"28862d87-0b5f-48c4-986e-bfc7188f8f4c","2026-05-07T06:21:56.855Z","Kano","iOS","25-34"
"23ea39a2-3976-4d1e-b009-8d4cef406111","2025-09-22T18:11:16.860Z","Port Harcourt","iOS","25-34"
"ddb22f25-fef0-467b-8db2-6ef3a2b17131","2024-07-07T20:36:30.878Z","Port Harcourt","iOS","18-24"
"a972d7c8-ad0a-438e-8695-49a9a41673d5","2024-08-24T06:59:05.564Z","Abuja","Web","45+"
"67f52d62-8905-4012-a44f-c795f193b8c0","2025-12-25T14:21:49.320Z","Ibadan","Web","45+"
"4f81b09a-3d30-4dd6-a03a-eae30dbe789b","2025-06-08T10:16:27.610Z","Kaduna","Android","35-44"
"e8bdf5a1-f3a0-4da3-a982-4b82f6f2b402","2024-12-20T12:19:20.203Z","Enugu","iOS","35-44"
"333e2a5a-1285-4be2-8ff5-658d177a4849","2025-10-19T22:56:24.796Z","Kaduna","iOS","25-34"
"239078a7-3181-42ab-a16b-212d43e7f0fe","2026-02-28T21:09:16.983Z","Kano","iOS","35-44"
"64ae7207-a44a-462a-aae9-af07ca77dce3","2025-10-04T17:12:07.517Z","Enugu","Android","35-44"
"ec9956d5-e474-4a31-be59-5479377f594f","2026-01-24T12:54:37.063Z","Ilorin","Web","45+"
"994aca2a-e102-43b6-b041-d358cacd18ca","2025-11-27T17:44:04.566Z","Kano","Web","25-34"
"2184db61-180c-4f94-966b-5a861d07e0bc","2024-12-31T00:54:33.259Z","Kano","Web","45+"
"2ff40d10-c2e4-46ae-a7fa-9c35a342f17c","2026-03-16T17:23:46.516Z","Benin City","Android","18-24"
"f297541e-255a-48fb-8aaf-40afecff79e9","2024-09-05T04:48:45.436Z","Kaduna","Web","18-24"
"ef764a44-d0f2-44c4-b6bc-ed5f796973e2","2024-10-07T18:31:50.369Z","Kaduna","Android","18-24"
"f1614626-b30b-4ca2-9d41-ca91874b03e5","2025-03-02T13:34:21.669Z","Ibadan","iOS","18-24"
"985bce58-0a83-49be-962a-099e0a1c3a9e","2025-11-03T15:34:27.372Z","Jos","Android","35-44"
"cb9cd1cd-5d8d-4d9a-80a9-ddb322e98a7b","2025-03-08T13:27:20.950Z","Port Harcourt","iOS","18-24"
"6c9ef230-7dca-428e-a29b-d9894251b204","2025-11-19T21:36:33.851Z","Benin City","Android","25-34"
"a16e2d9c-0907-4f4a-b6d2-3ca910c2bb7a","2025-02-27T16:54:44.234Z","Kaduna","Android","18-24"
"aa1ec52e-3396-42e5-9c68-7b202e9decf2","2025-07-19T11:25:31.203Z","Enugu","Android","25-34"
"56a1edce-4b65-4511-9131-2e7b08967a47","2025-12-24T19:07:32.798Z","Ibadan","iOS","45+"
"767d4224-1e86-4e50-9959-b1ff8f3ee506","2025-07-23T23:51:54.494Z","Abuja","Web","25-34"
"d142fef7-3255-4b59-b594-7bfdd0c535ae","2025-10-25T05:43:10.280Z","Enugu","Web","18-24"
"439f4814-94fd-4a17-a4b7-2c5d158cad38","2024-07-01T14:16:03.324Z","Port Harcourt","Android","45+"
"892003a5-fe68-4e3c-a91f-ee54ef6d9fe5","2024-10-20T20:05:12.630Z","Benin City","Android","45+"
"b1c5c264-9f0b-4e9d-89ff-8b8791c76a12","2025-02-26T00:24:35.375Z","Ibadan","Web","35-44"
"1d7562a0-57e6-4f8c-aa1a-76778c102cfc","2024-06-08T04:26:25.698Z","Benin City","iOS","45+"
"a8b3cdbc-efe8-47af-9c0f-c027b793333b","2025-09-22T15:39:05.607Z","Enugu","Web","45+"
"735b9568-b916-4e97-aa9c-a3b271ceb686","2024-09-02T06:44:01.190Z","Ilorin","iOS","25-34"
"b0fae0da-cc2c-4433-b52f-919563accab9","2025-06-01T11:45:58.321Z","Abuja","Android","18-24"
"bce47bab-d27d-4ee9-a6af-4d3163d37ffd","2025-12-12T04:40:48.278Z","Kano","Android","35-44"
"92c080ff-7152-4471-ab55-b5d2f2c5787d","2025-10-11T06:15:43.849Z","Lagos","iOS","45+"
"0e90968d-3adc-443f-9c86-914eca02c40f","2024-06-29T23:07:43.421Z","Jos","Web","45+"
"f0d6d0fb-9867-4c77-b56f-64d7b2e6280c","2025-07-24T01:30:42.514Z","Benin City","Android","25-34"
"8b2da01c-f9d2-42b8-b4b4-c16ebb28c7bd","2024-10-09T23:21:34.473Z","Jos","Web","45+"
"8bd4be63-edb4-4f5a-b838-b7c75723bd74","2025-02-24T09:46:05.046Z","Jos","Web","35-44"
"cd1dce53-6330-4b28-af5a-bdeb430685d9","2025-03-22T08:47:36.425Z","Benin City","Web","45+"
"50d33365-dc63-4a79-af3f-46d40d2ade59","2026-02-15T09:29:59.472Z","Ibadan","iOS","35-44"
"bf93f4c0-8737-4f47-8521-e4f2a05a8e61","2025-04-01T20:34:49.341Z","Lagos","iOS","45+"
"fccc5503-df4b-4353-b1aa-d61ab377f5be","2025-04-15T02:34:08.966Z","Kano","Android","35-44"
"79286863-ae56-4de5-b9b1-08caf16ba7d6","2025-05-27T15:58:11.708Z","Kaduna","Web","18-24"
"55b19ab3-0ae0-441b-86d1-17a1fddc328c","2026-05-09T13:47:39.534Z","Kano","Android","18-24"
"5bb353c3-bd74-4d8a-9481-1d2d18fe1cb1","2025-09-03T00:23:26.762Z","Port Harcourt","Android","18-24"
"27c2d431-9070-48f0-acea-3678cc41ca15","2025-07-22T06:35:39.648Z","Kaduna","Android","18-24"
"3a268ac5-ab87-4246-a391-680d95245af2","2024-06-17T01:00:47.536Z","Ilorin","Android","18-24"
"882990a4-9df5-4abe-a032-ee36913fba59","2025-06-03T22:36:16.221Z","Ibadan","iOS","18-24"
"af5240e5-6439-42c4-ac09-f05c0e8380d1","2026-01-29T18:24:22.951Z","Ilorin","Android","25-34"
"b822fe93-b9cd-4b92-ae38-30095433af61","2026-03-24T16:44:03.251Z","Abuja","Android","25-34"
"e1e07d94-0d4d-41f1-ae54-bfcfb488a49a","2025-09-26T00:48:49.576Z","Lagos","iOS","45+"
"54b6f2ef-81cf-42f0-ab87-fa81feaca0e9","2024-07-13T06:01:51.752Z","Kano","iOS","45+"
"ef0e1f8a-51a8-4b0e-ada9-0b329208c260","2026-03-15T18:33:25.638Z","Ilorin","iOS","45+"
"195617f7-3a55-4291-a286-b651c4fee3d7","2024-10-27T12:53:55.415Z","Jos","iOS","18-24"
"3abbd214-5df4-4d1f-9011-1b617278dba2","2025-11-02T10:46:32.726Z","Enugu","iOS","18-24"
"135e6b75-c099-4359-b905-4e7fcf9045e1","2024-09-30T20:54:04.806Z","Enugu","Android","18-24"
"40211e32-d47b-4626-8feb-8e6e57c8c25c","2026-03-24T21:49:45.843Z","Abuja","Android","18-24"
"69bf2786-0a80-464c-8056-52b04afeb979","2025-01-21T21:00:32.328Z","Kaduna","Android","45+"
"d104572b-754f-4d89-aaa1-be5e51f06a56","2024-08-02T18:19:26.567Z","Lagos","iOS","18-24"
"e663ae54-4fd9-4f18-9f51-4f18275866d7","2025-05-22T12:00:46.138Z","Port Harcourt","Android","25-34"
"25ce14a2-9c4f-4d80-a778-a92479513095","2024-06-29T23:27:51.153Z","Kano","Android","35-44"
"57c2e162-1ff0-4aed-86ec-05b98266d03d","2025-01-07T02:42:54.499Z","Ibadan","Web","35-44"
"da7146cb-f2d7-4dbb-8b56-103aeaf45dd0","2024-07-21T19:05:39.784Z","Enugu","Android","25-34"
"d6a3be16-4a85-4a44-95b5-2c2a235234b9","2026-01-09T23:54:05.397Z","Kano","Android","25-34"
"67ee72a3-4b33-4a0d-8339-81abac710f42","2025-02-14T17:47:42.604Z","Ilorin","Web","45+"
"b9db647a-a335-410a-8bb4-99449076dbb4","2024-09-09T14:28:37.893Z","Ilorin","Android","45+"
"f17b9cde-7898-4c9f-a936-20f319523e6c","2024-09-28T19:56:17.680Z","Benin City","Web","25-34"
"c0aa35e9-8c94-4a65-9069-41dc0e06e616","2026-04-18T20:12:29.123Z","Kano","Web","45+"
"d2fbd793-975a-486f-9c11-56adeb9637f9","2025-02-03T12:20:43.118Z","Kano","Web","25-34"
"e8de40f5-976d-4320-a75c-3410f1db9253","2024-07-15T12:36:46.569Z","Lagos","iOS","35-44"
"5cc24bbe-58e9-4ec0-a61b-911ab77ef5dd","2024-10-07T21:35:23.586Z","Port Harcourt","Web","25-34"
"ca175346-5f17-430c-a5bd-81dceacac92b","2024-10-23T04:05:24.822Z","Enugu","iOS","35-44"
"13395509-db8b-430b-a8ee-d2d13d430002","2024-07-04T14:38:06.150Z","Abuja","iOS","25-34"
"cb3cbd5f-bc12-422f-93e6-c5af48b0d4d2","2025-01-03T05:51:57.717Z","Enugu","iOS","25-34"
"6478b471-3ff3-4533-a182-8ea5dd2d5a49","2025-01-12T23:23:07.472Z","Kano","Android","18-24"
"b400e074-4689-4759-9eac-fc7fa966338b","2025-06-23T14:11:12.542Z","Enugu","iOS","35-44"
"3e03563a-81c1-4bed-b8ff-1230a8ea4637","2024-12-04T01:55:31.889Z","Lagos","iOS","45+"
"0232474a-0936-4448-aea9-d76f22dfb82b","2025-03-01T16:13:57.898Z","Ibadan","Web","45+"
"08840b9f-5cbb-40a3-8ecd-044780284d22","2025-12-25T02:53:10.720Z","Enugu","iOS","35-44"
"fab81c2d-a4b1-484b-bc28-70d36eb64bfd","2025-08-19T17:31:12.913Z","Kano","iOS","35-44"
"b58521f6-9c4b-40a4-b65b-c7034d4b8df6","2025-11-28T02:06:55.023Z","Ilorin","iOS","45+"
"c7d89313-9ed6-4ec2-b315-b9e559e5491d","2024-08-04T06:47:52.990Z","Lagos","Android","18-24"
"9fc41b6e-9efb-43b0-8112-394c64cc6583","2026-01-25T07:40:33.134Z","Ibadan","iOS","35-44"
"9a195f44-2160-48c0-9e7b-6dec10ec88c3","2025-02-08T18:32:48.379Z","Kaduna","Web","45+"
"f5aaac52-6c41-4ae1-920b-4d7a383b1cfc","2026-05-25T11:57:31.795Z","Abuja","Web","35-44"
"c9140b9d-303e-4888-b807-1eb9ff6692c3","2026-04-05T20:42:23.313Z","Abuja","Web","45+"
"c1a4f055-a34a-4a76-bce4-a5ebab22e798","2025-08-01T09:00:43.583Z","Benin City","Web","45+"
"8f7fe699-2e79-4c59-b1ae-f79c436d67c0","2025-05-02T23:37:23.818Z","Kaduna","Android","18-24"
"f5450007-d845-4cda-ba5f-4764bd63748b","2026-04-03T05:25:04.461Z","Ibadan","Web","18-24"
"7fcccb3f-d581-48af-8540-d257e8e5b760","2025-08-19T04:20:12.230Z","Enugu","iOS","18-24"
"2c8aea4e-6e00-4cd2-95a8-5f8038abf8ce","2025-09-05T13:23:17.519Z","Benin City","Android","45+"
"6800826f-6280-472d-8181-99772e7e9ab1","2024-09-05T21:58:33.727Z","Ilorin","Android","18-24"
"9f7c5c5f-e832-4e55-ab85-10c373f2a1d4","2026-02-26T11:51:56.594Z","Abuja","Android","25-34"
"7800c581-5010-45cb-b556-51ef71840b8b","2026-01-24T07:47:22.764Z","Kaduna","Web","45+"
"b44c2132-e7ad-45bd-b286-4e40e3aad373","2025-06-28T10:23:03.169Z","Kano","Web","45+"
"cfab9861-0095-48d1-9147-ba400a58bf77","2024-05-27T15:48:06.199Z","Port Harcourt","Web","18-24"
"96355ab8-e7e1-455e-9a6a-a58b5eb8f506","2025-09-24T01:26:11.926Z","Ilorin","iOS","25-34"
"b7b3a1ca-e9f4-4d74-8cb2-69fcc5f7b8ec","2026-04-09T04:32:22.948Z","Port Harcourt","iOS","18-24"
"675a9529-6d66-4981-98b5-02a1dc858e0c","2025-06-08T12:12:28.722Z","Ibadan","Web","35-44"
"b2ec5638-39b4-4362-bbdd-12ddc179a0e8","2026-04-12T21:32:55.062Z","Port Harcourt","iOS","25-34"
"ca26f8af-b9b1-49fb-ad4e-8e53dbc13dd5","2024-10-23T23:07:06.671Z","Ilorin","iOS","18-24"
"7ff27217-4302-447e-bce5-954419d3d7f3","2024-11-02T04:38:28.206Z","Enugu","Android","18-24"
"ddcdcdde-2e01-41d1-a609-f6b08fbcc663","2026-04-27T00:32:53.625Z","Kaduna","Web","35-44"
"c289b2cd-aa81-49fe-a4e9-dd9115ed57b1","2024-05-29T05:23:31.060Z","Benin City","iOS","45+"
"63ff9576-15e6-41f4-9cce-ba035ead4299","2024-12-26T13:16:26.205Z","Ibadan","iOS","18-24"
"477c5534-be43-42a3-805e-83b26b7202c4","2025-05-29T14:51:35.092Z","Port Harcourt","Android","35-44"
"795726c2-1f8f-4e41-9ee7-3795bcc15d76","2025-06-11T09:04:26.115Z","Lagos","Android","35-44"
"51bfd2b9-c856-4cd9-8152-ddc2d6a421ac","2025-08-26T20:09:45.411Z","Kano","Android","25-34"
"375521e5-73ab-4fac-8966-e066be6fbe84","2026-04-07T20:47:22.903Z","Port Harcourt","Android","45+"
"aac7173e-d0ec-482a-818f-ccd8633359fe","2025-12-10T01:27:15.511Z","Ibadan","Web","18-24"
"28f00bb8-6168-4ed7-accf-d4eefd02d147","2025-10-08T00:26:56.497Z","Abuja","Android","18-24"
"85f5659f-b148-4b99-a713-676b0a85a889","2026-05-10T03:11:07.858Z","Lagos","iOS","35-44"
"c7b28154-2fb6-4811-bd76-5e9c91281646","2024-07-17T14:09:50.203Z","Ilorin","Web","18-24"
"3c12621c-7a46-4246-8f43-55c594125692","2025-01-26T16:31:39.778Z","Abuja","Web","45+"
"b56132d2-dcba-41b5-90fc-2abfc3fde15d","2025-08-03T13:14:08.470Z","Ilorin","iOS","35-44"
"32099807-b7aa-464d-b72f-1038216cdfa4","2026-02-08T04:54:35.853Z","Ilorin","Web","25-34"
"d4da99f7-4c73-4dfa-b7e7-43fd952c6413","2026-03-02T05:16:23.343Z","Jos","Android","18-24"
"7f2880dd-ef77-478f-945f-df8a1f66d410","2025-07-19T02:30:29.612Z","Benin City","iOS","18-24"
"441c7301-d160-402d-a6c3-925394401284","2024-11-20T12:24:34.339Z","Kaduna","Android","25-34"
"9f9f79c7-2b65-419e-90ed-3b5c936e804b","2026-03-24T19:46:48.779Z","Jos","iOS","45+"
"1c47d7d7-7b7d-4c1a-b4c3-4ec53c181f8f","2025-02-04T10:37:16.799Z","Port Harcourt","Web","45+"
"54b16ed6-f550-4c94-b2d4-8cd6bf86c67d","2025-09-30T21:40:16.988Z","Enugu","iOS","25-34"
"f71dc02d-c85a-4843-9dfd-96e5ec39d0ee","2026-04-01T06:31:47.764Z","Benin City","iOS","25-34"
"50e2e2dd-b44e-428e-adb0-74237b6f3087","2025-04-04T21:24:35.014Z","Lagos","Web","25-34"
"113baa9e-f475-4d54-8969-6a3a4c6faa1c","2024-10-03T17:35:48.584Z","Kaduna","iOS","18-24"
"a6405b8d-7ded-4fc7-a919-96e7acedd422","2025-02-18T00:44:41.736Z","Benin City","Android","18-24"
"b861f600-b458-4a23-83d6-dbd7669b89e4","2024-12-25T03:54:55.668Z","Benin City","Android","18-24"
"aa0355aa-55f6-4a1b-9564-1df8d2de25be","2024-07-19T08:11:54.260Z","Port Harcourt","Android","25-34"
"5cef60ba-2741-4511-a418-c45b8b673962","2025-08-24T21:11:29.021Z","Enugu","Web","35-44"
"a909e03c-a796-4b3e-8938-53997b9f5a14","2025-02-13T04:13:59.616Z","Kaduna","iOS","25-34"
"a1785803-e0a4-4c75-9cf4-3d652d660e4a","2024-07-20T14:47:41.764Z","Ilorin","Web","45+"
"737374fa-83ce-4a17-b370-1b7c73dfbf97","2025-06-06T13:58:40.050Z","Abuja","iOS","25-34"
"eb62e096-b115-4efe-a2a0-61125858103d","2026-05-16T12:36:56.316Z","Kaduna","Android","18-24"
"7650728e-1503-4734-8a06-e9f9e81a9b38","2026-01-22T03:22:54.209Z","Kaduna","iOS","25-34"
"0436b4e9-4ea7-4b0d-98b6-f28586281c74","2025-01-09T11:47:46.967Z","Lagos","Android","45+"
"7b19b076-eb98-4def-9d40-592ff1716477","2025-11-20T16:33:20.138Z","Ilorin","Web","18-24"
"6139bd4e-5a0a-4f8b-bae0-bb886152abf8","2025-05-04T06:11:30.967Z","Kano","iOS","35-44"
"0411e7da-53ec-400f-9318-4571ce19c6a9","2024-12-22T19:15:51.879Z","Abuja","Android","35-44"
"c0359e87-1e6a-48a1-b4d4-8f5237f3fc89","2024-05-28T11:05:49.055Z","Abuja","iOS","45+"
"55b4b1b9-9ad9-4a0a-9263-4faf1f28dce3","2024-05-29T14:32:35.495Z","Kano","iOS","25-34"
"74ec7917-2d1e-47d9-b2e2-652e1582f197","2024-11-12T10:57:32.580Z","Kaduna","Web","18-24"
"a17d61b1-d565-42e0-8cd8-9b9e4ebe566c","2025-04-13T18:47:11.702Z","Ilorin","iOS","18-24"
"887827ff-6e5c-4660-8ef5-623389bfcd17","2025-10-02T23:25:57.068Z","Lagos","Android","35-44"
"afe3fb6e-17bc-41b8-b37b-96008ad4619d","2024-08-30T04:37:41.693Z","Benin City","Web","45+"
"4e383826-f697-4dcc-bf63-09c9022300c1","2025-08-07T10:07:38.401Z","Kaduna","Web","45+"
"1f2b4a72-dce3-45e9-9c89-dc6cec0ef988","2025-12-08T03:05:25.879Z","Benin City","iOS","35-44"
"15af6123-1ec9-4165-8f15-c779276e5316","2024-08-06T12:34:16.639Z","Kaduna","iOS","35-44"
"f515daa3-2106-4d06-82fe-06caf6f1393c","2025-02-23T12:29:38.965Z","Port Harcourt","Web","18-24"
"519af13d-6705-4694-92f5-47ab6fc8870f","2024-08-27T15:53:01.273Z","Enugu","Web","35-44"
"31827ee1-63dc-45de-99d9-79fb34dc10e3","2025-08-15T17:00:49.674Z","Kaduna","iOS","25-34"
"81083654-9458-40ad-bf71-6a6ec607cef1","2025-05-27T19:38:24.259Z","Ilorin","iOS","18-24"
"b569b47f-357b-40e9-8b42-0bae59ed1cf4","2025-11-11T12:49:13.033Z","Port Harcourt","Android","45+"
"6c27b124-fdcb-48b2-a35b-bdee4c90a362","2024-06-09T16:18:21.017Z","Port Harcourt","Android","35-44"
"a41f7d17-d968-49c0-80bc-7fdd66beaff0","2025-08-17T14:51:21.295Z","Kano","iOS","45+"
"4fee16ba-54d4-47c7-a8b6-9f870b554da4","2025-06-15T11:09:57.769Z","Port Harcourt","iOS","35-44"
"14650fa6-9443-48e2-ba2d-1eb1445918dd","2024-11-11T19:28:48.506Z","Kano","Android","18-24"
"9715b601-5ec3-4a5a-93a1-7f3be87fd4ed","2025-01-24T05:20:50.793Z","Ilorin","Android","18-24"
"acf44594-4a4e-44c8-b99d-61dcf6b7b39d","2025-11-02T00:56:48.019Z","Abuja","Android","25-34"
"b9e39d62-e36e-48b1-84ea-17c66942d22d","2025-10-17T07:49:19.675Z","Abuja","Web","45+"
"8c0c3ea8-24ea-4829-a153-17827c8bf685","2026-04-30T06:26:50.447Z","Jos","Android","18-24"
"5b83d14b-b9b5-4589-a19e-1aed6a997977","2024-08-17T17:57:23.025Z","Ilorin","Android","25-34"
"0e5a6438-c902-46ec-b52a-b1ea1e3b2979","2026-04-05T09:52:23.165Z","Enugu","Web","45+"
"98b4510f-375c-467c-bdcc-e00749f53a62","2025-05-03T13:33:37.215Z","Abuja","iOS","45+"
"cf0f4c19-5fc0-451a-bfbd-0be9281ed384","2026-04-16T11:22:07.934Z","Kano","Web","25-34"
"f82c25f4-7fbd-4c9c-b677-88ad1c03c172","2026-02-13T10:07:27.570Z","Enugu","Web","45+"
"19fcbeb8-f645-413c-bd47-2f43e55cf38d","2026-01-31T00:14:48.254Z","Enugu","Web","25-34"
"ebd1d769-8ba3-40b2-8e4e-7db283708ee4","2025-05-04T02:58:47.663Z","Benin City","Android","45+"
"e72c0563-1876-4810-937c-680b8a067ab8","2025-03-29T18:27:47.084Z","Ibadan","iOS","25-34"
"62aa9a77-a7d4-44cd-9768-934aaa66ad21","2026-05-12T07:27:53.535Z","Ibadan","Web","35-44"
"7c0dd2f6-a8f8-4164-a0bf-e60f8ea7df64","2024-09-30T01:52:36.799Z","Kaduna","Android","35-44"
"ed114881-db68-412f-a69c-2088d9d7e622","2025-10-05T10:50:25.226Z","Jos","iOS","35-44"
"70ffd257-6f1a-4649-b2ff-10a46cc79ac0","2025-10-16T00:45:49.382Z","Benin City","Web","18-24"
"18e66d96-504b-4f9f-ae93-d3b79b6b76fb","2025-09-28T22:18:40.632Z","Kano","Android","18-24"
"bbf89769-b22e-408d-bdb9-81905c59d169","2026-04-14T04:29:38.739Z","Port Harcourt","iOS","25-34"
"d69a0dd7-65ce-44b8-8c41-283ca98c05a6","2025-12-22T18:20:15.313Z","Ilorin","Web","18-24"
"0df0d8cd-838e-47a4-a2c9-1d1c3d745789","2024-10-09T15:47:35.022Z","Kano","Android","25-34"
"21432b78-6800-4043-8855-c6bf69086200","2024-09-02T06:51:57.055Z","Ilorin","Android","25-34"
"7db00e95-4a3c-4953-9257-debc12430061","2026-05-21T18:13:48.992Z","Ibadan","iOS","18-24"
"d0cbbff9-a46b-4db3-9387-c6a5cea7e938","2025-07-26T05:34:00.557Z","Enugu","Android","45+"
"cabdc871-b59d-4c3e-9d3e-8b34c626526b","2024-10-09T10:30:29.098Z","Ilorin","Android","45+"
"eeba8151-9121-43f2-9500-11aa0ec3a0d1","2024-08-01T03:03:33.447Z","Benin City","iOS","18-24"
"4954c438-8cb7-40a9-bfb6-ac5340e024b7","2025-08-05T04:41:14.972Z","Benin City","iOS","45+"
"0b2319e5-33fd-419a-8256-e9fed541b83f","2026-01-30T00:14:28.335Z","Lagos","iOS","18-24"
"1cd48ab3-a32f-4d01-abdc-e4d1721ca47e","2025-01-11T19:30:40.805Z","Benin City","Android","35-44"
"87423a28-2e4f-4674-add7-c5c08f13c15b","2026-03-19T20:03:05.207Z","Ilorin","iOS","45+"
"02e2d434-a7e2-4e44-9c43-e52446967adf","2024-10-19T13:34:36.968Z","Kano","Android","45+"
"c80a2f3e-77e8-43b5-8290-4db04a1a7cbf","2025-07-20T06:29:02.853Z","Port Harcourt","iOS","45+"
"623649c5-c98f-4f8e-a71a-b17e13f53179","2025-05-16T10:23:42.517Z","Jos","Android","45+"
"c93d17c7-3fbb-4be3-98d5-71363343265f","2026-01-24T03:26:30.464Z","Port Harcourt","Android","18-24"
"e2277613-523c-4c49-830d-e0216c514fac","2025-11-29T14:27:48.785Z","Enugu","Web","45+"
"7d31f365-e3f8-49e4-95df-44c7e05c50a4","2025-03-02T22:27:02.990Z","Jos","Web","25-34"
"369b131d-e361-47f1-bd33-cec255a8ecbf","2024-12-02T23:16:38.088Z","Ibadan","Android","35-44"
"8a404c5e-8f73-4d56-9a83-117548e181f1","2025-06-30T21:24:11.668Z","Kaduna","Web","45+"
"9f8c67a5-7be3-49b7-a626-321ea550b5ad","2024-07-22T12:11:19.085Z","Benin City","iOS","18-24"
"c448b7af-2604-4066-8467-8c85c5d76013","2024-12-01T01:00:59.168Z","Benin City","Web","18-24"
"defd59dd-84f9-4bf1-9fe2-f82f46e508b6","2024-11-25T13:11:31.056Z","Kano","Android","25-34"
"95c2b1db-bbd6-49ad-b4f9-5b03d259fb94","2025-01-15T03:46:13.392Z","Ilorin","Android","45+"
"d0ee4df5-9763-4b44-9cde-7efdaa716426","2026-02-04T09:55:08.683Z","Jos","Android","18-24"
"b040d38a-eedf-4ee1-acd8-18028438e69f","2026-05-07T20:48:43.893Z","Ilorin","iOS","45+"
"d9bc296e-5db1-4954-adfa-79f01115c1ca","2024-09-27T22:27:49.380Z","Abuja","Android","35-44"
"6233dabb-9f2d-4b9b-b1d7-20477a744865","2025-04-21T15:23:10.145Z","Port Harcourt","Web","18-24"
"bc1401eb-01a0-4602-adf7-a41cc00bb8db","2026-03-19T16:09:57.308Z","Lagos","Web","35-44"
"3c211a75-4dbc-4ec8-80fb-83f8cfb891b3","2025-09-16T13:31:59.369Z","Enugu","Web","35-44"
"459353af-ed65-480c-8cd1-bbfbfbf13eea","2024-11-29T12:37:45.762Z","Lagos","Android","45+"
"9a9f0c45-9113-4704-83d2-5a418fcb64bb","2026-01-25T13:18:31.441Z","Ibadan","Android","25-34"
"da7b87e5-3a39-4592-8c7b-7624436ec54b","2026-04-22T04:37:18.021Z","Jos","Android","45+"
"67a0f70c-041b-47e0-86a8-d8551811b1a9","2025-04-19T00:34:29.878Z","Ibadan","Android","35-44"
"32e1be44-52d6-4b16-9369-9c7ea25d4ee2","2025-06-21T20:04:53.610Z","Abuja","Web","18-24"
"e673f737-5371-4683-91c3-422acfd29016","2024-11-22T08:47:58.716Z","Jos","Web","25-34"
"b5eeedfe-d823-4a79-9c81-a3f4625103b0","2024-09-09T00:03:47.588Z","Jos","Web","18-24"
"b35f5bb1-ca4e-48de-9816-79f1b48a8e08","2024-10-28T16:01:50.895Z","Ilorin","iOS","45+"
"acf8d4de-e65b-4ee4-b23a-e726b9068d5a","2026-04-30T10:52:34.559Z","Ibadan","iOS","18-24"
"65416d18-48eb-4bb8-8f5d-5a517a215572","2024-10-17T10:25:14.269Z","Jos","Web","18-24"
"0e4b041b-8c65-4d0f-942a-2b5264dffc0a","2025-12-01T13:02:04.037Z","Abuja","Web","45+"
"81731b6c-3c0b-4d46-a7ca-16c06eb3c7ed","2024-12-13T00:01:36.606Z","Enugu","Web","25-34"
"5fe2c0ed-5d35-4a32-9338-2c981c00ef37","2024-05-27T09:24:21.757Z","Port Harcourt","Android","18-24"
"fdaa53bb-0268-4d62-8a86-edd348ad6db0","2026-05-12T05:55:30.830Z","Kaduna","Web","25-34"
"06e2b8c3-2283-4ce5-a569-9d0bc3835c4a","2026-01-22T21:29:04.909Z","Benin City","Android","35-44"
"d1db720c-2be9-43b3-a7da-911e89ed9fa1","2026-02-10T01:40:04.732Z","Lagos","Web","45+"
"099529e1-701d-4308-ba27-a364847e40a4","2026-04-05T10:06:31.952Z","Ilorin","iOS","18-24"
"a3f526c5-227b-4af2-a167-ac8922cad917","2025-07-31T03:11:50.910Z","Kano","Android","45+"
"8b8a7161-b771-46e4-8898-d2c2874973f1","2025-10-27T03:57:37.819Z","Benin City","iOS","25-34"
"82a5a4ee-5bb9-49bf-aeac-a29aac7399da","2025-10-15T11:06:26.066Z","Port Harcourt","Android","45+"
"6a7b5392-4be8-4db6-848d-3d49890dd050","2025-06-01T23:38:29.218Z","Kano","iOS","25-34"
"cea91111-9783-4687-86e6-4efc7fd3ae27","2025-04-27T05:43:11.181Z","Lagos","Android","35-44"
"d5593454-d717-45b7-b898-00f3127634c0","2024-10-22T08:04:45.012Z","Ibadan","Android","18-24"
"530723c0-a14f-483b-b1ed-a82d1685702f","2025-06-11T09:51:48.555Z","Port Harcourt","Web","45+"
"b54fb13a-c8e9-4cc8-acbb-386c5d113eec","2024-06-12T20:02:47.858Z","Ibadan","iOS","35-44"
"fca898df-8896-4186-b8cf-47f66d8ec5d1","2024-08-07T22:24:28.420Z","Benin City","Web","25-34"
"d116d3d8-4bb2-4314-b23c-6f1a382f0198","2026-05-07T06:36:03.440Z","Jos","Web","35-44"
"4db9bb04-d739-4a9a-aec2-928208d7f609","2026-04-04T14:46:46.635Z","Benin City","Android","18-24"
"bc9805b1-36ab-49a6-b8a8-30025d675522","2025-09-30T05:49:37.218Z","Abuja","Android","35-44"
"589b57d2-68d4-41c7-9fc5-255b24e4fd57","2026-05-18T02:50:46.399Z","Benin City","Web","18-24"
"1ab2aa28-f0d9-4deb-a65a-95bb8a8159d3","2024-06-08T07:35:05.228Z","Ibadan","Android","18-24"
"1cd39be7-6b04-4e21-af2a-04f2ac622adf","2025-02-21T00:05:09.048Z","Ilorin","Web","25-34"
"7dd7fe5c-5650-4f3a-a3e4-cafc0ff62d43","2025-09-06T21:15:13.858Z","Kano","iOS","35-44"
"a1882941-9b0c-4fc7-8ff7-de413a1f5601","2025-08-01T11:05:57.314Z","Lagos","Android","18-24"
"e8e57976-a3d2-4897-b6b5-eb5987082015","2025-07-22T20:06:05.590Z","Lagos","Android","45+"
"4aa0a554-1013-43c4-a059-1330fbdd6be5","2025-03-01T17:28:20.113Z","Kaduna","Web","45+"
"20d7f6eb-c6ac-4d89-9d35-eeff6bcd67d7","2025-05-24T12:50:28.566Z","Port Harcourt","iOS","18-24"
"cd80c924-54a6-46d5-9fc9-12c605e634dc","2025-09-30T05:43:23.638Z","Port Harcourt","Web","18-24"
"d1aafc95-50f0-436c-a5b0-c7bda1473224","2025-06-02T15:23:17.027Z","Ilorin","Android","25-34"
"e701cc8c-c6c6-4844-9658-5696bdb9f5fe","2025-05-13T02:44:18.241Z","Lagos","Web","35-44"
"73ebc533-a799-4d42-9d7b-9724cfe79ed3","2026-03-31T17:04:24.996Z","Kaduna","iOS","35-44"
"a0e17fad-b86e-460f-81f5-0f7e617c75e9","2025-07-28T07:11:42.406Z","Kano","Web","25-34"
"acbb522c-dcf1-4526-bc29-cbdde0150064","2025-04-10T08:20:33.728Z","Ibadan","iOS","18-24"
"ddf354dd-5984-447f-9372-45caf4ac01d8","2025-09-09T19:38:07.119Z","Ibadan","iOS","25-34"
"ea0a0b93-7075-4dcd-9644-f34f39f0e529","2024-07-12T02:08:47.608Z","Benin City","Android","18-24"
"228e058b-5dd6-46d9-b850-1b67f5535854","2025-03-11T11:20:11.808Z","Ilorin","Web","45+"
"c934b447-5a44-4d14-a803-43101cb5539f","2024-06-18T14:32:27.159Z","Ilorin","iOS","45+"
"816f4baf-eaf3-4dfc-9368-b47bf72c460a","2024-05-25T19:26:51.014Z","Kano","Android","45+"
"e33ea447-db29-46b9-8e29-f7c0bd969a60","2025-11-16T14:44:33.205Z","Port Harcourt","Web","25-34"
"da8aab05-da04-4dc4-9961-5dde2a414551","2024-11-29T17:29:14.845Z","Port Harcourt","Android","45+"
"2825f03c-a3e5-483b-9207-89277f204391","2024-10-02T00:41:29.746Z","Abuja","iOS","18-24"
"ba98ca9b-e568-4991-acd6-9a84ece6fbbe","2025-07-18T07:37:34.660Z","Ibadan","Android","25-34"
"cfda306a-ebae-4819-9ae1-7048a9cc4ba3","2025-10-24T16:04:11.680Z","Benin City","Web","18-24"
"81e32ed7-d592-4d78-aeba-7bcccbf1dab8","2025-10-05T09:34:12.184Z","Port Harcourt","iOS","45+"
"52123714-9f4d-4531-ab99-66ac68a9df23","2026-02-21T14:01:32.589Z","Kaduna","Web","18-24"
"cf451b15-783d-4d84-924c-d5a2dc9cd512","2024-06-25T00:32:04.806Z","Ilorin","Android","35-44"
"9ad36f48-2504-4687-ad3d-a84466bc4730","2025-04-01T00:19:30.717Z","Ibadan","iOS","25-34"
"fd6c6ddc-6d61-45c6-91bf-b31a7b61e353","2024-11-21T23:43:59.944Z","Enugu","Android","18-24"
"7e13561f-c026-4fb4-99f4-b5498fb6e5bc","2025-03-14T14:22:07.574Z","Abuja","iOS","18-24"
"f39dbc68-2305-4508-94f9-5e6f625c3c80","2025-09-06T20:49:42.348Z","Port Harcourt","Web","45+"
"b391e710-b969-4a7f-8dd9-48a04df4e1d0","2024-09-21T05:18:18.473Z","Ilorin","Android","45+"
"280741e5-8305-49a1-ae3c-e3afa6184132","2024-12-29T12:19:07.890Z","Jos","Android","18-24"
"a4958185-f115-4026-b880-dad06d2404d7","2026-01-28T02:12:59.147Z","Jos","Android","18-24"
"09809172-cf4a-446d-9754-54fa0e28ad62","2026-01-07T06:48:50.178Z","Benin City","Android","35-44"
"243a9a09-71a9-441a-bedb-ca91d2464da4","2024-06-22T07:13:13.373Z","Port Harcourt","Web","35-44"
"aac57868-53bf-4e1f-b48f-d029bf7fa6b4","2025-06-22T03:18:05.286Z","Port Harcourt","Web","18-24"
"98cfcf6e-b788-4c3e-aeba-3605d0b525c6","2026-03-03T04:58:09.175Z","Jos","iOS","18-24"
"d448a280-7616-47e2-973d-78f0e08e1395","2024-06-17T00:13:04.434Z","Enugu","Web","35-44"
"75a03ff8-0281-4c6e-a1fd-5e8b13e3c310","2026-04-10T14:05:52.416Z","Kaduna","iOS","35-44"
"37721e9a-d404-4e25-9716-f1f038e705a9","2026-05-20T12:12:39.995Z","Ibadan","iOS","25-34"
"88c8e69a-52ec-4743-a6cd-13459787e79d","2024-08-09T04:42:51.510Z","Abuja","iOS","35-44"
"be798236-519d-4582-b84b-d38d291f9e40","2024-06-27T04:16:04.147Z","Benin City","Web","25-34"
"1db33538-d297-41e3-9c74-c92cd03a8bdc","2024-11-08T23:58:43.083Z","Jos","Web","35-44"
"a150dd38-03bb-4399-a6fd-4203371ea252","2024-10-08T06:59:33.335Z","Abuja","Web","45+"
"e7db4360-317a-4903-ae6e-6287b06a9e8c","2025-05-11T05:17:33.072Z","Kano","iOS","45+"
"0a1e3b46-98e1-4e7e-9aff-4732a3566240","2024-05-28T22:00:19.884Z","Lagos","Android","35-44"
"a046f786-acea-47d0-b443-c4fcdad7f599","2024-12-22T11:56:10.140Z","Port Harcourt","iOS","18-24"
"a85afb9f-f8e2-4a02-aba3-f5596dddc2d2","2025-08-20T16:42:08.322Z","Jos","Web","18-24"
"b2d3fc42-8b2b-418e-8951-f6bf48a749fa","2024-06-23T00:20:21.113Z","Jos","iOS","25-34"
"425968fd-ab0a-4bfd-8dbb-deca4a2ee3b4","2025-01-02T01:02:18.659Z","Kaduna","Web","18-24"
"7487995d-bbd7-4864-a082-3e7d2ca9d8f1","2026-01-09T23:50:08.713Z","Enugu","Android","45+"
"24e1f4dc-ad2c-4979-912d-8441583f230f","2025-10-03T11:59:35.491Z","Kano","Web","45+"
"d997d6c3-e269-418d-93b3-7c8288d32900","2024-11-11T05:55:56.140Z","Lagos","Web","25-34"
"db0095bc-045e-4a0e-9883-cbd75f22c1e5","2025-04-30T03:18:11.273Z","Kano","iOS","18-24"
"0cc22bdd-36bb-4857-8d30-b71ae47b6a39","2025-05-31T04:32:44.798Z","Kaduna","Web","35-44"
"c0628c84-9574-48ed-a3c6-a5c2bf53376a","2025-12-22T18:03:03.760Z","Ilorin","iOS","45+"
"ae11da0f-7a78-43d6-a827-7069ddd0050b","2025-12-19T22:53:03.465Z","Ilorin","Android","35-44"
"746a8e3c-8a59-4dc8-af19-272366a4b41f","2024-12-04T13:30:57.094Z","Benin City","Web","25-34"
"e40f91e5-30c0-43a0-825e-2d72708dd9fd","2025-12-25T15:40:08.615Z","Kano","Android","25-34"
"96397651-0c0f-4471-934f-93a1c115ffd6","2024-12-02T00:49:17.527Z","Jos","Web","18-24"
"85e35937-edf3-458d-a20b-e402aca444a2","2025-12-23T06:16:33.281Z","Lagos","Android","25-34"
"b46ce27c-3868-4b11-81f0-ba60e2c3af34","2024-10-20T03:56:02.009Z","Ibadan","iOS","45+"
"17213a93-9d2d-4eef-8fac-10bd7ecad226","2025-08-14T20:43:32.619Z","Ibadan","Android","25-34"
"ae84cfa9-a76c-4585-8fe4-f16d9ba33aa8","2026-04-23T16:50:53.658Z","Abuja","Web","45+"
"43fdde9c-3e4a-4749-aee3-ea9eac45c4ac","2025-09-04T22:09:22.578Z","Enugu","Android","35-44"
"3e123521-a233-4c81-bd31-aabb9ac88184","2025-11-17T03:09:19.525Z","Abuja","iOS","18-24"
"dec87dcd-0188-40e6-a82c-ed91bf7c123f","2024-09-18T07:48:17.938Z","Kano","Android","45+"
"d69c3c30-6603-4562-b563-94f5f5f6df70","2025-03-02T08:35:28.434Z","Benin City","Android","35-44"
"6be728f0-3894-4b78-a009-72fd38e96aca","2025-02-25T10:13:38.160Z","Lagos","Web","35-44"
"6531630e-42fd-4a30-9959-def24dec621e","2025-03-28T17:32:55.288Z","Port Harcourt","iOS","18-24"
"23c816d5-1c91-46f7-9a1b-b922990c443a","2024-06-21T12:04:52.485Z","Port Harcourt","Android","18-24"
"9d82c2f5-6316-4f64-b24c-9239ebbf492c","2024-12-08T23:47:26.749Z","Kano","iOS","35-44"
"86e62581-f114-46b7-994d-a30784dcea5c","2025-11-30T01:20:39.658Z","Abuja","Android","45+"
"a347f1f7-6c67-4cce-9cfa-a36760b1958c","2026-05-10T13:16:07.268Z","Jos","Android","18-24"
"8a5c161c-a712-4b5d-a1d1-707bb60dcced","2024-08-23T05:31:24.540Z","Jos","iOS","35-44"
"30111d25-65c1-43c9-b7ce-f5b01b335a28","2025-04-21T00:59:26.589Z","Abuja","Web","18-24"
"4aa00991-6291-487d-947b-3ae3062d3acf","2024-08-30T05:24:44.990Z","Kano","Android","18-24"
"20f2c27e-cb81-4fcd-9101-4f33b190b7fe","2024-12-24T14:08:11.973Z","Ilorin","iOS","45+"
"61984dcb-7985-4377-a5ca-d556d94c01ff","2025-10-09T08:19:52.855Z","Jos","iOS","35-44"
"0ced626b-83cc-42dc-951d-c3713d27d726","2025-04-13T08:50:37.485Z","Port Harcourt","Web","45+"
"af758f42-8e31-4fe1-baaa-794a656086ca","2024-11-10T23:59:09.022Z","Benin City","Web","25-34"
"6144a2cb-ae98-4b8e-8e7a-51b17e5b2c96","2024-11-26T13:02:34.230Z","Kano","Web","35-44"
"4231cba3-b623-434d-bdcf-674e65c664b8","2024-08-20T10:59:35.642Z","Enugu","Android","25-34"
"b77bb80e-8407-433f-b859-23b2410a96c7","2025-08-17T02:02:07.973Z","Ilorin","Web","25-34"
"5b260a0b-78db-4e94-983d-b600d72e2f82","2024-12-24T20:25:42.803Z","Kaduna","Android","18-24"
"4cee1b58-ab76-46e0-bc46-29eab889a023","2024-07-06T04:14:54.935Z","Jos","iOS","18-24"
"231acbf5-a987-4ee3-a8cc-98e23b02cc4f","2025-02-16T17:40:35.533Z","Port Harcourt","iOS","45+"
"6d04a7f3-b809-4b45-911b-586362a35876","2025-12-11T15:18:44.220Z","Jos","Android","25-34"
"4f466dd3-eb10-4ff8-88dd-b9e530d44cb6","2024-06-06T22:19:29.204Z","Ibadan","Web","35-44"
"598baefc-5667-4e86-9412-ad2332528909","2025-03-25T04:38:14.935Z","Kaduna","Android","18-24"
"ce8ccc3b-751f-462e-bed6-b1d4058e0044","2026-03-22T23:49:10.021Z","Abuja","Android","18-24"
"9575e6d6-f7e4-4914-8f47-73ddde3ff840","2026-02-05T09:46:21.340Z","Kano","iOS","18-24"
"d624ca03-f03f-4f32-bf37-edd7e04ee5ef","2024-08-14T09:11:10.059Z","Abuja","Web","35-44"
"859e8e16-9f37-4d8b-aac7-755ef8c2466a","2024-07-27T17:01:34.334Z","Jos","Android","25-34"
"807ef274-0fdd-4766-94a3-c37ba4aeef34","2024-09-27T03:06:52.843Z","Port Harcourt","iOS","18-24"
"c16b08a1-dd90-4652-a03c-96e89980da15","2024-12-31T19:34:11.537Z","Jos","Web","35-44"
"aac5f0e0-f4ec-41a2-9edc-914d330c55b1","2024-12-29T02:24:45.672Z","Ilorin","Web","25-34"
"1b01c92b-cbfd-4250-a70e-d14d98934250","2026-03-14T07:06:49.013Z","Lagos","iOS","25-34"
"94b9e588-873c-4a14-a0f8-1240921d9b53","2025-12-06T06:26:35.150Z","Enugu","Web","18-24"
"2cffd10a-0103-4996-b261-e42eb1395ed3","2024-07-02T04:00:24.521Z","Jos","iOS","18-24"
"b092bdef-5694-4f7e-9e2e-8c245935e4c5","2024-06-14T11:06:19.092Z","Abuja","Android","35-44"
"d0a16360-9576-45ec-9780-e06ff31ff92f","2024-05-25T16:04:09.492Z","Lagos","Web","25-34"
"dc589dbc-e9d2-4e20-bb3a-ceed6419b6f6","2024-09-26T21:09:46.304Z","Kaduna","Android","25-34"
"79b45088-03f8-45bd-86e0-bf029e469ee7","2024-09-24T09:46:46.379Z","Abuja","Web","18-24"
"b607d92c-1f85-41d0-b48a-dc97cbbc4504","2025-07-24T06:22:51.793Z","Lagos","Web","45+"
"ce56fb64-e1ca-4b22-8d7d-a79589cf8ebc","2025-05-27T21:04:27.164Z","Port Harcourt","Android","25-34"
"d218b35f-db75-479c-9cd0-be59c24afd18","2025-10-28T11:33:57.591Z","Ilorin","Android","45+"
"929a6c0a-cc58-4603-8689-58452ce914da","2026-01-26T01:10:30.588Z","Abuja","iOS","35-44"
"f3ea07ca-3df2-49fe-8e7b-613d40844e41","2024-09-09T02:25:47.434Z","Lagos","Android","25-34"
"563e5855-ef2d-4814-8a3a-f34c9e1f804b","2025-08-04T00:05:52.632Z","Ilorin","Android","35-44"
"f6d02c3a-0f77-4d10-8585-9124d41e55cc","2025-07-28T23:54:07.153Z","Ilorin","iOS","25-34"
"3de1a250-17ec-4069-9bdb-399a84f77358","2024-08-18T00:53:16.952Z","Benin City","Android","25-34"
"311234b9-69c1-4f59-a69d-938157e56412","2025-08-10T13:18:39.367Z","Port Harcourt","iOS","18-24"
"5f0b0d43-d622-4eb5-a348-9120b2f8c8a7","2024-08-17T12:00:18.657Z","Ilorin","Web","45+"
"6f1471be-b8b3-4492-80c6-1c1128d29288","2024-12-10T03:11:57.974Z","Ibadan","iOS","18-24"
"dea3b96d-a159-4359-b2df-dc25016ae12b","2025-08-30T19:02:58.731Z","Ibadan","iOS","45+"
"6981174a-92d3-4d35-a48a-de3ba8fc875d","2024-11-24T07:54:30.983Z","Enugu","iOS","35-44"
"a10784ef-bc29-486d-a6f6-50fa8a31cac9","2025-09-22T08:01:46.557Z","Benin City","Web","25-34"
"baef8752-4e6c-4fc2-a1ca-a948abbf5b13","2025-09-28T15:00:21.951Z","Kaduna","Android","25-34"
"b076a541-7079-44ac-a2c1-9a558a3b3cb1","2024-10-15T16:50:20.463Z","Ibadan","iOS","35-44"
"dd103c76-b5b4-4ce7-a0ab-ff1c4b52acb0","2025-09-10T14:24:42.426Z","Ilorin","Web","35-44"
"5e24a1bd-71f0-4ae3-9000-d083fb8f818a","2025-05-23T10:29:43.043Z","Ilorin","Web","45+"
"1096b3c4-3635-40ce-b8b5-dd34d12660eb","2025-01-14T20:54:15.450Z","Kaduna","Android","35-44"
"1dacc2aa-9450-4224-9a89-e5ddf41be630","2025-01-06T08:36:56.560Z","Benin City","Web","35-44"
"a39b2ad4-d09d-459d-9b60-63e8e4658900","2025-05-05T17:34:39.897Z","Benin City","iOS","25-34"
"30661e5f-251b-4925-b53c-de3cba19faa6","2025-03-16T21:19:46.229Z","Kaduna","iOS","35-44"
"d011db65-e8a4-4ea0-ad8a-f580ae59cb1d","2026-04-14T23:47:12.052Z","Kaduna","iOS","35-44"
"3f7d4808-5615-40bf-83cf-f300e491ac0d","2026-04-25T14:23:29.206Z","Jos","Android","18-24"
"1f5f0ae9-3be3-43a0-9fd1-ffe41409231c","2024-06-26T13:07:23.335Z","Enugu","Android","25-34"
"26d66db7-d856-4be1-ab5c-06a597a0c650","2026-04-24T20:18:04.186Z","Abuja","Web","18-24"
"f55f4b0e-3c3d-4cc6-b85e-a9a718d6700a","2024-06-11T15:42:25.790Z","Lagos","Android","35-44"
"1ec08a09-68af-4eff-9989-746543daa90e","2024-06-25T10:40:35.189Z","Lagos","Android","25-34"
"6ac5ac12-a391-43a3-948a-dd1487ad6696","2025-03-05T01:20:49.860Z","Ilorin","iOS","18-24"
"bcf7486e-4aa6-46e0-913c-e7b056902166","2026-04-06T20:44:52.130Z","Ilorin","Android","18-24"
"61f681ca-f3bd-43ad-9d31-f94cd7a9d516","2024-08-30T22:46:09.658Z","Benin City","iOS","45+"
"96e7aa8e-35f7-43e9-93b2-4e004aab4d66","2026-04-01T14:54:21.541Z","Kaduna","iOS","25-34"
"dcbcffd8-8e78-430c-8d9b-fe02d061fc75","2024-09-02T14:07:17.521Z","Ibadan","iOS","25-34"
"1ac3d545-9455-4673-9138-bc5ede357398","2025-03-19T10:03:56.144Z","Ilorin","Web","25-34"
"74fc70fc-900b-454a-9c38-5dd18bdda6ff","2025-07-20T18:12:27.632Z","Enugu","iOS","25-34"
"f81cabd2-7d11-4584-ad42-ae162eeaa6ee","2026-04-07T12:52:53.389Z","Jos","Android","45+"
"d89d2a8f-fdfb-41ac-b7b0-0786de34a564","2025-05-04T07:40:17.429Z","Kaduna","Web","35-44"
"2b8a613b-1a2a-41de-a73c-aca0a5226c9e","2024-10-07T19:24:55.520Z","Abuja","Android","18-24"
"60ba1a31-f08e-402c-8b1b-7f36b68b4433","2026-01-21T07:13:38.641Z","Port Harcourt","iOS","35-44"
"7d81d0de-eeb7-4c04-a1b2-b194de25f4b3","2024-12-21T00:36:57.782Z","Kaduna","iOS","25-34"
"91d0a60b-1b80-4357-b31d-b3d90bdcbf26","2025-02-11T21:50:13.782Z","Port Harcourt","Android","18-24"
"eb6a6bb8-b6ba-4177-91af-560a6308277c","2025-10-09T01:20:25.033Z","Kano","Web","35-44"
"35029515-ff60-4cec-962e-c49f4cdc0311","2025-05-11T03:44:01.006Z","Abuja","Web","45+"
"ab023d86-61fc-4f67-9518-d3462ebdbb82","2024-10-26T18:08:03.730Z","Benin City","Android","25-34"
"9ce59091-e879-488d-b59b-145b9002ca21","2025-10-27T06:51:22.443Z","Abuja","Android","35-44"
"a6e84ded-b0fc-40f8-8c74-4bf91c817c10","2024-12-16T16:58:13.997Z","Enugu","iOS","45+"
"ea74ea5a-ab05-4dca-9ce8-31c1a3e034af","2025-02-07T20:09:39.956Z","Benin City","Web","25-34"
"e2b5a15d-b8c3-4eec-87f3-1d4492377f00","2025-02-07T18:17:46.900Z","Kano","Web","18-24"
"a3d7afec-a141-453f-8d82-837b757cfce7","2025-04-16T00:26:59.372Z","Benin City","Web","18-24"
"532c2a71-5535-4614-99ed-94c2138a03a1","2025-05-22T05:44:40.055Z","Port Harcourt","Web","35-44"
"ede8709d-bf35-402c-aa12-7b71e69bed8e","2025-03-16T23:35:50.343Z","Port Harcourt","Android","35-44"
"1580f0f6-429f-4b32-a9f1-d5834c30ee3b","2026-03-18T00:27:27.292Z","Ilorin","Web","25-34"
"1d177dc5-a980-4a31-a2a7-5906de6956b5","2024-11-15T02:09:50.747Z","Enugu","Web","18-24"
"2ada94f6-b12d-495b-a412-258d69e7ce3c","2026-04-15T19:53:50.470Z","Ibadan","Android","35-44"
"2d0a29ea-4f08-4122-9d11-835d81f8d52d","2025-01-17T03:27:54.760Z","Ibadan","iOS","25-34"
"67ccc774-cecc-4666-9f7a-a3a9d7c1fb17","2025-10-10T08:19:50.549Z","Jos","Android","35-44"
"92ffaead-4124-462e-a68d-bf6a7837010a","2024-10-27T00:06:08.268Z","Kano","iOS","25-34"
"cbaa4e66-7647-4231-8c98-82ff1e9e3104","2025-01-26T11:49:57.500Z","Enugu","iOS","45+"
"fb63d739-cc32-4a83-87d1-979f0c4b107f","2024-12-13T11:46:20.951Z","Benin City","iOS","25-34"
"5d7b9174-b5f3-4ffe-ad41-60e672823ea7","2024-11-23T12:09:26.539Z","Lagos","Web","18-24"
"95625b25-4c1c-4ab3-8a73-6f8c6dc58920","2025-01-06T10:01:56.925Z","Lagos","Web","18-24"
"8371541e-ecdf-4292-91e3-098190d957f2","2024-08-11T18:07:16.093Z","Jos","Android","45+"
"a3bab197-38e6-4500-84b2-21d3d4dd4573","2025-03-28T07:38:28.925Z","Kaduna","Web","25-34"
"b980162a-6470-45f8-a93e-b57c8ea947aa","2024-08-31T02:51:25.689Z","Kano","Web","18-24"
"3efab0e4-d097-49c1-8738-2ae08fb5aa63","2025-09-29T05:23:56.532Z","Ibadan","Android","25-34"
"ee00fb0d-c897-4942-abcf-e36d9493edc3","2025-10-03T22:15:39.477Z","Kaduna","iOS","25-34"
"f6b7e091-0359-4726-8527-3e2abda898f7","2025-03-22T06:16:52.792Z","Kaduna","iOS","35-44"
"f914ce94-78a8-4f2c-a3d1-4049080d33d0","2024-11-23T07:41:54.456Z","Jos","Web","35-44"
"58c2c924-9245-436a-910e-5a5875144671","2024-06-28T16:40:54.930Z","Jos","Web","25-34"
"4383b3cd-b5ce-4cde-9359-980aa0a54bf9","2026-03-09T23:55:52.410Z","Kaduna","iOS","18-24"
"90611ac4-6cf3-47fb-9743-48282f17656b","2025-09-20T22:58:49.145Z","Port Harcourt","Web","45+"
"1d614fcc-5d55-40ed-b423-b36efac6e30f","2024-10-31T00:05:26.480Z","Benin City","iOS","35-44"
"510ac484-581f-4aca-9eae-8cd3024965f7","2025-09-24T13:58:54.985Z","Abuja","Web","25-34"
"729eaefb-7831-4347-a613-af2b5d2160d5","2024-07-29T15:25:15.773Z","Benin City","Android","18-24"
"99f69411-ffe5-4b63-b467-7b08a8ac59a3","2025-08-23T10:08:33.425Z","Port Harcourt","Android","35-44"
"18f56807-f9b9-4a0c-89a9-eb26773d0d63","2025-11-19T02:33:58.419Z","Kano","Android","25-34"
"6e1654c5-6db0-4015-996e-21bf70dae81f","2026-04-12T12:47:39.863Z","Ilorin","iOS","25-34"
"af4e7e35-80c1-4f1f-9bcd-02f9bded5e65","2025-05-25T23:52:47.384Z","Abuja","Web","18-24"
"4582b878-9847-4ed0-81bc-0958488505b5","2024-11-23T22:23:59.318Z","Ibadan","iOS","45+"
"d29df0d2-96f9-4d82-97c7-f9d6347ea6ec","2025-06-26T00:37:37.477Z","Port Harcourt","iOS","45+"
"9a1344c7-3747-48b2-a768-b2f77caf3bcc","2025-03-26T03:48:45.551Z","Ilorin","iOS","25-34"
"5f66cf10-7d1f-4e60-87b8-f196ad289951","2025-10-02T14:01:35.038Z","Kaduna","Android","45+"
"baf6b7ba-cac8-4f9a-aafc-ce623056739d","2026-04-04T15:11:48.002Z","Jos","Web","18-24"
"d81b578d-a66e-4d4b-aca2-222394d54bbe","2026-01-29T06:33:50.322Z","Benin City","Android","18-24"
"de4f6b79-8091-4d4c-89a3-758edb1cca03","2026-02-08T15:01:31.531Z","Jos","Web","45+"
"4ec29cce-1778-4770-a2fd-d5de9b21ccd3","2025-12-13T07:53:35.904Z","Jos","iOS","18-24"
"4347d819-b57f-4d6b-a11e-3681ad0d8d7b","2024-12-26T15:19:58.456Z","Port Harcourt","Web","25-34"
"279367c3-4fa0-4a2b-b2a6-4c126df21572","2026-03-13T06:30:22.187Z","Jos","iOS","18-24"
"efb7a87a-dd46-4953-a41c-2279e312a287","2025-10-08T05:49:00.571Z","Enugu","Web","45+"
"fdb771f0-39e3-4242-ac74-a0d6097b5ed7","2024-07-21T18:31:53.381Z","Lagos","Android","25-34"
"9074584c-a063-4528-9dce-d37b7ae3411c","2024-12-03T08:52:59.092Z","Ibadan","Android","45+"
"71ce7659-561d-4daa-8d44-95b30de51345","2024-07-01T08:36:22.717Z","Ilorin","Android","35-44"
"4c90e894-926d-466f-a79a-f6ff3e2708bb","2024-08-31T23:26:10.703Z","Kaduna","Android","35-44"
"d0ab85ce-116a-4183-975e-cc12b21de8a8","2024-12-07T10:29:14.226Z","Kaduna","iOS","18-24"
"2887b24f-d29c-45ac-9e8f-ee73b89dfd6c","2024-12-18T10:30:02.719Z","Jos","Android","35-44"
"8f920366-6aa2-4024-8c60-5a53f5da8b93","2025-12-04T20:55:15.645Z","Kaduna","Web","18-24"
"057ee0cc-a59d-4a02-8302-2f0eb13b67f0","2025-08-13T21:13:12.466Z","Benin City","iOS","45+"
"77d70429-b75e-41f2-8f46-264839e0b25a","2026-03-22T22:38:57.365Z","Ibadan","Android","25-34"
"c7f68e10-e3d7-4dcb-be31-74a0b2737d29","2025-08-06T04:00:39.354Z","Ibadan","Web","18-24"
"05833b37-e09b-415f-94fc-a8fbd2a6fd00","2025-12-08T06:02:15.763Z","Kano","Web","18-24"
"e6dd2b64-bf97-4e1e-9ca4-719e5ea355d8","2025-07-07T16:42:23.083Z","Ilorin","Android","35-44"
"a46ebc3f-281d-405c-a979-978c86bbe11e","2024-12-27T05:13:29.611Z","Ilorin","Android","18-24"
"0a497e5c-1f34-4508-9f2e-a8d63da5d683","2026-02-16T22:29:35.685Z","Ilorin","Android","25-34"
"44c72a44-0486-44b1-bd9c-2b4cef9d522e","2025-07-18T03:26:27.301Z","Enugu","Web","35-44"
"7d356877-66aa-4520-9fb3-4714e76296b7","2025-02-09T11:43:47.796Z","Lagos","iOS","45+"
"c22eacc9-308d-41b0-b1b7-23f7b00ad41d","2026-01-05T04:15:27.522Z","Jos","Android","45+"
"bb33316b-e449-4ee3-9e38-925b13e0818a","2024-08-24T09:36:04.273Z","Kaduna","Web","35-44"
"10039a36-024e-4c4b-a667-2c33da45ba9d","2025-08-28T18:04:17.739Z","Kano","Android","25-34"
"9767cad6-5334-4f0f-a3f4-d6a34be156c2","2024-10-20T00:11:57.406Z","Abuja","iOS","45+"
"1638c070-affc-4d2c-adc0-f5464a842bad","2024-12-13T05:46:40.909Z","Benin City","Android","18-24"
"6766b6f1-8dc8-4ecb-a38d-51d9d5942cbf","2025-04-01T23:17:40.702Z","Abuja","Web","18-24"
"e3833dda-e6f8-43ea-985b-974d986c1d4e","2024-08-19T10:21:29.387Z","Abuja","Web","45+"
"e281f7fc-1001-42b8-9c57-cb8d602ad0de","2025-05-22T07:44:40.608Z","Kano","Web","18-24"
"f5908381-92c9-4444-94ea-1c736d9562e6","2026-02-08T12:21:44.641Z","Lagos","Web","35-44"
"f9150a85-8d62-4e15-896e-1d1c078b9dea","2026-01-06T17:50:53.765Z","Lagos","iOS","35-44"
"40da8e95-9e30-45f8-84d2-84559f817203","2025-06-05T04:12:30.666Z","Abuja","Android","18-24"
"865afdc1-ce84-4d0f-bd85-d523f2b35b96","2025-11-22T20:23:49.807Z","Kano","Web","18-24"
"90485e90-6a15-424b-9b54-456b3376a292","2025-07-29T17:25:24.498Z","Enugu","iOS","45+"
"98b91c85-67f5-4bc9-992e-81b23dc8351a","2025-01-22T06:37:01.834Z","Kaduna","Web","18-24"
"5b9d4fb2-e39a-41fe-a843-2e67771d549e","2026-03-30T04:33:17.736Z","Benin City","iOS","45+"
"c38dac50-01c1-4914-b231-93314e55ba36","2024-07-27T22:47:46.015Z","Port Harcourt","iOS","18-24"
"acd0918b-2193-4284-b0ba-92bb9a9d5fa7","2024-11-07T10:40:00.427Z","Enugu","Android","45+"
"062f2e22-6c1b-460b-8c7f-d65b52bf7307","2024-06-24T06:22:20.608Z","Ibadan","iOS","45+"
"94948552-acf2-4736-b1f5-ad53ee5a9e2c","2026-02-13T21:17:01.436Z","Enugu","iOS","45+"
"f5aa55fe-5c44-44b4-af43-37b425cb374c","2026-02-23T11:24:30.023Z","Benin City","Web","25-34"
"a42e4418-4b2e-45ff-9f98-d1fa3e6ab614","2025-08-01T06:36:22.067Z","Jos","Android","18-24"
"c3380fd9-2da7-4812-91c8-c2878fba99bb","2024-11-18T20:18:56.711Z","Ilorin","Web","45+"
"b2807fbc-725e-45a8-8ccc-0bb0ede05815","2024-07-31T12:07:45.963Z","Port Harcourt","Android","18-24"
"dba78813-01ed-4cbf-9430-9850733e3336","2024-08-24T08:25:49.914Z","Kaduna","Web","18-24"
"6aece522-add8-4e25-84c1-5781e351bdf8","2025-09-23T08:57:05.508Z","Lagos","Android","25-34"
"083750c0-4108-48f2-b1e0-59da2226cd82","2024-10-05T02:38:33.195Z","Enugu","iOS","45+"
"aed76c48-ab75-4fc9-ab7b-39014f99d7db","2025-06-30T18:49:12.403Z","Kaduna","Web","35-44"
"7ef5216b-b9f1-45c8-8d3f-0cc57cd82b00","2024-10-20T10:48:02.672Z","Kaduna","Android","18-24"
"4407d3a3-fa94-4467-901c-cbe7c67f90f9","2026-01-13T13:57:42.992Z","Ilorin","iOS","18-24"
"c68e2296-8c03-4044-a76e-33524dce7d6f","2025-09-26T06:08:04.491Z","Jos","Android","25-34"
"739c935a-0111-4b1f-88d4-c5cc43c97d59","2024-08-13T06:55:27.587Z","Jos","iOS","25-34"
"5edc9174-2b36-4867-ab63-f3df7de7646f","2025-05-09T13:56:02.193Z","Kaduna","Android","35-44"
"53f93b6c-ef02-4739-a43b-4ebc6c4d666f","2025-04-19T13:43:01.708Z","Port Harcourt","Web","25-34"
"5dc3fcff-ad2a-41e5-9854-f16ef4e68565","2026-02-04T01:21:22.092Z","Port Harcourt","Web","25-34"
"1b0532fa-4e4d-4122-82f1-6af86a3c1c64","2026-05-01T10:54:56.239Z","Lagos","iOS","35-44"
"85e57ca4-ceec-42aa-94f5-5948d5af5881","2024-10-22T11:09:39.292Z","Lagos","iOS","25-34"
"f2052638-d633-4f51-8109-b0d921f39056","2026-04-16T00:07:34.304Z","Ilorin","Android","45+"
"60d0c785-339c-4066-b2af-8ed7d745fc4a","2026-03-15T08:46:40.037Z","Enugu","Web","35-44"
"a7230db3-0273-4b26-a44d-59b389bc8ad4","2025-10-01T16:14:03.123Z","Kaduna","iOS","18-24"
"1f1cc508-5772-42c2-9f05-49ced95f5918","2025-03-04T19:22:26.636Z","Jos","Web","45+"
"533f57f2-d139-4173-b85f-e070242ecd5b","2026-01-08T18:02:54.383Z","Port Harcourt","iOS","18-24"
"9ca62138-332b-439d-a3bd-631fb99d36ae","2024-08-23T19:12:12.497Z","Enugu","iOS","35-44"
"52db8e32-8995-4c14-b6fb-a71ad9c81015","2025-02-04T08:50:29.076Z","Lagos","Web","35-44"
"25c67a4d-7fe0-403d-9a0e-c9c893041cba","2025-09-17T13:20:43.643Z","Benin City","iOS","35-44"
"3002e72a-a0d8-4060-b94d-3556e7976d1c","2025-03-22T15:27:05.450Z","Port Harcourt","iOS","25-34"
"fb673356-c5fb-473e-a100-9d1e0a6e544d","2026-05-09T10:04:08.115Z","Ibadan","iOS","25-34"
"bf1809f7-2fbb-4637-b4a3-7382ed5a2262","2025-12-20T23:18:51.668Z","Port Harcourt","Android","35-44"
"56bad355-92f7-434e-ae47-504cbb448b30","2025-08-23T16:25:19.951Z","Ibadan","Web","35-44"
"b377c0d7-fce3-47d2-b044-0327303f98ae","2024-06-13T14:08:46.110Z","Lagos","Web","25-34"
"b65f6dab-747c-4b38-8a4d-be4185be4a89","2025-04-06T19:39:50.159Z","Enugu","Web","45+"
"da0b44ae-cac9-4742-9644-7e4381d5f5ad","2025-03-06T04:44:28.725Z","Kaduna","Web","45+"
"885b7a45-fbd9-48cb-94c1-28db12a90660","2024-11-03T00:23:41.547Z","Port Harcourt","Android","18-24"
"08b23a0c-60e0-4df0-b4a1-b08b04376099","2025-11-24T13:12:32.402Z","Ilorin","iOS","18-24"
"07c1eeed-7229-43c5-91cc-611e38bbaa1c","2025-06-17T12:47:57.930Z","Jos","Android","35-44"
"3a31c8e9-dc18-42a1-9283-492869c3b0db","2025-05-15T05:07:24.480Z","Benin City","Web","25-34"
"d10fd722-d198-491f-a650-af4ae7a02a7e","2024-08-29T14:04:53.756Z","Kaduna","iOS","18-24"
"d7ceb226-1445-4d6c-97ec-ec9a87a788a4","2026-05-11T03:39:46.627Z","Lagos","Web","45+"
"3f93b155-3efe-4ffa-9f18-52f80b6d4a08","2025-01-17T16:34:33.046Z","Port Harcourt","Web","25-34"
"979dffed-9bd2-4fed-b47c-c2e22de7446b","2025-06-01T21:11:45.246Z","Ibadan","Web","35-44"
"fc8ae0e9-ffea-4413-ac1b-54dcf989a91e","2025-03-21T10:54:28.959Z","Ibadan","iOS","45+"
"edfdf570-53c8-47c7-8864-95faa90ded33","2026-04-08T03:08:07.214Z","Ibadan","Web","18-24"
"632a32ab-c946-484d-be5b-1fb12ae5e51b","2025-10-03T15:53:43.744Z","Jos","Android","35-44"
"8ea7ca34-60de-483e-b854-7f8b4df0dc2d","2025-02-28T04:03:00.713Z","Abuja","Android","25-34"
"3b5b5445-ca22-413a-b1db-4583e2054c17","2026-02-16T03:13:39.911Z","Kano","iOS","18-24"
"4a2adab8-32f9-48ef-b284-87ca130733c0","2026-01-23T21:57:33.028Z","Ilorin","iOS","18-24"
"9d5cf8b3-d742-4459-a303-6af43c43d8ef","2026-02-28T15:19:48.976Z","Enugu","Android","25-34"
"50283bbc-2f17-4802-9be4-83daf457e15d","2025-12-17T03:26:15.757Z","Kano","Web","45+"
"c3deae70-e09a-4472-a629-e2691e4b4dc7","2024-09-22T18:15:14.351Z","Jos","Android","45+"
"a883229f-ac3f-42e2-8cf1-2dec07b47afb","2025-11-18T07:27:47.180Z","Abuja","iOS","18-24"
"087b09ef-f564-4306-a312-a275f48e5468","2025-12-05T02:25:38.133Z","Benin City","Web","25-34"
"8fb0a931-aa17-4fa9-a8e9-8f9218ba1c16","2025-01-09T21:47:20.263Z","Ilorin","Android","35-44"
"8a9b92a6-cfae-4bec-a6f8-2edbfb8b238e","2025-08-25T00:09:27.237Z","Lagos","Android","45+"
"ed712a44-e2df-4405-b2fe-768bd5601a94","2026-03-02T20:33:50.162Z","Port Harcourt","iOS","18-24"
"37dacee2-2b9a-498e-9caf-4a0f36b3e1c9","2024-10-23T17:42:43.478Z","Abuja","iOS","35-44"
"9fb32d9c-dc07-4aa3-a2cd-689843b889bd","2024-06-02T03:00:35.116Z","Port Harcourt","iOS","18-24"
"9277968e-e7d3-4f7e-ab1e-e5974bc9e766","2025-10-18T20:23:55.387Z","Jos","iOS","35-44"
"5235f41a-066c-41eb-878f-7e193277b9c4","2025-07-06T11:41:50.443Z","Enugu","iOS","18-24"
"72c418f6-4cf8-4bc2-95be-67b7e2578076","2024-10-26T12:57:40.578Z","Abuja","Android","25-34"
"ee67bd94-535c-4bad-8918-309de5de1ee6","2025-11-16T16:13:54.474Z","Enugu","iOS","45+"
"d5427d8d-de91-45e0-8bc1-2859e22fb664","2025-10-23T05:07:47.488Z","Kaduna","iOS","35-44"
"0d81e0b8-6e21-46d2-890a-1b5cccceb675","2024-09-15T01:39:43.365Z","Kaduna","Web","18-24"
"9e576cab-0437-4e86-80b2-267c6e6ad247","2025-09-12T20:06:07.995Z","Port Harcourt","Android","18-24"
"a2e024fa-4aa7-4796-8572-20a66165fda9","2026-02-09T01:16:07.238Z","Ilorin","Android","45+"
"67770f3f-28b7-41e0-9425-45b6d27a203f","2025-03-29T03:29:10.292Z","Ilorin","Android","25-34"
"101ba5c0-6d88-4ed3-b69a-78ceef755d50","2026-04-25T00:25:55.702Z","Port Harcourt","Android","25-34"
"e1c259b4-80d5-4287-8957-7d36241822ca","2025-04-26T08:14:32.077Z","Abuja","Android","45+"
"d962e567-92c6-4ebd-8bc2-cd046dc8eb07","2026-03-24T19:59:55.594Z","Kano","Web","45+"
"3999e7f0-f09a-4513-8145-abf4573a6389","2026-05-18T05:35:16.821Z","Abuja","iOS","45+"
"218f610a-ae69-4504-b3b4-e68863349477","2024-12-25T01:56:47.781Z","Enugu","Web","18-24"
"6bbec6d9-122e-4f7a-9d93-d98542e87956","2025-12-25T20:11:41.613Z","Enugu","iOS","45+"
"ef917959-9723-4c8d-be81-ca0aa0784968","2025-09-15T23:13:20.044Z","Kaduna","iOS","18-24"
"3635e728-561d-48f5-8ba5-68a7a63761a0","2024-08-24T12:51:03.390Z","Kaduna","iOS","45+"
"7a2d0822-020f-4401-bfbf-d18d0c81873c","2026-02-18T00:43:14.904Z","Jos","Android","35-44"
"ea0dc5db-57da-409d-bde2-e824395ae647","2024-06-08T03:51:17.602Z","Enugu","Android","18-24"
"435bb866-d95d-4b8e-b18d-cf2bf91afb8d","2026-02-17T13:36:22.486Z","Port Harcourt","iOS","25-34"
"e4139399-016d-48e6-8924-6758d3da7f80","2025-05-13T04:53:48.578Z","Enugu","Android","45+"
"63867089-fc4c-4999-801c-18ea80cbf79c","2025-10-30T05:11:29.111Z","Port Harcourt","Android","45+"
"81c28d37-9975-45c1-a9df-7d7cf7d6c9f3","2025-01-04T18:31:42.502Z","Jos","Android","45+"
"943e6db9-33f2-4d80-8fc3-86933ce87b18","2024-06-06T21:06:58.419Z","Jos","iOS","35-44"
"d39fac17-d5a8-4211-aeb3-2d5439a94ee3","2024-10-21T19:05:45.817Z","Enugu","Android","25-34"
"b83f1422-2f38-4513-addd-34304a9f5437","2026-04-19T10:58:34.662Z","Jos","iOS","35-44"
"9ab4727e-a516-42fc-beed-414347679c53","2025-03-14T03:47:39.219Z","Port Harcourt","iOS","35-44"
"359efb05-38d0-47de-9819-02227114d56a","2024-08-12T19:51:19.894Z","Abuja","Web","35-44"
"4f03801c-d302-43d6-9133-f6e669ddb923","2025-09-24T04:03:13.073Z","Kano","Android","35-44"
"293f13f7-9bf3-47b0-85b9-0fc727aa85ec","2026-02-15T14:12:17.040Z","Kaduna","iOS","25-34"
"4d291d71-3861-4fe6-98da-24b124005c5d","2025-09-22T02:07:42.229Z","Ilorin","iOS","25-34"
"736722d2-bd88-4ca3-aaa3-840982476413","2025-02-13T22:40:20.081Z","Enugu","iOS","45+"
"7e69274f-52f0-4f1e-b1fd-33821f3c0bdf","2026-05-04T18:27:27.940Z","Jos","iOS","35-44"
"c2f67c6e-5d41-440e-867b-ee37a8deb3f8","2026-01-22T02:22:02.733Z","Jos","Web","45+"
"8dc83a28-0163-46b5-89d2-b6d09ce84ba0","2024-06-25T02:18:10.538Z","Ilorin","iOS","18-24"
"b4a09458-e5e8-4ee3-8252-c15a309760d3","2024-10-29T22:45:19.612Z","Kaduna","Web","45+"
"b6851b74-6dd8-410f-bd85-91c409aeaaf0","2026-03-12T18:36:17.727Z","Benin City","iOS","35-44"
"0ef000f9-e7a8-4e5f-a792-7c72c5463fc1","2025-01-04T19:05:19.493Z","Benin City","Web","35-44"
"7bc5c9a3-c70f-438a-84b6-a21e676ef260","2024-09-12T00:19:55.227Z","Enugu","Web","25-34"
"338eadd6-290c-4ff2-818b-68a8ca3f9472","2024-06-13T21:31:02.303Z","Abuja","Web","25-34"
"2ad0a286-ea05-4105-89a6-2c9c272c60e7","2025-07-31T06:06:29.041Z","Ibadan","iOS","25-34"
"d4d23399-e618-44a0-bcb9-4e7f07823c81","2025-06-01T07:06:31.169Z","Ilorin","Web","35-44"
"86ed9a00-d526-4033-8241-cee32ef16119","2026-02-27T05:40:38.417Z","Ilorin","Android","18-24"
"646493b6-3ac1-4609-8f08-5eb991481594","2025-04-04T12:57:40.005Z","Abuja","Web","45+"
"23238ded-35d5-462c-b0d3-0a81ca1340ec","2025-09-10T11:56:06.124Z","Kaduna","iOS","35-44"
"ec5155a3-95a1-4979-825a-5182755afe80","2025-08-02T17:29:37.708Z","Ilorin","Android","45+"
"95047927-6025-4fd6-90b1-3bdf1978b432","2025-01-17T02:53:00.261Z","Port Harcourt","iOS","45+"
"4d894882-5e8b-4830-a3b6-a9d4c6034afe","2025-12-06T23:01:04.414Z","Abuja","Android","45+"
"0ed549b4-c58e-4e40-87dd-61dcd7dff04d","2024-07-21T17:44:18.755Z","Abuja","Web","25-34"
"83d61271-7076-4c44-a6c4-d46efd86c4cb","2026-01-08T15:00:45.622Z","Enugu","Android","25-34"
"c55e160b-4fa3-42d9-a4e9-58b2c685a005","2025-09-11T00:50:18.333Z","Port Harcourt","Web","18-24"
"6ec3807d-5594-4664-838b-ce7d5e822da9","2026-01-18T04:00:23.124Z","Port Harcourt","iOS","45+"
"38948d3b-fa45-42f6-ac78-4a47c4a1a925","2026-05-04T12:58:54.502Z","Enugu","Web","45+"
"ce5121f2-ee39-484e-b850-bce4b55f8ed9","2025-07-02T06:42:43.721Z","Port Harcourt","Web","35-44"
"fa74b971-7254-47f2-9af5-52d1653d7ae9","2025-03-26T09:04:12.326Z","Jos","Android","18-24"
"b9591b58-2f53-4651-84c1-2c9580626cd2","2026-04-02T14:56:47.907Z","Kano","Web","18-24"
"97801827-68a9-48f9-8f36-55d64638fcde","2025-07-14T04:22:55.394Z","Benin City","Android","45+"
"27360f66-5564-46ff-bb59-fec3e2379413","2025-10-26T00:15:23.437Z","Lagos","Web","18-24"
"f4c6829e-b83e-4442-86f3-6bca84c78465","2024-07-19T05:35:47.541Z","Port Harcourt","iOS","35-44"
"d4a91fad-6c6e-4b50-b43c-7ac6e79187ae","2024-06-15T08:19:56.174Z","Port Harcourt","Android","45+"
"7c7ff487-da73-4039-98f7-db4527957c70","2025-05-16T07:20:07.176Z","Abuja","iOS","18-24"
"5e364309-7c58-4096-89a1-67094cab590d","2025-09-02T13:45:44.768Z","Kaduna","iOS","45+"
"4aa3c0dc-1982-4acd-a936-582c9adf5b9d","2026-01-17T10:51:43.199Z","Abuja","Web","45+"
"5074f33a-7558-45b4-a5e7-59e6e79d2079","2025-01-09T03:56:38.760Z","Port Harcourt","Web","45+"
"574839d9-cbab-425d-aa33-358195f18534","2026-03-23T04:27:46.085Z","Enugu","Android","25-34"
"c88b8df1-0ec9-4e90-9d4c-5912ab3e22e4","2025-03-11T19:08:22.456Z","Abuja","Web","25-34"
"c3788390-d1e9-49b1-aeb6-c27232392120","2024-06-14T23:14:55.528Z","Benin City","Web","35-44"
"f73219e1-6165-4acf-98c2-a798f399a382","2025-04-03T09:59:23.203Z","Abuja","Web","45+"
"ea04dc77-520f-4add-b55d-b7544b5d34e8","2025-07-29T11:59:30.472Z","Benin City","iOS","35-44"
"29c50b3e-143f-4b66-880b-3186d7860342","2026-05-18T11:43:36.937Z","Lagos","Android","35-44"
"079f3786-92e4-4b9b-b1f7-68c28a558c42","2026-04-02T15:56:27.374Z","Ilorin","iOS","25-34"
"eab0c0dc-0a11-4b80-a290-449a2fada308","2026-04-14T23:11:13.425Z","Lagos","iOS","35-44"
"abdf2c07-2e3d-43be-a7e1-33d7bd8c3a4c","2026-01-20T02:47:29.175Z","Abuja","iOS","35-44"
"623f0089-45bb-4a04-b5f7-6026b4cfce6c","2025-09-18T03:56:55.621Z","Kaduna","iOS","25-34"
"2f639bb4-1f8a-4abc-8aa1-addc54b1b3f0","2025-04-26T11:51:58.926Z","Jos","Android","25-34"
"702f1458-9278-44d5-95d4-d3f0dfe57d9e","2025-05-30T18:21:08.105Z","Ibadan","iOS","25-34"
"d743da2b-f915-429a-926f-47ed4795fc8d","2026-03-24T10:24:46.274Z","Ibadan","iOS","35-44"
"b347780c-b907-4576-a543-d50d2604eb85","2026-05-20T03:15:13.770Z","Lagos","Android","45+"
"8841541a-61a9-462a-a1e6-6a44fdfe6dcb","2024-06-24T11:41:49.763Z","Enugu","Android","45+"
"6c5c5a1c-7efd-431f-a60f-6f582aa2bea0","2025-09-05T04:21:20.076Z","Ibadan","Android","18-24"
"a406f1d5-fb13-4d49-a8ac-6cb0df8df407","2025-06-05T22:42:02.132Z","Ibadan","iOS","25-34"
"7d7e2453-89a8-44ba-becc-5109d52ef3af","2024-08-29T16:24:27.952Z","Lagos","Android","18-24"
"1d1171e6-3aeb-49fc-a90e-8306a3d33ddc","2025-11-17T16:53:42.385Z","Kano","Web","45+"
"db91c22d-8211-449e-8b19-cacd320ecab2","2025-10-21T17:13:51.621Z","Jos","iOS","25-34"
"efbaf10e-ddac-43a8-ba2c-73e1648e9ccd","2026-01-01T11:42:03.671Z","Kano","iOS","25-34"
"d8b3d769-df71-4d96-8bfb-a555d2b67777","2025-11-21T14:08:17.783Z","Jos","Web","25-34"
"713ff5c5-70b0-4272-af5c-11460f967c3c","2025-03-29T00:35:11.985Z","Enugu","Web","45+"
"1f917877-616d-4ae6-9db7-e293b92cbe8b","2025-10-12T01:11:33.617Z","Jos","Android","18-24"
"48a6bffb-9505-4806-adac-fa21fd93f8a5","2025-12-11T09:43:19.823Z","Kano","Android","18-24"
"0981465a-a8e6-436d-8bdf-81a6ad8ebcda","2026-04-20T15:25:59.237Z","Abuja","Web","25-34"
"fc3c2ceb-d300-451e-ad39-574476e805a6","2025-05-19T17:36:14.708Z","Kano","Android","18-24"
"193c2e43-e867-494f-9745-dc5cdb818ff0","2026-05-10T23:04:02.958Z","Kaduna","Android","45+"
"3bdb4987-4959-46c0-ac64-f1ba52be1b68","2025-12-15T23:16:46.282Z","Abuja","iOS","45+"
"2d09cec7-3ca8-497f-a61e-bce45febb6e8","2024-10-14T01:09:06.350Z","Lagos","iOS","35-44"
"9e596243-0358-4fb5-a13b-992ac510ed5b","2024-05-27T05:26:10.722Z","Ibadan","Web","45+"
"221b10e5-0b1a-4463-8dde-aac3d45814b7","2026-02-19T19:24:41.092Z","Port Harcourt","Android","18-24"
"6e4eb45a-2601-4914-919d-dc953256d12e","2026-05-21T06:09:41.435Z","Jos","iOS","35-44"
"51e68f40-62f0-4e51-8723-d5b2bb08b914","2025-01-10T22:58:01.038Z","Enugu","Android","35-44"
"dbf5b0d9-c56b-4f0d-989b-e57c696b2a61","2026-04-15T18:15:32.804Z","Port Harcourt","Android","35-44"
"51def8e4-eeb6-46d1-aa28-efffa1296392","2025-05-26T23:04:59.659Z","Port Harcourt","Android","25-34"
"897c40a9-9338-47b7-80d1-689f56e774d1","2025-06-05T14:14:18.407Z","Abuja","Web","18-24"
"28f8cbfb-9163-4501-8509-32cc9927b253","2024-11-09T21:40:18.468Z","Enugu","iOS","25-34"
"55e53117-0c2b-4fe9-b0ed-65c5caf94641","2025-10-26T08:26:58.619Z","Jos","Android","25-34"
"64d49842-e335-4f71-a707-a55ed263d990","2025-08-31T15:19:05.319Z","Kano","Android","45+"
"abac7c1b-e46d-46b6-b379-17818d990b2a","2026-05-02T23:53:10.078Z","Ibadan","Android","35-44"
"555dda8a-5a64-4b8d-9311-0c6b30228ff5","2025-10-22T22:40:31.753Z","Ilorin","Web","25-34"
"bf630a49-73a2-4544-906c-e0f91a36963b","2025-08-08T22:37:28.661Z","Lagos","Web","25-34"
"53a3f4f9-5a11-49ce-93c2-1a007b75b6ed","2024-07-10T02:55:36.609Z","Benin City","Web","45+"
"5a5e888a-92b3-4de4-b362-3d09f627f35e","2024-07-20T09:35:46.437Z","Benin City","Android","45+"
"2a11f0ab-3279-4086-acf0-dc82b5a1ff64","2024-06-28T05:48:42.103Z","Kaduna","Android","25-34"
"d3caedf3-07ca-4c8a-888a-4ec22fa53fab","2025-03-20T08:16:48.132Z","Port Harcourt","iOS","18-24"
"89154dca-d70c-4adc-bf81-7ba6ae6b9f86","2024-11-13T13:07:38.850Z","Benin City","Android","45+"
"edcbd813-8177-4d5a-9a8c-3186a01f1247","2024-10-19T11:36:29.389Z","Jos","Android","25-34"
"a1476509-5cba-4b9d-87f3-2ca490345fcb","2026-04-04T16:47:26.015Z","Ilorin","Android","45+"
"32746d52-ec6b-4099-8fea-8699d7eef4e1","2024-08-03T09:10:44.340Z","Port Harcourt","Android","35-44"
"c2ee4b08-8403-42ce-abec-0d0e1309a043","2024-11-06T20:19:30.057Z","Ibadan","Android","25-34"
"92096f4b-37de-4726-b369-7382f95b6789","2026-01-24T08:14:49.514Z","Ilorin","Android","25-34"
"8cb23854-62dd-4670-b264-2872672982d3","2026-01-14T04:04:23.423Z","Kaduna","Web","25-34"
"9018e7a9-1be8-444b-8934-78ab9c88f6d1","2026-02-27T08:32:19.642Z","Port Harcourt","Web","45+"
"55fe658b-980e-45fe-9a6e-01bf5cb56106","2024-09-05T15:46:37.725Z","Abuja","Web","25-34"
"1febad40-7522-4061-ad3b-1c53172480b7","2024-10-23T22:15:47.395Z","Enugu","Web","18-24"
"520e4d2d-30f7-4057-825c-e4fa357deddb","2024-11-22T03:21:32.430Z","Ilorin","Web","45+"
"ba94517a-72b0-4d80-92d3-ff07e0482d0b","2026-01-15T23:33:09.414Z","Abuja","Android","35-44"
"d26dde89-caca-4ece-a023-314a9d269726","2026-03-09T05:19:54.721Z","Ibadan","Android","35-44"
"516ad520-6555-4055-8545-7722926b4f10","2025-04-17T04:45:47.595Z","Ibadan","iOS","25-34"
"fc623e06-b123-4cba-989c-a59c3fdcbca8","2024-10-16T08:57:58.416Z","Jos","Android","45+"
"30f33d25-3839-4ce3-ae08-55faf80f0622","2024-07-07T09:31:10.000Z","Ibadan","iOS","35-44"
"b25680c5-b5ae-4de9-b5b9-6cb55581a15d","2026-05-12T14:33:13.905Z","Ilorin","iOS","45+"
"c8226941-7b5d-44dd-9f63-7cb1f9905135","2025-08-15T05:28:17.070Z","Ibadan","Android","18-24"
"1561a0e5-21e3-4edd-8cbc-9de99de0cd69","2024-08-03T02:32:32.831Z","Lagos","Android","18-24"
"e600bb8c-b512-43ae-a7b9-7eed92ddc7ef","2025-07-06T18:21:55.391Z","Abuja","iOS","35-44"
"22ce39f8-465c-47ba-b408-3a9af4bec4e7","2025-07-12T12:48:22.338Z","Lagos","iOS","18-24"
"256394b5-047a-42fa-a77c-8b71677fcb66","2025-09-16T03:13:04.034Z","Enugu","Android","45+"
"63ecdbe9-2566-4acc-bc68-aebf51eae78d","2024-07-28T03:05:21.228Z","Port Harcourt","Android","18-24"
"dce5ee67-8351-4782-bf17-961c64c68313","2024-07-29T15:09:57.854Z","Kaduna","iOS","25-34"
"d9ff2b9e-9771-4903-ad2c-c3cb986530ab","2024-09-26T10:03:49.397Z","Kano","Web","25-34"
"5bbad405-08fa-4b63-8f6d-abcd76d809ce","2026-01-24T21:32:10.092Z","Abuja","Android","18-24"
"0e9c25a8-991e-4c7e-a417-f46666c55333","2024-11-03T19:26:19.770Z","Kano","iOS","18-24"
"1739c803-b63d-478e-8075-e18122381834","2024-06-04T04:21:27.706Z","Kaduna","Web","18-24"
"d4167bbf-dae0-4c9b-9c66-74ea1244ef5c","2025-04-07T00:03:23.759Z","Port Harcourt","iOS","18-24"
"8dbee436-ef52-4027-beda-9d021a9b1034","2024-11-20T08:19:08.739Z","Jos","iOS","35-44"
"8557b2ad-4444-4cb0-92b4-b509904089ad","2024-08-05T19:35:05.478Z","Enugu","Android","25-34"
"e5bf3043-4c2e-48f0-a86a-73526805525d","2026-04-13T06:36:01.958Z","Ilorin","iOS","18-24"
"52251f0d-9b1c-4996-8fd5-6c144bc95390","2025-08-01T12:40:55.651Z","Lagos","Web","45+"
"ee84ebad-c2ce-4dc9-bf4d-0987ee327069","2024-08-26T05:39:26.063Z","Enugu","Android","35-44"
"0749d40e-75ca-46ca-bbec-280fd38df962","2025-06-26T17:08:09.566Z","Enugu","iOS","35-44"
"30d08d84-1ecc-4fd9-bde9-66de1f711b59","2026-01-04T20:13:33.637Z","Ilorin","iOS","18-24"
"c19017dc-3ee2-4e85-85b6-90b3b7257271","2025-10-19T04:10:01.677Z","Ilorin","Web","35-44"
"447932a2-99dd-4e5b-8ffc-9ad7137479c6","2024-06-28T10:12:32.455Z","Ilorin","Web","18-24"
"43f77e82-0243-47c0-ae8b-db08976f245e","2026-02-24T19:43:37.395Z","Abuja","iOS","35-44"
"509ac5df-1fda-408c-9d0b-cd901faa71bd","2026-01-25T00:21:33.530Z","Jos","Web","18-24"
"573b63bf-6e8a-4a70-a516-df657630894c","2024-11-14T10:49:04.732Z","Enugu","Web","25-34"
"c9a98c1e-428e-4585-8eb0-063d55321b58","2025-07-22T11:04:46.950Z","Port Harcourt","Web","45+"
"d2ebdc6a-a22e-4882-9b62-af8c36dfb277","2024-06-30T11:30:02.641Z","Benin City","Web","25-34"
"aa73c431-bd96-463b-92b6-6b4b55321fae","2024-07-24T07:17:40.273Z","Kaduna","Android","18-24"
"14e0128f-10da-49b4-accb-5402e44a088e","2026-04-10T07:53:29.658Z","Ibadan","iOS","18-24"
"a1b9c809-585f-40bf-af61-40a1d360dffe","2026-04-03T16:08:32.374Z","Kano","Web","35-44"
"491ae137-c8bd-487a-8fd7-35a1bb5e4a2b","2025-10-09T17:43:11.396Z","Kano","Android","18-24"
"2a64da6c-e918-415a-b369-7b7ea1f12862","2025-02-06T22:41:05.141Z","Benin City","iOS","18-24"
"1759b0ba-39fe-4512-b97a-999ac0899a37","2025-01-07T13:10:05.411Z","Kano","Web","45+"
"dc06d63b-857b-46c3-9d9b-f0defab64213","2025-11-24T12:36:10.416Z","Port Harcourt","Web","25-34"
"6015ddab-73c1-4195-90f7-d32138aeba90","2025-07-30T02:47:18.206Z","Jos","Android","18-24"
"b008df63-0b5b-42c9-bc4b-130d415f9b30","2025-04-15T23:34:16.954Z","Lagos","iOS","35-44"
"7a436cca-0c51-4dd0-884a-6c543d98704e","2026-02-20T08:10:38.764Z","Enugu","iOS","25-34"
"a901dfcf-c09b-4079-b390-2be8da7b6e5f","2025-05-27T23:05:40.405Z","Kano","Web","18-24"
"5bb902ac-ac2e-4dbb-9aa9-68cd2a096957","2025-01-12T10:02:03.075Z","Lagos","iOS","35-44"
"847f78fe-11f7-426e-b7dd-bb596ef4adb0","2024-07-22T13:14:46.701Z","Lagos","Web","18-24"
"03f40f0a-80ac-4960-8859-0c6cea155da9","2025-01-13T06:47:06.568Z","Kano","Web","18-24"
"c15db458-166c-4087-afaa-5b85ffe277aa","2025-03-09T13:21:42.073Z","Kano","Web","18-24"
"68bf6042-b07f-4510-8d3d-09f096fed98a","2024-10-29T09:26:05.609Z","Lagos","Web","18-24"
"5158b29d-d77b-4ca8-ae25-1fc1b614fe0b","2025-01-08T08:34:38.639Z","Abuja","Web","25-34"
"6bf27687-54d5-4193-bfd5-1bbd99dbac40","2025-09-05T20:04:39.306Z","Port Harcourt","Web","18-24"
"d365c9b2-622c-41e3-81c3-aa6a086576a8","2024-08-22T08:37:12.338Z","Kano","iOS","18-24"
"0692cfc8-59c1-4563-8552-eacfff910afc","2025-02-25T15:30:41.199Z","Ibadan","Android","25-34"
"67b764e5-039f-4920-ba95-1f6fee1a37f2","2025-08-03T00:57:59.226Z","Kaduna","Web","18-24"
"3ddf7d77-3141-490a-a71e-925ee4802f0e","2026-03-31T12:26:52.047Z","Benin City","iOS","45+"
"c882dc55-1ffb-4daa-8d1d-3c4bb12a408f","2025-01-16T14:36:17.328Z","Ibadan","iOS","25-34"
"ba08e921-b54e-4819-a9d8-50eb1307cf47","2024-09-01T07:56:10.374Z","Port Harcourt","Web","35-44"
"f600618a-ee53-406b-87b6-0d0ceaf1219b","2025-08-12T20:15:02.580Z","Port Harcourt","Android","35-44"
"2699a5ef-d1d7-4e07-9093-9a60e1e19eef","2025-05-18T11:39:48.992Z","Port Harcourt","iOS","35-44"
"7e032704-fa33-4c6f-9bb8-a85f05d5508e","2025-11-17T03:20:42.011Z","Lagos","Web","35-44"
"fc8a4135-3d50-4724-8d68-4c14a8ad898b","2025-01-20T08:00:07.055Z","Lagos","iOS","25-34"
"7ae66c86-9203-4b09-a9c4-91e7110f504a","2024-10-01T07:44:22.250Z","Abuja","Android","35-44"
"92d30e2b-e4eb-4d47-810f-45cc93dab36f","2025-07-05T01:02:36.859Z","Ilorin","Android","25-34"
"8b9ceefb-551b-4a70-8519-7a1f40a42e81","2024-09-22T12:53:58.562Z","Abuja","iOS","35-44"
"628b63ee-0c8f-4caf-9738-70a68a0209e1","2024-12-29T01:08:32.118Z","Jos","iOS","35-44"
"894bf485-35b5-4f48-929f-e0451ed4f391","2024-10-07T13:38:43.139Z","Benin City","iOS","45+"
"8a3767b4-77fa-4ed7-a5b5-bd875add6a4c","2024-08-26T00:44:24.342Z","Ilorin","Android","25-34"
"fb75f33b-535b-4187-b731-0f6568900f07","2025-02-14T08:32:14.933Z","Lagos","Android","45+"
"1da5d874-288c-4425-8044-5b2beb2a4f00","2024-10-12T23:33:26.551Z","Ibadan","Web","35-44"
"b9448c99-c33a-4c2c-98bc-c3d430d35d14","2026-02-20T15:15:19.390Z","Port Harcourt","iOS","35-44"
"bcfcc69a-3ef4-425d-878c-b2bcde8085c1","2025-01-06T01:54:44.628Z","Abuja","Android","18-24"
"337193c0-2a5a-4e7a-ad2b-d37dab04ef3c","2025-05-04T19:36:08.622Z","Port Harcourt","iOS","35-44"
"172ef45c-ceab-4a8d-9bd3-8fcb43a7c8fa","2025-11-07T15:33:44.115Z","Kano","Web","25-34"
"47415686-2fc1-4583-a8b3-91aaab9f7398","2024-11-04T10:13:53.819Z","Jos","Web","35-44"
"3ca4dfad-cc0d-4fbf-8e97-9c80285dba64","2025-02-09T20:51:54.557Z","Kaduna","Android","25-34"
"26067dcb-d73b-4e3d-a47e-090444077f54","2026-03-27T21:19:11.619Z","Kano","Android","25-34"
"cca47508-25e5-400b-9a8e-096c59531d29","2026-05-07T08:53:33.958Z","Kano","Android","35-44"
"edc64d13-4c85-4e6c-a2f6-234750fd0b30","2025-05-29T17:56:08.707Z","Benin City","iOS","25-34"
"f3af4a3e-3ed8-4f10-af32-9103c4fd1fc3","2026-02-26T03:58:00.571Z","Port Harcourt","iOS","35-44"
"9ca3f183-4bbf-45e9-a162-39053792b46c","2024-09-16T02:41:49.754Z","Benin City","Android","45+"
"f168e1cb-ef29-4aa9-89b2-89be6190550e","2025-08-11T18:45:29.122Z","Ibadan","Android","25-34"
"b95c6a2e-5c80-4380-b9ba-979c9d8c6f5f","2025-12-14T09:25:19.117Z","Jos","Android","18-24"
"124dd17e-07d5-43ed-be5b-c78f754f822e","2024-06-07T13:29:17.612Z","Enugu","Web","18-24"
"6aa3c795-0878-4dc5-957c-82e8963f0c7b","2026-04-10T06:16:18.899Z","Jos","Web","35-44"
"54fb718a-23a9-4a84-a680-517d5bdf384c","2024-10-18T20:52:15.976Z","Ilorin","Android","18-24"
"ef294361-6e6e-4a73-b6e5-24b6538e02ac","2025-12-18T03:07:22.246Z","Jos","iOS","18-24"
"8a263b6f-6a6e-4db2-ae39-3c0ae0dca669","2025-12-23T02:04:41.967Z","Port Harcourt","Android","35-44"
"311bb261-5c9c-463d-9c93-ab6f403744b5","2024-12-18T21:58:34.098Z","Kano","Android","45+"
"5a0b7d4b-b6b2-4e23-98c9-023baa3e32b7","2025-09-04T12:57:21.077Z","Port Harcourt","iOS","18-24"
"12221e33-9bba-4960-b46c-1f94150ee706","2025-06-03T04:11:32.631Z","Kano","Web","35-44"
"993ba54e-d4df-413b-a3a0-1e8c3a1d5dcb","2025-03-04T08:33:46.533Z","Abuja","Android","35-44"
"e72d65d2-1751-4bf3-b030-9267daee842c","2024-09-13T06:16:09.915Z","Kano","Android","35-44"
"869ef220-64ac-4d42-9522-8c35ca95613a","2025-02-11T02:37:43.436Z","Port Harcourt","Android","35-44"
"e97f210a-7a4f-4afc-a594-07bf4adb9369","2026-02-19T07:18:33.232Z","Ibadan","iOS","45+"
"61a35433-2aaa-40e0-87a3-1dc039c67be4","2026-04-03T13:13:56.644Z","Lagos","iOS","25-34"
"90a8d87b-1dac-4bfd-a07c-37964ac8f95a","2026-01-09T08:26:46.181Z","Lagos","Web","25-34"
"704b2342-bf93-47d4-8ed8-9a27a984c31f","2025-02-26T11:07:55.855Z","Benin City","Web","35-44"
"4939a156-70c8-4843-b311-12dd0a2db436","2025-09-06T11:45:43.083Z","Kaduna","Web","35-44"
"1f8412a6-c238-431f-b4e6-c733fd1b794a","2024-09-28T17:56:54.897Z","Benin City","Web","25-34"
"8de6bf0e-6a24-4ea2-a4ca-2788f2579382","2025-05-13T09:34:20.900Z","Jos","Web","35-44"
"7e3d7139-d751-45d0-9073-5272a5351d6c","2026-02-26T23:55:31.897Z","Lagos","Web","18-24"
"554e35b2-bf8e-4cb0-88ed-c476091256a3","2026-03-16T04:36:16.351Z","Abuja","iOS","18-24"
"c6d30015-adac-4484-96d7-0ad3bdf92913","2025-05-24T14:13:48.205Z","Benin City","iOS","25-34"
"fe1c93e1-bff7-472f-8be2-03a1ccf391d2","2024-12-27T22:13:27.264Z","Ibadan","Web","45+"
"0651136d-9e46-40b7-8882-8a8bfd705b15","2024-11-07T23:19:30.196Z","Jos","iOS","45+"
"6b47c33e-73c6-42e7-8846-194b564d7d49","2026-03-12T21:11:27.083Z","Ilorin","Web","45+"
"69e3e9bf-0061-4d17-91da-e65d6e7a335e","2025-08-13T02:21:39.223Z","Enugu","Web","25-34"
"5b7dda82-8200-4238-9330-943e7a87bec0","2025-05-31T04:51:02.517Z","Ilorin","Web","18-24"
"44f113ca-3dc6-41fa-895d-3517c1ad565a","2026-05-10T03:00:54.388Z","Kaduna","iOS","45+"
"34479dd2-d730-4933-8b76-ebbeb42b3c26","2025-05-13T22:13:59.537Z","Jos","Android","18-24"
"98e8bb8f-10d8-4a91-8934-93822206d5fa","2025-02-25T15:09:41.979Z","Ilorin","iOS","45+"
"ea085744-f46d-4819-be37-5264cdf8ccc3","2026-01-22T03:09:21.248Z","Port Harcourt","Android","25-34"
"5282ce7e-8fd3-41a5-9ece-7920f442060c","2024-09-27T23:35:41.050Z","Kano","Android","18-24"
"d75bff04-c37b-49aa-8755-210a0eda710e","2025-03-18T16:16:18.009Z","Enugu","Web","35-44"
"885b8f39-ca83-4942-a023-4989bbd8c16a","2025-05-05T19:39:50.475Z","Ibadan","iOS","18-24"
"bddaaca7-75a8-4f0e-97e0-1ab8b876ac62","2025-06-06T19:45:12.398Z","Kano","iOS","35-44"
"b723b154-7458-45f2-8c06-a707dec1abbe","2025-12-17T01:31:51.341Z","Kano","iOS","18-24"
"90cfe580-2b59-4ef6-909d-8e47090d7e6a","2024-06-03T22:59:33.749Z","Kano","Android","35-44"
"234af2db-fed3-4a8a-9832-694887967ae8","2025-07-26T05:25:36.625Z","Port Harcourt","iOS","35-44"
"c35428f1-a234-4531-aa15-0d8e2d6b63d7","2026-02-07T09:39:12.032Z","Jos","Android","25-34"
"da972f8f-afb4-4c1e-b334-3e4995dfdbc2","2025-05-06T03:57:29.788Z","Jos","Android","45+"
"9cf27e6e-4035-4327-b0cd-6a8d8d06f2fd","2026-01-30T12:05:15.079Z","Enugu","Web","18-24"
"8347dc75-d4c8-4d13-8556-a9d3a5053f89","2025-04-26T10:50:52.084Z","Kaduna","iOS","18-24"
"62d0752a-31bf-46c6-b89c-d10043c578bd","2026-03-29T13:44:04.844Z","Port Harcourt","iOS","35-44"
"4d4249e8-054f-4a21-8707-8fd0368b7eb1","2025-11-12T01:16:40.344Z","Enugu","Android","18-24"
"b34be325-5e07-4fcc-b79a-4f48ec4b1d45","2025-12-31T19:42:55.848Z","Ibadan","iOS","25-34"
"f715c41d-84a9-4bbb-9d92-ef52764fdd9f","2024-08-05T21:01:46.495Z","Ilorin","Web","18-24"
"61b5e6e1-3ef5-4d51-86f9-40e1f7ef1a0f","2024-06-26T17:09:47.479Z","Port Harcourt","iOS","45+"
"18c22cfa-a76a-4f42-8490-eebe69f6883c","2026-02-15T07:50:46.848Z","Ibadan","Android","18-24"
"3c9fa034-39e1-4190-9e73-f3100f78c4a6","2024-11-01T09:10:49.503Z","Lagos","iOS","18-24"
"3d07dd30-60d0-4cfc-9794-b65f01781a55","2024-12-20T09:16:14.542Z","Port Harcourt","Android","25-34"
"340fdb5f-d861-4b02-8b31-7331f45372f5","2025-10-08T01:41:02.384Z","Abuja","iOS","35-44"
"c6c323e9-352a-4f73-92ef-6ed0ec895a50","2025-10-16T12:58:26.955Z","Ilorin","iOS","45+"
"854b0a69-b04f-41f6-8950-fb455b568a28","2026-01-03T07:36:43.677Z","Port Harcourt","iOS","45+"
"8c01c2b0-e97c-4e7a-ae8b-ae15c15f07da","2026-05-06T08:51:43.584Z","Abuja","Web","45+"
"d9920b95-108c-4a6c-af5b-5c345200debd","2026-02-14T14:37:59.610Z","Lagos","iOS","35-44"
"c9c9418d-8945-4227-a861-3eeaa88dee8e","2024-08-25T05:48:32.557Z","Jos","Web","18-24"
"63cdb56a-a83c-4fc5-b488-b674e8d22792","2024-09-30T00:08:08.319Z","Ibadan","iOS","45+"
"bc8bc045-3eec-4b75-aaed-7c10e10d00f7","2024-09-05T15:55:03.884Z","Enugu","Android","45+"
"5dacd449-bd0b-440d-95ca-084b96224616","2025-06-05T00:41:08.192Z","Ibadan","Android","45+"
"52c71ecc-df02-4841-9bf0-3ab704df1fa9","2026-03-27T06:08:21.668Z","Enugu","Android","25-34"
"6a883d20-95fd-4afd-b31d-00f03e5fcfff","2025-04-03T15:12:54.542Z","Benin City","Android","18-24"
"d1ac6415-11d7-4095-b877-d4c41c5c95bb","2025-06-25T12:15:10.312Z","Kano","iOS","25-34"
"ba88c656-2286-40c0-82e8-787bc25d38ed","2025-06-02T04:18:09.733Z","Abuja","Android","35-44"
"18d5a23f-8059-4df8-a4c3-c8eefee6ab35","2024-12-11T07:05:36.781Z","Port Harcourt","Android","45+"
"218e8a03-989b-4fe0-9a65-9aeab4868552","2026-03-01T14:35:08.812Z","Benin City","Android","35-44"
"71b10c62-38aa-4a05-bbe0-dbcade372128","2025-10-13T05:19:03.149Z","Benin City","Android","18-24"
"c3f8b221-aab0-479a-8463-528a854e7011","2024-09-24T03:21:38.323Z","Lagos","Android","35-44"
"6226dd0d-02ed-462e-aa5e-3caff75c3a6f","2024-11-17T01:11:06.503Z","Jos","iOS","35-44"
"44e7d9ab-47ce-4af1-b5c8-862f857325eb","2026-03-08T05:09:06.631Z","Lagos","iOS","35-44"
"bee920de-1561-4b04-9ab0-60f9838b11c5","2025-03-27T23:11:44.563Z","Abuja","iOS","18-24"
"78860ea3-3a57-46a8-a381-5bc7ea125af8","2025-11-06T18:52:02.234Z","Ilorin","Android","35-44"
"1e7404d6-db0e-46d4-9743-34e26eb8cf00","2025-01-04T20:29:07.686Z","Enugu","Web","35-44"
"3a4f6686-d797-4101-928c-777cf7a97a66","2025-06-20T08:34:55.915Z","Kaduna","iOS","35-44"
"b773e087-1039-41a9-9aea-5abf9f72efc0","2025-10-07T20:41:27.928Z","Ilorin","Android","18-24"
"1745b64d-c96f-49b6-a947-a2eb8b687e7e","2024-12-22T05:16:25.772Z","Benin City","Web","35-44"
"d30d2f47-79b5-469b-b21a-a2c8d5f0f63d","2024-12-01T22:29:48.451Z","Lagos","Web","18-24"
"e8e16c73-5c89-4666-be8d-e5e0af2357ac","2025-08-19T13:36:59.521Z","Jos","Android","25-34"
"5751de15-0058-4d85-9edd-e98af7614f0d","2024-12-23T20:41:05.066Z","Port Harcourt","Web","18-24"
"1702d604-a702-4065-8c08-f4c06eb52af1","2025-05-17T22:21:44.251Z","Lagos","iOS","18-24"
"fcc3c91e-f8ef-4e30-9643-89e30ee68123","2026-05-10T16:39:21.835Z","Lagos","Android","18-24"
"4e30664b-9cc5-48ef-9267-2ec5e27f2222","2025-08-19T11:24:33.660Z","Benin City","Web","35-44"
"10bd389e-27e8-40e4-be5a-4dae3eb775c6","2024-08-24T13:53:04.670Z","Lagos","iOS","35-44"
"ae0d1863-85df-4222-86db-f00b5eeff24f","2024-11-14T02:50:53.764Z","Benin City","Android","25-34"
"16d80480-7a10-4cb0-8c4b-6815164e81a6","2026-01-30T09:50:39.909Z","Port Harcourt","Android","18-24"
"b6c5c34d-c3fe-4871-b955-dc55777c4c22","2025-02-01T03:30:22.401Z","Kano","Web","45+"
"23090ba5-106d-4d90-a25b-77f047af03f7","2025-03-03T16:24:30.798Z","Ilorin","Android","45+"
"6a7711b5-9711-4299-9db5-e799cfd709ae","2025-11-15T22:03:10.762Z","Abuja","Web","45+"
"a8420d2f-a462-433b-94dd-d0d56fe69565","2025-12-25T08:15:48.296Z","Abuja","Android","45+"
"89f8293b-ec0e-40bf-8305-14192c941bd9","2025-01-16T07:45:13.958Z","Ilorin","Web","35-44"
"c335be61-25fd-43ec-83b1-0e89a4372bcd","2025-03-14T14:58:13.377Z","Ibadan","Web","18-24"
"a2dbdf04-a022-4af5-b1b4-df4e140459a0","2025-09-13T18:34:10.593Z","Kano","Android","35-44"
"50c3f77d-331d-41b5-8f0e-4c67cc62d542","2026-03-15T12:20:31.928Z","Kaduna","Android","18-24"
"a1a7240d-df56-4be9-a46c-b667841a1746","2025-08-04T06:12:48.999Z","Kano","Android","25-34"
"04bf633e-56e7-49c0-b337-13e6cf3372ab","2024-12-20T07:03:14.993Z","Kano","Web","25-34"
"f548e4d6-1267-489c-a0cf-a4194ffb28b6","2024-11-17T19:03:31.689Z","Kaduna","iOS","25-34"
"5fad6382-00b1-4eca-b5b4-a916cd25ed6e","2026-04-15T16:19:17.359Z","Lagos","Web","45+"
"0a65a5f4-9ec9-4ed2-812f-4766f8abfe4e","2025-10-25T05:14:47.914Z","Port Harcourt","Android","35-44"
"94d32c7f-43fa-4cd2-a613-cd31aecb29a8","2026-02-24T02:28:47.928Z","Kano","iOS","25-34"
"9c7ba77b-7f69-4773-9533-0004178f2fe5","2025-06-16T04:43:07.090Z","Kaduna","Web","45+"
"d55f9c29-5bf9-4e97-8c45-74a13bd5086a","2024-10-23T13:40:23.575Z","Jos","iOS","45+"
"795f6e5d-433e-41c0-9d75-9e0ed34dc2c0","2025-10-14T09:30:28.173Z","Jos","iOS","35-44"
"b22a7d26-83d7-421e-b599-88ab990b2bc4","2026-02-01T04:13:50.318Z","Kaduna","Android","35-44"
"9126c45d-be6a-4ba2-adc2-b6109cae1493","2025-01-23T06:49:05.731Z","Port Harcourt","iOS","35-44"
"174d94fa-261b-407d-922b-d57f8b1ffdc9","2025-05-30T17:28:34.101Z","Enugu","Web","18-24"
"2408aecf-0f1e-4ea3-ae68-40f16d6f40da","2024-08-21T05:19:41.294Z","Kaduna","iOS","35-44"
"9222eb7f-00b4-4443-a102-fd0d44f89621","2025-11-08T12:08:47.117Z","Kaduna","Web","18-24"
"17926709-8ce3-422c-bbbf-044093452732","2025-04-13T20:55:39.844Z","Ilorin","iOS","35-44"
"1a0722ea-9067-4b88-a10c-02bfbbf30017","2025-04-13T21:57:25.776Z","Benin City","iOS","35-44"
"9a855fc4-bd00-4ff0-a4b2-5b8ac322a0fe","2024-10-11T02:39:01.204Z","Enugu","Web","35-44"
"8b7af5b1-4ec6-4ad1-b59c-23cfaf8f32d8","2024-06-07T06:50:11.257Z","Abuja","Web","45+"
"bcf7d68d-701d-4c5a-b8ca-389ac3c15218","2024-07-19T14:03:30.871Z","Benin City","Android","18-24"
"e603c445-a367-4241-b677-efb8f0f63dd0","2025-02-19T19:15:26.591Z","Lagos","Android","35-44"
"48a5828c-91bc-4610-9cff-b7e1c19f89aa","2025-06-10T09:16:23.717Z","Port Harcourt","Web","18-24"
"6ddaccd1-60f2-4e34-9086-16cbabb261c6","2025-03-17T05:50:04.050Z","Abuja","iOS","35-44"
"bc90812b-0919-4e08-a40f-24214c43763a","2026-02-28T16:59:54.818Z","Ilorin","Android","35-44"
"4b622eb3-d812-4b05-81e9-51cc747e22d4","2024-11-19T01:34:23.519Z","Abuja","Web","45+"
"f8d96d6c-f474-459d-9a5a-bd703ff58b57","2024-12-01T00:07:17.721Z","Kano","Web","35-44"
"69fe53ff-091c-42b9-bca9-53daff2e90aa","2024-09-25T19:31:14.245Z","Enugu","iOS","25-34"
"246c7f9a-bee8-4896-8e67-bce204e98c2a","2025-02-25T13:55:12.416Z","Kaduna","Android","18-24"
"47466882-c9f1-4c65-a419-deeb25541df5","2025-07-23T08:45:50.664Z","Lagos","Web","35-44"
"b3bb7ab9-d94d-43bb-a6e4-1fbc71fcd3a7","2025-05-29T01:10:34.477Z","Ilorin","iOS","25-34"
"f5223a64-202e-44bc-995b-5fa475feb716","2025-03-06T01:29:50.802Z","Ilorin","Web","45+"
"300ca95d-8767-41ca-8727-fc581c579689","2024-10-09T18:10:26.247Z","Benin City","iOS","45+"
"8d7c431a-892c-4f40-817c-6529c3fa3aa6","2025-03-16T14:45:44.310Z","Kaduna","Android","18-24"
"6a86b4a6-e0b7-4793-bf29-3817c5cdf758","2024-10-06T13:47:21.778Z","Kaduna","Android","35-44"
"61aef1d7-4e47-434b-8212-93bc955b8cfd","2025-04-10T23:47:55.207Z","Benin City","Web","45+"
"3dfe116c-09d8-4c3a-b203-1ef670fc8f6a","2024-06-11T01:24:07.917Z","Ibadan","Android","18-24"
"a288437f-6d07-49e2-95d6-7707656ff723","2026-04-04T19:46:14.245Z","Lagos","Web","25-34"
"e8fdb98c-a7a6-4bcd-99c3-f274933f2bfc","2025-06-23T20:27:29.900Z","Abuja","iOS","18-24"
"e17c4b5e-549d-4bbf-9a50-31e21839844b","2025-03-11T18:53:55.239Z","Benin City","iOS","35-44"
"f8bc9b89-5cb2-4f9b-9224-e96e35a22e25","2024-09-03T09:30:09.466Z","Jos","Web","45+"
"65c42479-0b1c-43e8-adf0-763510ba2136","2024-06-14T08:39:29.162Z","Ibadan","Android","45+"
"8c199a8a-7144-49d0-97fd-0ac25c9fb64f","2024-07-13T00:43:46.775Z","Benin City","Android","25-34"
"e2bc7c7f-a68b-437d-8d7b-4f59cb0bdfdb","2024-11-26T18:44:00.158Z","Jos","iOS","25-34"
"85b15785-09ef-410d-a3e2-84bb299b4972","2025-03-06T21:07:12.118Z","Kaduna","Android","18-24"
"75c5ff86-4776-4798-8893-b8f019824be6","2025-08-08T04:00:31.161Z","Kano","iOS","25-34"
"acd50aed-c226-41cf-b0fd-cabd3eb9329f","2026-05-10T03:57:37.131Z","Ibadan","Android","35-44"
"af2a67ce-9eaa-4a85-8f2e-8967290723ee","2025-03-29T01:19:27.053Z","Abuja","Android","18-24"
"dd0710ab-c33f-4d21-9a82-6414979df66e","2024-09-12T17:40:20.197Z","Jos","iOS","35-44"
"5cdc84bc-54a4-48b3-a75b-85ae854ab37c","2026-02-11T06:38:24.117Z","Jos","Android","18-24"
"80c6daa7-a35a-4213-ace0-d207db1915d0","2025-01-11T20:46:02.092Z","Ibadan","iOS","35-44"
"5bd1605e-a707-471a-89bc-c0c3540b7192","2024-08-23T17:24:25.586Z","Kaduna","Web","45+"
"e115ab9c-3bf3-4792-ba7d-3dadc3e8ced0","2024-12-07T12:04:52.016Z","Ilorin","Android","25-34"
"1d437cca-3c12-4afc-a03d-84a61639c081","2024-07-18T11:34:35.685Z","Benin City","iOS","45+"
"d9969cc6-5573-4362-9356-d62e594284da","2025-04-17T02:11:37.314Z","Ibadan","iOS","18-24"
"39d80809-d58d-4e17-a1e9-d5053e8b826f","2025-10-04T07:51:20.241Z","Benin City","Web","45+"
"f626cf2b-53d8-44fc-abc8-50e0be29e3cf","2026-05-24T19:15:22.532Z","Ibadan","Android","35-44"
"38a5f8ce-057f-4818-8769-e82053d7f53c","2025-10-02T17:04:12.299Z","Ilorin","Android","45+"
"378aeda3-e9e4-4e3f-895d-28a707f8b14f","2024-09-24T09:41:11.889Z","Jos","Web","18-24"
"5d5714cc-9eab-43de-a3dd-ef66a282ede5","2026-02-10T01:45:26.422Z","Jos","Web","35-44"
"0390657a-63d1-40ff-8220-897cf7926047","2025-10-01T20:52:20.442Z","Jos","Android","18-24"
"5116ee2c-9979-4c1d-b8b6-0d1c6cccd8ee","2024-07-09T15:01:40.243Z","Ibadan","iOS","18-24"
"bcde0d70-8ffe-46e6-88e9-ece3ccfe1c4d","2024-11-21T01:13:01.216Z","Enugu","iOS","35-44"
"7689a98e-8056-4676-bd04-39dcc664e2db","2026-05-19T18:33:46.654Z","Jos","iOS","35-44"
"7e2cf533-6cbf-464c-8cc2-7cf5fef8f78c","2025-07-04T04:07:01.902Z","Enugu","Web","45+"
"9313315b-f961-4019-845e-6a1aec1e4d1e","2024-09-21T17:41:46.504Z","Kaduna","iOS","35-44"
"547fe047-7d7d-458b-9e64-06e6d573b409","2024-12-31T14:36:53.624Z","Port Harcourt","iOS","45+"
"603a9023-1796-4713-ab9c-0ffdde765e42","2025-11-06T15:23:42.250Z","Abuja","Android","18-24"
"45842ed8-d4f8-4979-8f27-b087a43bb247","2024-08-13T18:50:10.504Z","Benin City","iOS","18-24"
"7211f0f4-3207-42c3-b8b3-9ce3955ad96a","2024-06-11T18:54:40.678Z","Benin City","iOS","35-44"
"cdb1d609-beca-4e6f-8f47-4d5a62ced277","2025-07-04T23:44:17.582Z","Port Harcourt","iOS","35-44"
"57da2064-498d-4c0a-9d6a-9b22c1e17346","2026-04-29T14:36:26.571Z","Ibadan","Web","18-24"
"a9c4ea8f-e1a6-478b-acd3-51f98059652b","2025-05-25T22:30:26.215Z","Enugu","iOS","18-24"
"6ea639aa-360f-4774-b7e5-6432175add8b","2025-03-17T09:50:29.675Z","Abuja","Web","35-44"
"4bbeee97-fa2c-4301-b04b-6fda01551b31","2025-09-29T08:37:11.168Z","Kano","Android","35-44"
"689ea492-4ec7-478e-b319-28c5269840f8","2025-04-01T03:41:34.839Z","Enugu","Web","18-24"
"17ff4c04-0137-40d8-97f3-49a7c02905a3","2025-12-06T13:23:58.796Z","Ibadan","iOS","45+"
"e6c8fa37-c7ca-4e1c-a194-b93c350505ca","2026-03-23T12:50:19.070Z","Benin City","Android","45+"
"5152f9fb-1c4b-4805-a451-3e548e1945bb","2024-10-17T12:57:43.909Z","Enugu","Android","25-34"
"2a49eb2c-d21e-4cd7-8927-c850fead58c1","2026-03-12T05:21:25.126Z","Enugu","Android","35-44"
"e9d0a09a-a4bc-4b5a-91e0-4b20533853e8","2026-04-17T18:56:39.672Z","Jos","iOS","25-34"
"74a4caed-6abf-4e4d-82f5-080b3c515810","2025-11-05T19:37:17.783Z","Enugu","iOS","18-24"
"25a61f23-63f5-4349-8d63-b95473a1dd52","2024-11-28T12:54:58.417Z","Kano","iOS","25-34"
"4de690c3-f2be-4ad7-b2da-bcbd9859aab0","2024-11-17T01:49:14.745Z","Ilorin","Android","18-24"
"bc44352f-f69d-49c7-b2c3-2493477e7996","2025-04-02T18:52:21.538Z","Kano","Android","25-34"
"a8419eaf-b7d4-4a0d-a410-cea886b7e6e7","2025-03-07T14:46:44.277Z","Kaduna","iOS","45+"
"f446ff82-58bb-4706-9476-7837697d0588","2026-02-14T21:55:56.928Z","Enugu","Android","45+"
"949975a2-dc7e-44d6-957f-41290c70c3a8","2025-09-14T05:59:58.041Z","Enugu","Web","25-34"
"3d25db84-968e-4929-b7e2-e1881f127893","2024-06-24T06:31:55.109Z","Benin City","Web","25-34"
"c2946716-bf31-4fdf-a755-59343f03757e","2026-03-26T13:15:59.100Z","Benin City","Web","45+"
"d0b4a5e1-96db-4456-81ea-04c908c137ef","2026-03-11T14:11:15.925Z","Ibadan","Android","45+"
"984da329-64a3-4337-9710-00b48c6be092","2025-07-10T04:37:12.157Z","Benin City","Android","25-34"
"d53a632c-1ff3-4922-a709-12a564eb8c14","2024-08-12T11:48:52.584Z","Enugu","Android","18-24"
"31c35370-ad53-42dc-a5e4-dc5c32393a21","2026-05-23T15:52:39.861Z","Jos","iOS","18-24"
"c196588c-2f61-472d-87e3-a06a6953ed6b","2025-04-20T21:28:55.025Z","Enugu","Android","45+"
"1de9152b-9536-49ae-b678-bff2f42cd310","2025-08-04T10:15:13.789Z","Benin City","iOS","25-34"
"d9562aae-61b8-484a-a698-82eed2892981","2026-04-29T21:01:18.072Z","Ibadan","iOS","18-24"
"28a18db2-fb29-4007-865d-363fb8268de2","2024-09-26T19:07:55.378Z","Enugu","iOS","18-24"
"6c38d3fe-e54d-4bdb-b2e2-ce75dc6cc0c6","2025-12-15T20:16:57.148Z","Jos","Android","35-44"
"d9a4ca64-7946-43c7-913f-0119fcfc9643","2026-02-13T00:43:01.932Z","Abuja","Web","18-24"
"77b958c1-b253-4dbe-8906-690b38002157","2025-08-24T16:04:42.910Z","Benin City","Web","45+"
"f57c043e-2363-4273-b784-8df8a6e9c127","2025-08-02T08:24:41.471Z","Lagos","Web","35-44"
"d9460943-1192-4048-939d-34b8141800e9","2025-05-27T17:43:31.635Z","Port Harcourt","iOS","35-44"
"6858ecb1-0e1d-4421-8f2e-9feec3146159","2026-02-24T05:09:38.527Z","Benin City","Web","25-34"
"76d73920-8623-4003-8da7-a3292c52af6a","2025-07-28T20:11:18.471Z","Kaduna","Web","18-24"
"acb6e3d0-8e82-4d91-8d03-70e67f2f9127","2025-04-28T10:46:39.820Z","Ibadan","iOS","35-44"
"c829a64b-c034-4780-b472-80d484c7c733","2024-08-29T00:07:33.722Z","Benin City","iOS","35-44"
"9a9b437a-2287-4c7f-8577-54a4d024b32d","2025-12-29T20:47:33.887Z","Abuja","Android","35-44"
"308d7fa2-d585-4ddc-b054-6e087ee51cbe","2026-01-29T15:01:37.154Z","Abuja","Android","25-34"
"1fa6b540-e607-4b52-80e2-e2760ac07f84","2024-08-20T03:05:53.249Z","Ilorin","iOS","45+"
"b58aa945-7cbe-4330-9b61-9fee2ab8396f","2025-09-18T17:29:37.937Z","Ibadan","Web","35-44"
"4d855997-5c7a-4cd9-8d4e-17f1fcbd7e3e","2025-10-22T19:06:22.062Z","Port Harcourt","iOS","35-44"
"5ce1c993-1522-430f-a031-ea98c476fcb5","2025-12-29T10:18:10.883Z","Kaduna","iOS","45+"
"46e8b77e-8fc0-441b-9c94-5e66bc46098a","2025-01-16T07:01:31.694Z","Ilorin","iOS","18-24"
"0198c66d-b262-4b85-b620-724c18651c01","2025-03-11T16:47:08.292Z","Port Harcourt","Android","18-24"
"32419450-1bec-41b1-bf27-82ede4cedfe4","2025-06-15T16:49:32.828Z","Kano","Android","45+"
"d7f3e04e-18e3-4fe3-8711-bee9735a5e78","2024-07-04T08:40:17.081Z","Ilorin","Android","25-34"
"a6c03178-dd5b-4987-b465-1a458bd1391d","2024-07-11T11:46:15.598Z","Kano","iOS","45+"
"33c8a727-c356-47c2-80f8-74c63c7c00cf","2024-12-08T10:06:30.527Z","Abuja","Web","35-44"
"b3b72695-3e00-4744-8a8e-cb1ce37b4ff7","2025-04-29T10:26:54.589Z","Jos","Web","18-24"
"58541e51-3801-4519-917d-d35522839bc7","2024-10-09T14:57:33.761Z","Port Harcourt","Web","25-34"
"987d40b9-0f32-40f3-94e7-52c38e24e14f","2026-02-02T04:06:09.174Z","Kano","iOS","35-44"
"a09e6a6a-9046-4c5f-baae-8aa5d14bedc6","2026-04-25T22:12:32.263Z","Abuja","Android","25-34"
"faa5d4fc-a41a-428d-94f3-630cab66cd3a","2026-03-17T22:46:13.439Z","Jos","Web","25-34"
"47c50cb3-e330-491c-b05e-149f8377c1e9","2026-04-27T00:30:46.840Z","Abuja","Android","35-44"
"4b16574f-da90-4b31-9feb-dc063364705f","2024-07-10T21:32:45.052Z","Lagos","Web","18-24"
"d3eb8cc9-268d-4e78-9b87-1f0371f8e36d","2024-06-10T19:28:57.537Z","Abuja","Web","35-44"
"4cf350bd-65b8-4e98-be4a-60bcca317448","2025-12-08T00:29:10.565Z","Ibadan","Web","25-34"
"968a1424-d68f-4f55-830c-7f2a8d61ec6c","2025-10-05T08:20:03.633Z","Ilorin","iOS","25-34"
"bdb24041-4ee5-4898-bea5-252b4ddbd958","2024-11-14T17:35:43.862Z","Kano","iOS","45+"
"3d0e5728-a6b7-4100-a38d-9bd6e34944b8","2025-12-20T17:16:50.826Z","Port Harcourt","Android","45+"
"7613a7ff-c1bd-4b61-8149-998f8ddd91a3","2026-03-12T18:31:51.927Z","Benin City","Android","45+"
"e1cb46fd-3e79-450b-bff8-a2b24f479837","2026-03-14T03:29:33.625Z","Lagos","Web","35-44"
"e7f97f25-c51c-424a-8358-0b59c91b6ba1","2025-08-10T21:33:00.833Z","Lagos","iOS","45+"
"8552fe2a-d3e7-444f-beac-6f73d236d856","2024-09-03T16:12:10.145Z","Abuja","Android","35-44"
"eb9fddfd-1b6a-44b6-837c-22835cb7c847","2025-10-28T09:42:37.590Z","Kaduna","iOS","25-34"
"cfacf45a-da1f-47f6-a330-f2af30e2fe85","2025-02-24T08:44:53.215Z","Kaduna","iOS","35-44"
"6fda94aa-7b79-45f9-b6b9-e7c8b83602d9","2026-01-08T13:28:01.056Z","Jos","Android","25-34"
"dd9e4c66-b773-488f-b162-9141adeda3e6","2024-12-26T07:21:47.423Z","Lagos","iOS","45+"
"39731d4f-40a1-45eb-94cd-ded326c37c68","2025-09-07T18:06:36.286Z","Ibadan","Android","45+"
"d7a36f3a-83ee-478d-9208-1bfff430f846","2026-04-25T22:33:54.047Z","Abuja","Android","25-34"
"76ffb31b-0e4e-4a30-af81-a9b18e694547","2025-10-14T00:11:06.174Z","Kaduna","Web","35-44"
"bc0e91ce-cfe0-4dfe-b7e3-6d1ec5c7d730","2024-10-16T23:27:06.678Z","Kaduna","Web","45+"
"dc3669ab-609c-4bfb-833e-fe6222752b2f","2026-03-23T20:56:06.385Z","Abuja","Web","18-24"
"bd4432e3-c905-4a93-bdc6-1a901231283b","2024-07-20T09:47:42.820Z","Port Harcourt","iOS","35-44"
"59cd049e-c367-46a8-8ff6-9c0c8cccec76","2024-08-28T12:02:11.800Z","Ibadan","Web","18-24"
"c0a31f56-3650-44d9-b2e9-8b725dcc8595","2026-02-25T15:24:30.106Z","Ilorin","Android","35-44"
"3c51f9d5-bc49-4464-b866-e175d1b2ec07","2025-07-27T20:08:37.640Z","Abuja","Web","25-34"
"db592064-2276-4308-9678-191ca30c60eb","2024-09-20T06:21:04.357Z","Ibadan","Web","25-34"
"6b9608da-07c2-4f28-af89-d349554a4685","2025-04-19T19:37:02.543Z","Abuja","Android","35-44"
"b8c01ebf-ec02-40d6-ab92-8501fc032f43","2026-04-04T08:26:48.862Z","Abuja","Web","18-24"
"103b508b-4e16-4283-b353-5da7b710a52c","2024-06-19T08:57:20.255Z","Lagos","Web","35-44"
"d59e8e85-ed00-4492-9299-1c3e208cf492","2025-03-07T21:33:38.120Z","Ibadan","Android","18-24"
"476ccc27-76d2-43af-a9c5-e11595c645ae","2025-07-01T07:00:55.105Z","Lagos","Android","25-34"
"54bfd9c7-1640-44c8-a681-631a58d57209","2026-03-26T14:32:36.571Z","Benin City","Android","35-44"
"6efbd233-e1fb-472f-98c7-3dace613c7b0","2025-04-21T07:56:31.166Z","Ilorin","Web","18-24"
"0641dc94-4707-490d-b24f-8732037a0d04","2025-10-20T00:23:27.184Z","Jos","Android","25-34"
"9f6bfbab-91f5-489c-b77b-1063a157d483","2024-08-13T22:11:08.843Z","Kano","iOS","25-34"
"2c0ada1d-aac9-422d-ad07-023bc5d847a6","2025-03-12T01:04:07.703Z","Port Harcourt","Web","45+"
"4f4cf992-d3c1-41c8-85a6-0ffd89b16a78","2025-10-22T11:23:01.766Z","Jos","iOS","45+"
"10ee515f-eac3-47a1-93d7-442a83414fcd","2025-06-15T23:12:13.567Z","Abuja","Android","35-44"
"1b2648e9-70a7-42a0-9c3c-e5f91247b731","2024-10-09T22:16:21.108Z","Jos","Web","18-24"
"9f1558a2-f872-411b-b78c-e52a97610112","2024-09-29T18:30:04.573Z","Lagos","iOS","45+"
"16bea25c-cbe8-4395-89f2-685f4371fc55","2026-01-18T13:41:41.098Z","Benin City","Android","18-24"
"8d55e5eb-6fc5-420a-b8ca-1d0272b30788","2025-08-27T23:39:22.287Z","Enugu","Web","25-34"
"eb24ddf8-c29a-4eec-a2b3-70242261b3b9","2025-06-01T09:28:47.950Z","Benin City","Web","45+"
"a92e5185-7999-40a8-bf9a-fbaaf611b507","2025-03-16T02:57:24.445Z","Port Harcourt","iOS","35-44"
"a5b126b1-dc92-4058-bbca-6a6561d91043","2026-02-01T00:37:55.512Z","Abuja","Android","45+"
"19c123ba-32fb-4b19-bdd8-449a48c070e2","2025-06-11T12:53:31.509Z","Enugu","Android","25-34"
"9bb39daf-c6dc-410d-bbe7-fc8419d63b71","2026-02-01T17:51:59.894Z","Lagos","Web","18-24"
"78f056d3-10c2-4f83-93cb-38e79ad86189","2025-05-19T00:52:53.390Z","Lagos","Android","45+"
"1227e0b1-ef12-4bc8-be22-41d6afbbedb1","2025-07-28T13:18:26.006Z","Ibadan","iOS","45+"
"5c620189-274a-4105-8f26-a7f24edb2135","2025-06-04T17:16:18.286Z","Benin City","Web","25-34"
"cfc568e0-e762-412e-9c78-15709c550339","2024-08-24T18:45:05.134Z","Kano","Web","25-34"
"a33dd868-2893-4fd1-9dd3-906c4b76faf6","2026-04-28T23:32:08.807Z","Kaduna","Android","18-24"
"5c3e6b83-f377-440e-b646-42f24f00ba4c","2026-01-11T02:54:20.350Z","Kaduna","Android","18-24"
"15995bb1-c19b-443c-b356-a3e86e42a943","2026-01-28T20:01:06.756Z","Ilorin","Web","25-34"
"15e137e8-0d4c-4996-8927-a036f9fdc7ed","2025-07-08T08:21:06.214Z","Enugu","Web","18-24"
"097a174b-01b5-4de7-9aee-2d6fd9f6dc3f","2025-01-02T12:58:54.308Z","Port Harcourt","Android","18-24"
"383ad5b1-b781-4c48-9ca7-25ad96aff2a1","2026-03-14T00:34:57.342Z","Jos","Android","18-24"
"df7db3cb-a72c-4efa-b9b4-1353d2d80d4a","2024-09-20T10:51:16.251Z","Kaduna","Android","45+"
"5be8bb58-7238-43f3-ac4a-0df3ac6e5d63","2025-10-27T10:41:39.170Z","Enugu","Web","45+"
"8c63215b-28c0-4327-aa82-4911f6c9fa97","2025-12-23T20:36:27.575Z","Ilorin","Android","45+"
"0fb20f1c-8acd-42c7-8056-e708a35a8dc7","2025-01-25T00:42:55.164Z","Lagos","Web","25-34"
"38674d8c-61fd-4ad9-b2ee-c75107624975","2025-12-26T13:42:49.993Z","Abuja","Android","45+"
"35bab303-6989-4860-8e8b-8cea197bdd69","2024-10-31T13:59:02.212Z","Abuja","iOS","25-34"
"18e32cdd-7b5d-447a-8279-1da7e41f6d9a","2024-12-30T11:41:44.852Z","Enugu","Web","18-24"
"7c78e858-993d-493e-8dbe-750ed7b6dfbd","2025-06-26T05:54:12.105Z","Lagos","iOS","25-34"
"34d84713-6eb7-43fd-b726-f6299f5c7f47","2025-04-21T12:26:22.702Z","Kaduna","Web","45+"
"2dc16ab1-ccc5-4f34-b7e0-79f449f8a4f2","2025-08-06T09:55:46.569Z","Enugu","Web","25-34"
"d374cf05-602f-4ad9-a340-b0354dae19ce","2026-03-05T08:46:22.800Z","Abuja","Android","18-24"
"ab354153-ad90-4cee-9568-4f175e298498","2024-09-07T00:45:43.976Z","Jos","Android","18-24"
"f8a2229f-455b-4b1d-9609-ded4a3db03cb","2024-08-21T20:12:22.995Z","Benin City","iOS","35-44"
"bed86d22-1c44-4f97-aaf8-0f9e851a4e8c","2026-05-18T07:32:32.175Z","Abuja","Web","35-44"
"40da9011-df7c-4746-80bf-461c7d0adb65","2026-02-18T05:49:50.379Z","Benin City","Web","45+"
"0b3e4bdd-0c5d-472e-a2de-28662e24032a","2025-08-10T19:08:18.140Z","Ilorin","iOS","25-34"
"d7d378b3-0481-4f87-8dd8-b2f22ecc3555","2025-05-30T00:35:05.107Z","Benin City","Android","35-44"
"a8dd3189-b550-4297-9d2e-ef7c2572eaa1","2026-02-04T09:39:36.537Z","Jos","Web","45+"
"614bed40-75c6-40dd-b79e-1f46865033ef","2025-04-26T14:06:39.467Z","Jos","iOS","35-44"
"02d6a68b-05b5-4d3e-86fd-1d8124ee0f17","2024-07-17T10:40:31.515Z","Enugu","iOS","45+"
"57eea972-7921-46d3-a79e-e03a2cf376d8","2025-07-21T12:56:19.234Z","Kano","Android","35-44"
"969c6557-ce54-4a7d-9853-6600996cea95","2025-04-18T16:47:24.282Z","Ibadan","Android","25-34"
"d7df385d-3a29-4b0a-900f-96dddb61eca6","2024-12-01T21:51:33.384Z","Ibadan","Android","35-44"
"0833dd57-7678-4eeb-af5e-d8a532ec4de2","2025-08-31T17:42:22.987Z","Kaduna","Web","25-34"
"be749fe3-4ed8-4fa6-8bb3-5b46e93ea8ef","2024-12-24T18:03:19.527Z","Lagos","iOS","35-44"
"8183b16b-77d0-4de7-8719-9f844c574d3d","2025-11-02T23:38:00.205Z","Kano","iOS","18-24"
"7da665d5-43aa-4d9e-8d22-8d9fe037f984","2024-08-06T07:30:33.469Z","Ilorin","Android","45+"
"4335d51e-f060-46a9-be59-6350451dc0e9","2025-07-29T06:51:39.727Z","Kaduna","iOS","35-44"
"289c8537-409e-44f3-ae45-42f413fe3916","2024-09-05T19:30:44.367Z","Kaduna","Android","25-34"
"d29d0c98-fc66-4d27-aee8-121cb29fe1fb","2026-04-06T01:54:25.138Z","Kano","Web","35-44"
"a4c780c9-e918-4a03-9071-347dd840acdb","2024-12-16T16:49:38.972Z","Ibadan","Android","25-34"
"cb96e699-0095-488c-a84e-1726e7ededb0","2025-08-03T02:12:16.246Z","Kano","iOS","25-34"
"90d4c515-e0a5-449f-9654-4583ebf396fa","2025-11-02T04:50:05.645Z","Lagos","iOS","25-34"
"b390cf4b-3790-463e-b13d-940238604121","2024-10-06T17:27:08.787Z","Ilorin","Android","25-34"
"09ca2e66-518f-4f82-8e51-4b19a4afcfa2","2025-09-27T11:57:50.751Z","Lagos","Android","45+"
"c0bbd530-cb49-44e9-b227-2d284a754b4f","2025-10-02T14:36:24.465Z","Kano","Web","18-24"
"eaa06d25-7dd3-4fb7-8edc-b08debed7cb5","2024-12-10T06:54:24.193Z","Enugu","Web","25-34"
"4a9ea4af-f89c-4786-a7de-047ce8f681a3","2025-04-29T20:39:30.790Z","Abuja","Web","18-24"
"39444c2c-739d-4012-abae-950e0fc69c77","2025-08-01T01:56:04.940Z","Kaduna","iOS","45+"
"233d26fb-73ae-4cc1-9870-e9e6643b2e66","2026-01-14T03:09:31.925Z","Lagos","Web","25-34"
"1644ac23-7017-4db2-9753-ac8bd8981e64","2025-12-07T05:31:09.205Z","Ibadan","Web","35-44"
"3d59cefb-3076-4c3d-82b2-2e0be574d111","2024-12-25T12:11:49.950Z","Jos","Web","45+"
"1779af85-bf00-4d4d-99be-e2a3d1617838","2026-01-02T14:52:05.977Z","Lagos","Android","18-24"
"5e30ee71-19fa-44f6-92c9-ea8047bda0d5","2025-01-19T06:16:12.184Z","Abuja","iOS","25-34"
"6e5908d6-6de1-455e-a80e-6c834ea048d2","2025-09-18T02:30:48.724Z","Enugu","Android","18-24"
"ddfbed0f-2eaf-4731-8139-601521ff0270","2025-08-14T07:19:04.127Z","Port Harcourt","Web","45+"
"8f06cb80-8713-4a5a-ad61-a05858209c53","2025-07-29T23:19:40.850Z","Jos","Web","25-34"
"a24cdb65-6763-469c-90e7-1e0e35818c30","2026-02-10T19:46:53.542Z","Ilorin","Web","35-44"
"e21e98c2-7fdb-4de9-8dca-d913ab6debb1","2025-02-21T01:30:51.492Z","Enugu","Web","18-24"
"84ee6c28-16ea-4fe2-bd81-39bfbadcd59b","2026-05-07T23:47:09.073Z","Ibadan","Web","25-34"
"ff296b1b-44aa-43fd-bc77-cc4d0f04e9c1","2025-02-04T23:09:29.547Z","Ibadan","Web","25-34"
"499f4a9e-fd2a-458f-ba67-ddcf6061ced3","2025-09-16T13:19:05.350Z","Kano","Android","18-24"
"2c4701dd-f879-4708-b19e-7054c5ee891f","2024-09-05T09:07:02.650Z","Abuja","Web","35-44"
"7e4a68e7-e5b3-4860-860d-534ce7689942","2026-02-22T21:28:16.650Z","Jos","iOS","35-44"
"11f3c631-23bd-46c4-aa57-4c0b7f7582e9","2025-05-26T17:35:21.452Z","Abuja","Android","45+"
"cb0fdd34-13f4-4671-9107-97482969dd55","2025-06-09T18:14:29.223Z","Ibadan","Android","45+"
"e7539d64-c376-4b79-b242-4b49e39fc371","2025-08-19T15:29:57.388Z","Benin City","Android","35-44"
"aee953ec-2c27-4d21-aa97-a5f44cfd5433","2025-03-22T17:31:51.033Z","Abuja","iOS","25-34"
"fd56e87f-051d-494d-87e5-35487d4bc7c3","2026-01-21T16:04:02.450Z","Jos","Android","25-34"
"939f7317-020a-422b-89ac-4b750b759536","2024-09-20T20:57:09.479Z","Ilorin","Android","35-44"
"7f61bd47-d104-4d39-a179-b2d5f3e73f2a","2026-01-03T03:44:09.521Z","Ibadan","iOS","45+"
"f49e527b-e84d-4575-a08b-753a562c65b2","2024-06-02T08:06:10.732Z","Jos","Web","45+"
"c374e18c-89cb-44e8-bf3b-6c87a112db1e","2025-04-23T10:01:13.101Z","Kano","iOS","18-24"
"62b1fa7f-ba1a-45b9-bdde-c5662ba13195","2024-05-29T14:37:56.203Z","Jos","Android","18-24"
"4ec93636-a158-4191-a623-19daa8e15735","2024-11-22T16:47:46.557Z","Port Harcourt","Android","25-34"
"31b5eda6-8332-412f-b849-efc13f3c8502","2025-04-03T10:53:43.204Z","Port Harcourt","Android","18-24"
"e95efcb0-fc37-43d9-8f2e-7b9793719eb3","2024-08-12T04:00:28.708Z","Ilorin","Android","45+"
"04a70d06-b113-4e5e-bb6f-0a7238ad7813","2026-04-19T23:23:49.835Z","Abuja","Web","18-24"
"25fad722-fc6c-409a-8083-e25bbe281925","2025-01-08T01:47:43.165Z","Abuja","Android","45+"
"bd0a5915-5ef4-499e-85e8-c1918e39067b","2025-01-07T07:42:00.277Z","Port Harcourt","Web","18-24"
"91558184-1a8f-4c10-ba85-c247da4df212","2026-05-24T09:26:40.711Z","Lagos","Web","25-34"
"67045d47-7db7-463e-9cfc-7a70aafe262b","2025-05-09T08:26:00.870Z","Jos","iOS","35-44"
"d5cdfc78-be26-499a-922a-8a411c3f80d0","2026-04-27T15:11:45.634Z","Kano","Web","25-34"
"7761da77-dc3e-4651-97e3-1e191a526ff3","2025-06-08T17:09:27.783Z","Lagos","Android","45+"
"3465e258-6c66-42f9-93ba-c78246ca6845","2026-01-06T23:32:43.241Z","Ilorin","Android","35-44"
"03f5a948-f7a0-4f7b-a443-f0d353760c98","2026-01-13T14:32:22.878Z","Lagos","Android","25-34"
"70174bce-73ab-4131-8097-1c999387d1fc","2024-12-23T03:36:03.286Z","Ilorin","Android","18-24"
"304c28a9-66b8-4a46-bdcb-e0ea6e3dbcdd","2025-03-20T01:58:57.716Z","Enugu","Android","35-44"
"4904824c-ca9e-4b91-b32d-79422662e01f","2024-05-26T05:43:29.351Z","Port Harcourt","Android","25-34"
"e8d33bcb-ea8f-4d39-81a2-e3c1d06909a1","2025-02-10T04:41:25.392Z","Port Harcourt","iOS","18-24"
"47f5451d-b6a7-4c06-a925-249ee680031d","2024-08-06T03:25:19.379Z","Enugu","iOS","45+"
"0eb637c5-76d0-4559-b8b4-5e07c6fac98f","2025-07-10T18:00:42.937Z","Kaduna","Web","25-34"
"f2e22099-e7c2-42bd-8779-aa8dd107ccc9","2025-04-25T21:45:50.382Z","Lagos","Web","25-34"
"34b4934e-2331-4a3f-a5dc-ba848d8ca581","2025-12-15T19:18:24.218Z","Port Harcourt","iOS","25-34"
"07ed9ead-685d-4b73-8371-715c8d3d3540","2025-09-12T05:11:31.594Z","Kano","Android","25-34"
"e2e1eaae-b84a-4b31-b0f0-cd1307904168","2024-07-03T08:25:51.054Z","Enugu","Web","45+"
"e3126477-cc2f-4698-bc9e-93e4ec492aab","2025-09-03T23:36:18.742Z","Lagos","Android","35-44"
"ad1a78da-2912-4554-a214-5c4a512ac551","2025-09-25T12:04:17.018Z","Port Harcourt","Android","45+"
"e4902260-d0a9-4226-8a5f-8afb8428eed6","2025-04-29T18:11:52.667Z","Ilorin","iOS","25-34"
"4c182b6f-591b-43e7-bb1a-3de2092bd0f3","2024-06-05T17:06:56.388Z","Port Harcourt","iOS","35-44"
"845ac617-71c8-4d85-997c-d9281fb13e83","2025-03-15T08:42:41.989Z","Benin City","Web","35-44"
"04aeff42-f0f6-4414-80ce-5a9718ab3c10","2024-08-24T00:46:54.446Z","Kano","iOS","25-34"
"abb6daa2-67a3-4fd5-b7f3-f6716603f873","2024-06-13T08:26:56.823Z","Ibadan","Web","35-44"
"4f0b6e39-9c09-4d03-a131-a64a29c8917c","2024-09-15T09:04:21.729Z","Enugu","Web","45+"
"0298d448-d42a-43bf-85ab-98f59d4377cc","2025-07-02T18:24:11.790Z","Ilorin","Web","25-34"
"b9b7e5c3-036c-4ba7-9c43-a8605276797d","2025-08-03T10:21:18.731Z","Port Harcourt","Android","35-44"
"f740bcdd-677d-47a0-b6c2-272ce15e9916","2024-07-02T23:26:28.787Z","Abuja","Android","25-34"
"c7000523-e3e7-482e-8e98-8e80b9f4681f","2024-07-05T20:22:09.556Z","Lagos","iOS","25-34"
"08248cc0-c72a-46af-8fc0-6d3b64b70367","2025-08-21T22:43:00.748Z","Kano","Android","25-34"
"6ab8a0c2-c552-4a15-87b0-9f0392ec0857","2026-01-03T00:17:48.353Z","Ilorin","iOS","25-34"
"f321ab6f-2065-4815-89a3-ffc380038df5","2024-09-28T18:12:44.814Z","Port Harcourt","iOS","25-34"
"317b2156-793d-4956-abc6-a91dd5730483","2024-11-03T14:27:36.179Z","Kano","Android","18-24"
"157e4640-2119-46df-b1bd-db536b3dabc9","2024-12-01T22:42:01.214Z","Jos","iOS","25-34"
"bf3f75b4-b57b-4d34-aaa0-7b87b83910da","2026-05-02T19:34:28.188Z","Kano","Android","35-44"
"b1fc59d6-0c90-4050-957a-593a5250b74c","2026-02-16T14:11:23.222Z","Kano","iOS","25-34"
"bfe39e8f-f3ca-4128-8cb6-57a5b0051953","2024-10-23T13:19:03.845Z","Enugu","Android","25-34"
"84858287-24f3-4bb8-ab02-f60e32cde178","2024-07-03T19:19:46.443Z","Lagos","Android","25-34"
"1c1d3ad4-2975-429f-871b-ba32cecb8c0a","2025-08-24T20:59:55.865Z","Ilorin","Web","45+"
"5a50d06d-8733-41f3-8ae4-f5fffb73da9d","2026-04-07T00:43:09.233Z","Kano","iOS","35-44"
"71a713d2-938a-4c90-b628-2fe611e4ef73","2024-11-28T09:15:05.030Z","Benin City","iOS","18-24"
"ffa2c3b1-9b49-403a-bd11-77eee817dd02","2026-02-19T21:16:20.349Z","Enugu","iOS","25-34"
"3326078c-fc01-4a0c-9c13-440621b970bd","2025-07-15T07:43:48.484Z","Ilorin","Android","35-44"
"3e231ee7-053b-4ed5-95e5-3026db1d4a6b","2026-04-13T11:34:29.035Z","Kaduna","Android","35-44"
"20811e23-b6f5-43b9-bc83-9cacc376229c","2025-06-09T15:17:41.489Z","Ibadan","Web","18-24"
"cf98a571-377a-4992-b43e-a0106e1e4df9","2025-05-28T09:37:39.509Z","Jos","Web","45+"
"3f19f920-f3af-45b3-a692-7f27e898a964","2024-10-18T11:56:56.943Z","Lagos","Android","25-34"
"0df6a3f5-54c1-4fcc-9231-d25e15cfccf2","2025-01-22T22:27:49.265Z","Kaduna","Android","45+"
"9e14ee55-4f97-495d-83e8-0e99a52c7ce7","2025-03-26T20:18:11.894Z","Port Harcourt","iOS","18-24"
"ffcaca84-b6a7-44a4-b80c-8643a5b5af19","2025-08-24T05:57:31.020Z","Abuja","Android","45+"
"3981d1a0-21eb-4f4f-8f97-aff14ffd29ce","2025-12-13T20:25:27.033Z","Port Harcourt","Web","25-34"
"2919baa4-9683-42e3-b0a0-ecbc56df5c03","2025-09-28T04:55:46.836Z","Benin City","iOS","25-34"
"9f64d60a-d54e-4f43-950c-102d5150a8af","2025-02-26T16:10:28.285Z","Jos","Web","45+"
"5738ad03-47ed-4a39-9843-d1205220ab46","2025-04-11T00:34:05.894Z","Lagos","Android","18-24"
"baf76a94-30d2-44d2-8376-e2275b00201e","2025-03-05T09:08:45.619Z","Benin City","Android","45+"
"539fa5da-8703-4e23-8a43-9be4f99bbec4","2025-08-13T21:42:06.042Z","Jos","Web","25-34"
"4bd66390-8536-40bf-99a6-35b336060b3c","2025-12-22T10:39:06.803Z","Lagos","iOS","25-34"
"719b9572-c0c5-4f38-bcf7-317994ec18cd","2025-05-17T03:41:17.022Z","Ilorin","Web","25-34"
"3550b47b-27eb-4f94-95c0-daa349472b4a","2025-03-15T08:00:04.930Z","Benin City","Android","18-24"
"075bd348-3750-4dca-9a38-f808a91c41d7","2026-04-18T20:24:00.212Z","Ilorin","iOS","35-44"
"c81927af-ca3a-4367-b2ac-9ae636118f4e","2025-12-28T03:26:32.327Z","Lagos","iOS","35-44"
"68cfc561-f877-4655-9709-7b60d6b4ef26","2026-03-04T01:28:44.194Z","Enugu","Web","45+"
"8fda82dc-31a1-4290-87df-79bf0636d678","2025-04-17T20:40:35.602Z","Port Harcourt","iOS","18-24"
"8ab54d38-cd2e-4d21-a6eb-91df0ee8b7b3","2024-09-09T23:15:01.533Z","Ilorin","iOS","18-24"
"a408ae13-1a0c-415a-b4b8-e9a1eccd61c0","2025-09-27T10:15:29.626Z","Jos","Android","45+"
"4a369bc1-da45-4c10-bd40-2670efd4960c","2026-01-27T17:33:36.055Z","Kano","iOS","25-34"
"9c32bf67-a212-44f6-97ed-df76011b5786","2025-11-05T19:24:25.396Z","Kano","Android","25-34"
"76250175-91f4-479e-bd71-8cb7dfb4b79e","2026-02-06T22:59:29.893Z","Lagos","iOS","45+"
"d7abca01-2c55-4199-b877-5c98e705ab37","2026-01-27T07:04:13.725Z","Ibadan","Web","35-44"
"55572481-1d4e-495c-9535-f7b925117da4","2024-11-30T12:50:36.477Z","Lagos","Android","18-24"
"560e776f-9dcf-4fab-b7df-6725db778a08","2025-08-18T02:47:13.050Z","Kano","iOS","35-44"
"af62b538-8978-4a24-bae8-7cad67db6dc6","2025-06-07T02:05:25.753Z","Lagos","Web","25-34"
"f33abd85-3dbc-4a40-9d14-330a85f82406","2024-06-07T11:01:29.469Z","Kaduna","iOS","18-24"
"dae156d1-af08-47be-a283-49f66d840830","2026-03-09T04:15:14.137Z","Port Harcourt","Web","35-44"
"5a9f0ef5-09b6-46ab-8de3-307d817c0dfb","2025-05-19T21:59:59.396Z","Kaduna","iOS","35-44"
"9e93ba41-c683-44e5-9ef5-bda6c4afe5ae","2024-08-21T14:25:12.885Z","Kaduna","Android","25-34"
"1b288faf-4ae6-454c-bac9-54f7bf4e1f3a","2026-01-20T08:22:57.510Z","Enugu","iOS","18-24"
"fcba4065-95ac-45a7-8f30-0a28ad7f22ce","2025-07-26T01:51:06.763Z","Kano","iOS","25-34"
"fad7c524-0577-4cdc-88a1-65e83bb393c4","2026-01-31T18:55:01.170Z","Lagos","Web","18-24"
"faafdbdc-3d9a-4ce0-921f-f14bd623ebe1","2024-06-22T06:02:08.632Z","Jos","iOS","45+"
"66611535-08e9-4a13-aa3c-4e3e66f4793c","2025-01-22T01:13:42.510Z","Benin City","Web","18-24"
"0b2211de-b518-42dc-8a4a-82e3b34bd67b","2025-08-06T19:16:27.711Z","Jos","iOS","45+"
"399c589e-1686-43fb-b47f-9a64d0eb4422","2024-06-07T07:31:27.506Z","Lagos","Web","35-44"
"6dbbbb3e-ac60-4e95-8871-9429c0de80bd","2025-03-31T02:48:16.385Z","Port Harcourt","iOS","45+"
"fb30b40a-8d96-49d1-b4ee-2ce9e9780917","2024-11-06T22:34:50.117Z","Kano","Android","18-24"
"ef3167b8-06d5-4e43-96f1-11eae252d192","2025-11-15T20:07:43.724Z","Abuja","iOS","25-34"
"72e9d882-a115-4571-977f-8b27dc273d19","2025-12-14T10:51:12.332Z","Lagos","iOS","35-44"
"3cb26c53-063e-48f9-a924-3be8e00de3ab","2025-05-05T14:53:45.263Z","Kaduna","iOS","25-34"
"569e5bff-9f62-4f08-ad4a-a2797388d22e","2026-05-15T09:55:00.766Z","Benin City","Web","35-44"
"91493b36-c753-4e11-8d77-5d0d8fc0de83","2025-06-24T16:36:00.219Z","Ilorin","Android","35-44"
"dc0bb4e0-7c25-4145-a45b-e706dd53c2c9","2026-02-20T10:35:28.760Z","Lagos","iOS","25-34"
"fd9cf96b-0a1e-4b61-8657-06f6c4263c75","2025-07-21T18:39:13.772Z","Lagos","iOS","45+"
"339cbd3a-3d2f-4b20-9212-f324a164d776","2024-06-16T19:34:21.938Z","Abuja","Web","35-44"
"f13a3080-e79a-40e1-a317-0749b5da44dc","2025-06-01T01:52:50.304Z","Abuja","iOS","25-34"
"3abfaea7-a381-4c56-ad75-3e92bb72603c","2026-01-13T15:10:04.008Z","Kano","iOS","25-34"
"b429f4eb-a3fb-46da-abb5-a228dee31540","2025-04-04T02:01:33.859Z","Lagos","Android","45+"
"e94b8cbb-c959-42fc-9374-388cd01745c2","2026-03-17T15:22:16.974Z","Kano","Android","35-44"
"5a787d78-8f48-4fa1-acfd-bca924ad24f8","2025-07-25T18:49:41.670Z","Abuja","Android","18-24"
"ffe21c89-72ea-48aa-b0cc-6a0ecc9c503b","2025-02-02T21:36:37.426Z","Ibadan","Android","25-34"
"ef3537ae-597a-4cf5-bfb5-faf9e969f8d0","2025-10-08T00:10:28.906Z","Port Harcourt","Web","25-34"
"e6e45c3f-0029-4f2d-9474-1c710103eb69","2024-08-19T23:06:22.287Z","Abuja","Web","25-34"
"0872641f-0f89-486b-a0ff-ba93a4127190","2025-10-12T12:43:02.919Z","Lagos","Android","45+"
"af100e5b-5c74-402b-bbe0-b80cd2926f92","2025-07-23T05:37:20.841Z","Kaduna","Android","25-34"
"214d1f0a-a0e3-4cbe-ac7d-8dd1f30c7508","2025-03-11T09:07:28.369Z","Abuja","Web","45+"
"e4d5923d-66fd-4fe3-af87-08ccafe5c570","2025-05-17T22:33:37.045Z","Lagos","Web","45+"
"8bb8542e-1f1c-4ab6-8d1f-bcac5358b442","2024-08-27T06:58:52.000Z","Jos","iOS","45+"
"d86455c4-2da9-4f16-b9fb-bf24230d22e7","2026-03-21T05:34:02.836Z","Kano","iOS","25-34"
"7acab18d-7c58-48d5-bde8-d2deb50cf698","2024-07-09T20:53:31.123Z","Abuja","iOS","25-34"
"db195072-501f-4d19-9c59-dfbb58b6eff7","2025-09-04T06:04:26.268Z","Ibadan","iOS","25-34"
"7a7740d9-f09f-4718-93d9-cb98d188a645","2025-10-16T19:55:03.777Z","Ilorin","Android","35-44"
"df63793c-baa9-49d9-850e-39fc6e595441","2025-09-06T20:58:16.824Z","Benin City","Web","18-24"
"671173e1-2717-42f8-9a8f-fb9552443eb0","2025-03-31T04:44:25.983Z","Benin City","Android","18-24"
"5e431456-b6ac-472a-b516-c5fc954c7005","2026-05-03T22:17:32.659Z","Enugu","Web","18-24"
"3f257ecf-a07d-48ca-bfa4-50b95c6adc05","2024-08-29T16:21:21.550Z","Port Harcourt","Web","45+"
"d73aca56-bdb7-4459-ad24-e106ab03e858","2026-02-14T23:57:50.776Z","Jos","Android","25-34"
"456984e9-989c-478b-a543-cb247f93255f","2024-09-03T01:44:34.271Z","Port Harcourt","iOS","25-34"
"769a0817-9711-40f1-9de8-166d4cf97830","2024-08-24T11:25:08.017Z","Port Harcourt","Web","35-44"
"26f26c6a-1849-4cad-9286-e6ea42b378dc","2025-08-08T07:40:09.561Z","Jos","Android","25-34"
"37641113-d9ca-4bfe-a465-a4035012a21b","2025-12-01T08:50:59.943Z","Benin City","Web","45+"
"9a5da104-07a1-47db-bed1-9ed1c2ccd6e7","2026-04-20T05:31:15.447Z","Ilorin","Android","45+"
"23679919-4772-4b31-b293-cc32ae0350e0","2024-08-29T18:44:52.651Z","Ilorin","Android","35-44"
"a4820253-edb8-4f0e-81a5-77b49bf2cb9d","2025-01-18T12:56:34.678Z","Kano","Android","35-44"
"81d98958-ab64-42f7-9680-311931d385f1","2025-01-13T22:25:19.064Z","Enugu","iOS","35-44"
"2c7e7377-c6fa-4e9a-b65b-f64531a042dc","2025-10-17T01:40:30.464Z","Benin City","iOS","35-44"
"60d1b448-74be-40c4-95a9-ef2fd90aba16","2024-06-28T14:39:02.471Z","Kano","Android","45+"
"fb66b9d9-70ea-4e74-a4e0-836576a34618","2026-01-13T16:39:16.663Z","Enugu","iOS","45+"
"d2c0816a-ce2c-4d3b-8f9b-85becff72ce7","2025-12-11T06:02:41.672Z","Ilorin","Web","18-24"
"4f992ebb-4a30-4295-9496-f5a1799c230a","2025-12-21T20:32:53.904Z","Port Harcourt","Android","45+"
"121cd80b-47a7-4473-bb91-de504782e14a","2024-07-28T03:04:20.155Z","Lagos","Android","18-24"
"a84ffa0a-52d7-4bd8-bf4e-247fa3af43db","2026-01-30T10:01:06.026Z","Lagos","iOS","45+"
"8380f9ed-307f-47d1-9f1c-2f129e254d36","2025-08-23T00:08:16.152Z","Kano","Android","18-24"
"5a228e11-5b5c-43d0-a814-2d6a80ed918c","2026-04-23T22:36:53.911Z","Jos","Web","45+"
"3fa8e812-8480-4daf-8875-ccf2b3d6b732","2026-02-05T04:53:06.900Z","Ibadan","iOS","25-34"
"bc135aeb-c568-400d-8346-c67e0ad37f6a","2024-06-25T09:33:11.068Z","Kano","Android","35-44"
"b38b0d24-c9a6-46cf-b0d5-a51a83227689","2025-03-04T01:35:46.765Z","Abuja","iOS","35-44"
"d5f5fb7c-b6a4-446e-9e8f-1b0c5d5f74ad","2025-07-13T02:03:39.979Z","Ibadan","Android","18-24"
"2abbaf80-6cb1-4ed0-8f88-6a9b3ebe2f1c","2025-06-24T17:43:49.046Z","Ilorin","Web","45+"
"f8cb0b3f-664e-4c49-9805-f6e959d2eeef","2024-12-18T09:40:27.899Z","Enugu","Android","25-34"
"73ad8d8f-0d93-4518-921a-3bc57ca9f65c","2024-10-09T10:11:53.811Z","Abuja","Android","18-24"
"e999e228-585e-44a3-9b7d-f47caf66470e","2025-12-21T12:22:11.359Z","Ilorin","Android","35-44"
"e0f3a4d4-8770-4144-944f-f0272e8ea90a","2026-03-08T05:11:52.282Z","Ibadan","Android","35-44"
"c661fddf-d52b-4587-b9e0-2ac135d5075e","2025-11-19T14:23:10.632Z","Abuja","iOS","18-24"
"70fdb545-c536-4ce1-90b5-557199e117a5","2026-02-25T21:25:59.573Z","Kano","Android","18-24"
"9c587f08-1b74-4086-a288-1a222a6d7ea0","2025-06-25T02:42:44.121Z","Port Harcourt","Web","18-24"
"27e629cc-9a26-4da2-81df-29d3ea70c22e","2025-06-07T09:44:40.492Z","Lagos","Android","25-34"
"8474c273-1eed-4fb1-bb10-ec13486b4b2b","2026-03-02T22:53:01.074Z","Benin City","iOS","18-24"
"eeacdf53-36de-405e-908d-36210b94bfd7","2025-09-10T05:11:21.451Z","Enugu","Web","18-24"
"295f7fa7-2d04-49d5-9bf4-911c9c654b7b","2024-07-12T02:32:50.600Z","Kaduna","Android","35-44"
"d3b89452-863a-47d4-92c5-961c1bca3646","2025-06-16T07:42:41.917Z","Benin City","Web","18-24"
"b159f78a-b3fc-42d8-a673-4b882b87d926","2026-02-25T02:03:37.386Z","Ilorin","iOS","35-44"
"c2d707bf-8774-4134-b4d7-00b2bb061cc0","2025-02-12T07:22:51.232Z","Enugu","Web","18-24"
"03062bfc-57b5-4e49-b6dc-9265864fc921","2025-11-16T22:44:41.935Z","Kaduna","Android","35-44"
"44591a92-76dd-42ee-8eb9-cd0e82a55b84","2026-05-14T23:29:37.159Z","Benin City","iOS","18-24"
"a91c001c-9f3d-4c46-ac4a-ca3c52280654","2025-12-30T02:27:01.579Z","Kano","iOS","25-34"
"90e9a31d-191b-4998-997e-697a77306742","2024-09-01T07:51:40.009Z","Port Harcourt","Web","45+"
"7b61280b-cdfd-4c01-b82c-a6d674763e98","2024-07-11T16:59:03.852Z","Abuja","Android","35-44"
"5c00634b-4965-4833-9ed1-4402f8c86200","2025-05-16T08:17:53.704Z","Lagos","iOS","18-24"
"957cfba4-8518-4615-b1d7-275a7eaa06be","2025-01-06T08:17:35.353Z","Kaduna","Android","25-34"
"fc31e410-f46c-4d00-a202-51d8b81a8166","2024-10-06T20:48:57.099Z","Port Harcourt","Web","35-44"
"041c8f40-61fc-44c1-ae16-7f24a70a35d8","2024-06-28T05:42:06.195Z","Kano","Web","35-44"
"38b8629c-209a-4c98-ba7d-6f40efff0e77","2024-08-22T05:17:20.456Z","Kaduna","iOS","18-24"
"1d2fa051-bcb4-4bf1-9c82-6548eb4465e4","2026-01-02T09:34:06.372Z","Kaduna","iOS","18-24"
"484837f1-8615-4fbd-b994-f1b2780e1099","2025-07-25T14:32:39.691Z","Kaduna","Android","45+"
"eb1a576c-7388-4333-bc8e-b26b826e4e8e","2025-09-09T16:28:48.851Z","Kano","Android","18-24"
"617538f5-551f-48cd-b762-687b0a6cfc8b","2024-10-08T19:13:08.542Z","Lagos","Android","18-24"
"9c337988-e2c6-4752-81b9-6f854c3b0d3a","2024-11-20T20:33:20.807Z","Kano","Web","35-44"
"38dfc0e3-16e1-41dc-887c-3114722aac2d","2025-10-02T06:56:49.944Z","Jos","Android","18-24"
"1653415a-9129-4da0-bbbf-967a816ca3ce","2024-11-07T22:42:53.988Z","Ibadan","Web","35-44"
"1684fe80-9130-467d-a710-6279853e4d58","2026-04-07T01:00:49.217Z","Lagos","Android","45+"
"72dfe2b2-504d-40fc-b15e-53c3a61101ee","2025-07-10T05:27:42.002Z","Kano","Web","35-44"
"007d7c20-268d-462a-942e-8a751e494549","2025-08-29T00:14:59.348Z","Ilorin","iOS","25-34"
"55b91f26-9484-466d-bd4f-814448c70f47","2026-03-14T13:27:13.134Z","Kaduna","Android","35-44"
"884e8169-316f-42ff-89f1-2aa49b9db16f","2025-01-30T00:25:17.635Z","Benin City","Web","45+"
"ac601dca-29df-43a6-b182-834a62b00f86","2026-03-16T12:34:00.869Z","Kaduna","Android","25-34"
"e47da1bf-1253-4911-9916-0dc3e6708bcc","2025-07-03T02:33:56.950Z","Enugu","Android","18-24"
"822c799d-7f4a-4eca-9f00-9c79c8dc2dae","2025-12-07T13:13:54.849Z","Ibadan","Web","35-44"
"5b68015d-fe59-4254-882c-627cc1553930","2026-05-03T05:24:39.022Z","Abuja","Android","45+"
"a2128b12-e6be-4a3c-b239-497d6bc1a96a","2025-07-03T17:09:51.167Z","Kaduna","Web","35-44"
"ab6704be-1ea5-4b61-9900-d666cd9ede16","2026-03-27T07:03:46.716Z","Ibadan","Android","35-44"
"faacb835-d952-494a-aded-e052fbe9493c","2025-12-26T15:17:22.495Z","Ibadan","Web","18-24"
"d40da25d-8048-430c-bed2-a72316444028","2024-12-11T18:11:08.291Z","Lagos","iOS","35-44"
"02b7252a-fed1-4798-bc9b-28f9ad9f37ca","2025-08-28T17:00:19.833Z","Ibadan","Web","18-24"
"c8c9dd64-e485-4cd8-9ac0-ccff8ac2184e","2025-08-15T13:58:20.039Z","Enugu","Android","25-34"
"4c0c2dd5-d4e3-4059-ac71-2702c36173af","2026-05-07T23:12:48.360Z","Ibadan","Web","35-44"
"c6e567ba-5a32-40d1-9b5e-54c4f2b1548e","2024-11-01T09:56:08.253Z","Lagos","iOS","25-34"
"94bc9004-72fa-4457-a29a-642c2a049ba7","2026-03-20T17:32:44.067Z","Ilorin","iOS","45+"
"e2fc7b19-fbed-492d-b6b6-5b3b9d805130","2024-08-24T18:38:26.423Z","Kaduna","iOS","18-24"
"49306011-de0f-481f-8e58-33d7cce84726","2025-04-09T23:09:24.474Z","Enugu","Android","45+"
"eae42a4f-a3f4-4a7b-8211-45f425aa9636","2026-05-05T12:46:05.711Z","Jos","iOS","18-24"
"d0fed027-9fa1-4a17-83d7-cad28ebf5112","2025-01-18T01:18:26.256Z","Jos","iOS","35-44"
"91d12a70-9ab7-4ab4-a376-c681f9e3eb39","2025-11-08T13:05:22.858Z","Abuja","iOS","35-44"
"697c7568-02f6-48a9-a1ec-06d3c4499516","2025-06-06T00:31:02.569Z","Abuja","iOS","25-34"
"3fb4f039-078f-43cc-a6e8-bef6ac9d334d","2024-11-07T04:05:16.042Z","Benin City","Android","18-24"
"5611d3c9-e20b-4797-a764-4dd2e0ed7113","2026-04-09T17:49:57.856Z","Lagos","Android","18-24"
"ad11215a-ea85-471a-83d2-11c268d3e99e","2024-09-25T20:45:10.890Z","Port Harcourt","iOS","25-34"
"c3877bef-63bb-47ae-8f27-d94e30a96b50","2025-05-24T04:05:43.517Z","Benin City","Web","35-44"
"1f5b83c3-0504-4cf9-b926-eb3b848ece64","2025-06-26T06:37:16.641Z","Lagos","Web","18-24"
"8f3580bc-560f-4dd5-9ff1-781d6e9e924d","2024-07-21T05:47:25.018Z","Port Harcourt","iOS","45+"
"688e8adb-d391-4aaf-80a6-5c9e7d2ecad1","2024-08-25T10:45:35.002Z","Jos","Android","35-44"
"f4a52efb-fc7c-4b98-ba4c-57add71f70db","2025-07-28T06:07:16.974Z","Enugu","iOS","25-34"
"f3e8dbca-0a9f-455f-97f3-20d824c4593f","2024-08-16T04:21:57.243Z","Ibadan","Web","45+"
"146fb36a-2387-45de-bf37-47f31a0a3f80","2024-07-23T20:57:36.374Z","Port Harcourt","Web","18-24"
"550c0ab5-4809-4817-a1f3-dd719c003997","2024-10-07T21:03:02.914Z","Ibadan","Android","18-24"
"d2230adc-c9cc-4c37-85d2-df00bd8995b4","2025-08-20T12:03:54.647Z","Ibadan","Web","35-44"
"15872bfa-7efb-471a-bf8c-c6247d4e9e5b","2025-10-03T01:06:23.203Z","Port Harcourt","iOS","25-34"
"7415c984-37be-4bae-91ce-1edb34ae5bb9","2024-09-11T20:36:26.288Z","Benin City","iOS","45+"
"4ea1ea5e-3b8b-4021-adda-decab14a41a7","2026-04-01T12:40:41.792Z","Ilorin","Web","25-34"
"d23b02ae-2569-47a4-994b-2eed818329f3","2025-01-22T06:40:22.923Z","Lagos","iOS","45+"
"7b64daac-dc44-4cd8-a1e3-c0c911bf3a25","2024-12-15T22:37:53.806Z","Benin City","Web","18-24"
"59a6fcb2-1d00-4303-b85e-baae8a139025","2025-09-19T17:02:16.988Z","Ibadan","Android","18-24"
"ae39f13b-3385-4e5c-bbdc-5c4a08ec00a8","2025-07-31T14:29:49.704Z","Benin City","Android","25-34"
"80d46e5d-7d5b-4267-97d8-49246226bd99","2025-01-06T02:24:55.602Z","Lagos","iOS","45+"
"69857d06-c135-4b62-a67c-10b10ac440f6","2025-10-03T12:07:58.580Z","Kaduna","Web","35-44"
"10ebec53-a5c5-4860-9734-0a13e8a370a7","2024-07-17T02:18:07.707Z","Abuja","Web","45+"
"932501ab-7fa7-497d-8e16-23d0fc240069","2025-05-17T05:22:18.984Z","Ibadan","Web","25-34"
"6b8749e9-5291-4917-a61d-6072afe490d4","2026-05-19T16:14:18.207Z","Ibadan","Web","35-44"
"d42e1820-e249-4cca-9e39-6024620ded0e","2026-04-23T02:17:58.304Z","Kano","iOS","25-34"
"a006d4b1-33ae-4886-93ed-789d68d91344","2024-06-20T18:51:42.022Z","Kaduna","iOS","25-34"
"e03a0eab-f0bc-4061-80ee-0548b87b02a2","2024-07-25T23:30:48.533Z","Kano","Android","45+"
"83aa4bd3-fb2e-45eb-971c-baf04b37996e","2025-09-06T02:00:12.384Z","Benin City","iOS","35-44"
"9ad410ba-ca78-4e0b-8339-4ca8f80d18ed","2025-06-06T21:04:50.191Z","Ibadan","Web","35-44"
"187d6c84-172d-4f06-be70-682cef871853","2024-07-14T20:04:25.131Z","Benin City","iOS","18-24"
"47ea8353-0312-4756-9e79-d611e6470ae3","2024-12-18T20:39:03.053Z","Jos","iOS","35-44"
"792abf5a-8565-4268-b631-9e4d9136c828","2024-10-28T17:05:13.474Z","Abuja","Android","45+"
"faaa76c0-4e58-49fc-9342-92b673c7b482","2025-02-12T06:27:17.003Z","Kano","Android","45+"
"9073eb78-ca4e-4dfe-8d2e-f5faeb6479ce","2026-04-30T12:16:25.575Z","Kaduna","Android","18-24"
"ed6ab7d9-3475-47a3-8aba-cd32ab80dda6","2024-10-09T16:02:13.482Z","Kano","iOS","18-24"
"f0143be2-b396-4fea-8c41-24f91f0d3f6f","2024-09-10T14:57:14.811Z","Jos","Android","45+"
"14976cd8-b368-4bee-8b8c-897b091a00ad","2025-08-15T15:45:13.102Z","Port Harcourt","Web","18-24"
"2ac3b295-7ea8-477c-9203-3f70c6fe3dcc","2026-04-22T09:38:38.194Z","Ibadan","Android","25-34"
"e904db1a-1ce4-432c-836a-aba3f2e04e32","2025-01-11T06:00:09.852Z","Kaduna","Android","18-24"
"4ae474c0-4e72-4742-a2cf-3f2970103793","2024-06-22T06:12:29.201Z","Kano","Android","35-44"
"74eed4f8-2234-4c7d-97f0-193ed499bfe5","2024-09-03T03:32:05.379Z","Port Harcourt","iOS","45+"
"c49fa18e-4ac7-46c5-97a1-28eb8496eefb","2025-03-07T15:58:21.945Z","Port Harcourt","iOS","45+"
"7c058366-b7ff-4440-b770-713403d5e1f4","2024-07-26T15:32:23.077Z","Abuja","Web","18-24"
"a98eb9e0-29b4-4fca-976e-d59b6e57aa3d","2025-10-20T05:59:58.485Z","Benin City","Web","18-24"
"bf812ffa-1652-430a-a4ed-2fe5d201d732","2025-08-12T18:21:05.355Z","Ibadan","Android","35-44"
"f368e511-a3ba-4657-99d6-e8055c9ceb6e","2024-08-24T20:29:43.892Z","Benin City","Web","25-34"
"522b3812-1b33-42e1-ad87-b10971573db7","2025-07-07T20:05:39.101Z","Kaduna","Android","45+"
"0e48b5ae-f26e-4721-9c42-9fab7e6e82c0","2025-07-21T08:14:49.520Z","Jos","Android","35-44"
"e24438cd-88f8-40a2-9dde-ea7089f94ff9","2025-01-01T01:22:07.851Z","Ibadan","Android","45+"
"13e65dc6-032e-4166-becb-5a263fc1b285","2025-01-27T10:17:23.448Z","Kano","Web","45+"
"3e5b9424-e8ec-4afa-818a-4050ba0c4a7f","2024-12-31T01:48:34.313Z","Ilorin","iOS","18-24"
"4ed76358-038b-4ff0-bdc4-ae2dae995387","2025-09-17T01:19:57.667Z","Lagos","iOS","45+"
"02f20559-44f9-492e-b77b-5f392bd092f7","2026-05-03T01:34:07.003Z","Jos","iOS","35-44"
"e80b1332-df96-46b9-8d2d-e6424613146b","2024-08-12T23:45:03.283Z","Ibadan","Web","45+"
"92fab12a-f6db-444d-b022-2994eda9fb24","2025-08-29T08:55:07.202Z","Benin City","Android","18-24"
"6112760d-0e3e-4533-b7ba-264c43dec0cb","2024-10-05T16:28:59.831Z","Ilorin","Android","18-24"
"e2ad158e-1ec5-4055-a006-3747873fd192","2025-04-20T13:55:43.331Z","Abuja","Android","45+"
"77ff4658-dd14-4fe8-ad8d-7f0ddb2fdc6a","2025-12-28T17:06:32.577Z","Lagos","Android","25-34"
"a2eaf94a-1569-4cdb-bb5d-65265eba950d","2025-09-15T03:25:15.531Z","Benin City","iOS","25-34"
"fce39d7f-c393-4fcc-a938-5fe7eecf396b","2025-04-28T18:54:39.410Z","Lagos","Android","18-24"
"67b59bbf-ae39-498a-adfa-30ab282edc6c","2025-11-05T13:37:17.979Z","Enugu","Android","18-24"
"4f6f09be-f79a-4bdf-a449-88e26c1daa37","2026-03-25T17:18:48.005Z","Kaduna","Android","45+"
"44128492-0e92-4db7-a7ea-ff3712e06231","2024-09-08T20:35:46.051Z","Benin City","Android","45+"
"4c52a8eb-fb50-418d-8f11-6896b62d93e7","2026-02-08T04:03:00.652Z","Benin City","iOS","25-34"
"23b65365-4ddb-4e1e-a527-2c57d34a8c1c","2025-03-10T21:49:38.522Z","Enugu","Android","45+"
"f1b56765-7490-4a93-991b-22e1fedb2b0b","2026-05-07T10:37:15.870Z","Ibadan","iOS","18-24"
"11d6dc1e-aa1e-483f-9350-536c9ac41894","2025-02-17T04:30:27.440Z","Kaduna","iOS","45+"
"715f19c8-40ad-4a00-816b-67865afdb96a","2024-10-23T05:48:39.024Z","Benin City","iOS","45+"
"6400cd38-b2fe-4c0c-a26b-dc9d5133ea27","2025-11-30T07:52:30.600Z","Ilorin","Android","18-24"
"b2946131-d9af-4bab-87d7-7fb3d1665730","2025-04-16T17:24:10.734Z","Port Harcourt","Android","18-24"
"78e5bc34-8c2a-45f1-8de3-77162a8362b6","2025-11-21T15:23:44.910Z","Lagos","Android","45+"
"22cd45b8-b317-4a8f-9286-ee857a203a3a","2024-09-13T06:43:06.578Z","Enugu","Web","18-24"
"488da7c6-4dc6-4446-bbc9-0331296de802","2024-09-17T21:44:17.888Z","Kano","Android","25-34"
"793ad7ca-3c06-4920-a1ec-7c3c8101eeae","2024-07-11T07:52:49.234Z","Lagos","iOS","45+"
"146a60ef-04d4-40c1-878c-d4b0710edf0e","2025-04-14T05:12:19.802Z","Benin City","Web","25-34"
"1d68cf80-353b-45f7-8fef-8d4986a298af","2025-01-14T22:35:57.957Z","Benin City","iOS","18-24"
"27b672f7-c731-438d-9638-9facc8f5a450","2024-11-14T20:06:44.487Z","Kaduna","iOS","18-24"
"ca54990a-d673-4a40-abf7-a08b2290d997","2024-08-18T02:49:49.076Z","Port Harcourt","Android","45+"
"936d4317-f9e3-481e-83fc-251d3e7fb3bc","2026-01-06T20:20:32.215Z","Kaduna","Android","35-44"
"19b532cc-5b14-49bc-b148-61a276a77ba8","2024-08-04T13:44:23.480Z","Jos","Web","35-44"
"285421c0-11b7-409f-b584-0f9794bdd839","2025-02-24T20:18:13.650Z","Jos","Web","25-34"
"a46bf7c6-2481-46f1-ab90-53ad21e2d2b7","2024-11-02T13:26:40.557Z","Ibadan","Web","18-24"
"6d87907d-982e-49bf-9869-590f1e8f3995","2024-06-16T11:37:14.026Z","Benin City","Web","18-24"
"ad4b5a98-2924-48a8-a6a5-be32999b96ac","2024-06-28T15:37:06.384Z","Benin City","Web","25-34"
"10e85a8b-caaa-4018-8c1b-7e6db62bfbb3","2026-02-28T19:08:52.551Z","Enugu","iOS","35-44"
"9ffb8cb6-700f-423d-8760-7f931e0ba920","2025-09-20T21:41:03.157Z","Kano","Android","35-44"
"f6f2d0ea-4f25-4c28-bcb2-2131aafaf8c6","2025-10-13T11:38:11.232Z","Port Harcourt","iOS","25-34"
"2e55b901-4f21-4743-a8b7-6e2352bfec1e","2026-02-08T11:28:03.074Z","Kaduna","Android","45+"
"16105960-ea21-438c-b8ad-c551cf2b3027","2025-06-25T03:22:07.053Z","Abuja","Web","25-34"
"8ca15859-86e8-454f-a612-1e665b8738b5","2026-04-05T12:07:15.240Z","Port Harcourt","iOS","18-24"
"96bf396d-3b18-4db4-a479-2ca5297ac2ef","2026-05-08T16:15:47.041Z","Kano","Android","45+"
"d529fc17-de48-44e0-a16c-66cae9f90b17","2024-12-11T03:19:49.918Z","Kano","Web","45+"
"d7192aed-291a-480b-b537-6cd9cfa575d3","2024-11-20T07:31:05.788Z","Kaduna","iOS","35-44"
"8122e4f7-a6dd-4584-83a3-0a55b009fd70","2024-09-30T16:15:35.370Z","Lagos","Web","25-34"
"1c6d39fb-f5b7-466f-927e-51b85142fa18","2025-09-25T03:00:03.642Z","Jos","Web","18-24"
"215315bf-5129-41a2-82c1-b3066f61197e","2024-09-12T23:37:20.864Z","Jos","Web","18-24"
"34505efa-334f-405d-bec9-3c76608f2031","2025-01-19T09:33:59.096Z","Port Harcourt","Web","18-24"
"4c334e3a-e253-4ab6-9878-56830db7647d","2024-11-21T21:21:29.923Z","Kano","iOS","25-34"
"bb427d73-e7f0-4d9f-b6cc-8228385ab50b","2024-08-15T03:07:43.177Z","Abuja","iOS","18-24"
"b814a566-b730-413d-8465-b9763f803d2e","2025-03-12T12:19:22.303Z","Kano","Android","18-24"
"de43c96b-4e6f-4953-b94e-8a894df68139","2024-12-20T07:08:41.057Z","Lagos","Android","18-24"
"5839d6f2-b53e-4cf2-bb33-2c6d637c1537","2025-12-11T04:50:30.676Z","Lagos","iOS","45+"
"cb0597ac-75ad-4c17-a697-fc9cefbc01b6","2025-04-13T02:28:31.090Z","Abuja","Android","18-24"
"b516078f-8b61-46f1-a206-ac4d4bee3565","2024-11-07T04:58:13.138Z","Ibadan","Web","35-44"
"9981ba80-6c44-4e65-9173-b73b1421b6c8","2024-11-09T14:02:30.121Z","Kaduna","iOS","35-44"
"bbdf3284-c463-41e7-9f09-364bdd194005","2026-04-03T22:47:40.973Z","Port Harcourt","Web","25-34"
"14e3faf6-b85e-4cb2-a1e3-b0877cb9cbcf","2025-01-20T11:42:54.518Z","Ibadan","Web","35-44"
"5d4fb6ff-64ac-401d-a195-828d4e5039f8","2025-04-29T03:47:40.057Z","Port Harcourt","Web","25-34"
"4d9eb19c-8f21-4888-9e3e-8d2540e5971b","2024-07-05T12:27:34.703Z","Abuja","Web","35-44"
"f7353f05-3510-4715-a731-6694d9a75ea0","2024-12-19T13:33:43.950Z","Lagos","iOS","45+"
"147b6560-7cf6-4c59-a32c-2d9fb6145c04","2025-06-13T06:15:34.232Z","Ilorin","Android","25-34"
"6450f784-77ef-40c6-a6b3-56cbf6fde7ca","2024-10-14T12:09:22.191Z","Ilorin","iOS","45+"
"ea4ebf94-7905-46e9-8400-28373e039390","2024-11-29T00:38:41.234Z","Ilorin","Web","18-24"
"045b783d-c38d-4bdf-968b-c46f4f46513e","2025-03-20T17:38:25.592Z","Ilorin","iOS","45+"
"2435fa1b-5db4-4695-a283-b80113ae9e4e","2026-03-12T12:40:29.907Z","Port Harcourt","iOS","25-34"
"5d4e0680-0b13-4f84-abdb-951d71aec3d0","2025-03-12T17:17:35.945Z","Ilorin","Android","35-44"
"345f655d-d7f7-4b1c-88fb-19f36e9d52cd","2025-06-05T03:27:05.321Z","Jos","Web","45+"
"0318f7af-a0f9-4082-8173-72d5a7bed01f","2024-11-17T20:49:12.677Z","Enugu","Android","25-34"
"9b7f9b1b-b6ea-4ea5-824e-69c5c8636239","2025-09-09T10:55:59.432Z","Ilorin","Android","25-34"
"5748d46c-9108-4ed1-abe9-df63d95c1922","2024-07-06T10:28:39.440Z","Kaduna","Web","25-34"
"e9127f75-2fb0-4e0b-a846-029852090da3","2024-06-23T14:37:07.556Z","Kaduna","iOS","25-34"
"f6011a00-a3a6-415f-b2e2-a23f4c59aa0c","2024-12-13T06:18:35.222Z","Jos","Web","25-34"
"dd705208-5d11-4cf3-9398-d2a05c129d9a","2026-05-21T11:11:58.458Z","Lagos","iOS","45+"
"cf4a4a1e-c211-47c4-98ec-ca6f3ef55dc9","2025-03-14T22:43:16.778Z","Jos","Android","18-24"
"e76beedb-6370-4c06-9477-1bd91c68a235","2026-03-02T08:31:49.690Z","Kaduna","Android","18-24"
"5c7a3f08-ce56-4d96-81fa-26ba33f558eb","2024-09-21T14:42:32.151Z","Ibadan","Android","25-34"
"6269c0ff-b2b4-4f07-b6ac-0c657db2e5df","2026-02-19T23:18:18.017Z","Lagos","Web","25-34"
"77e0cd81-b457-4c38-b6fa-baf58cc66df6","2026-05-24T00:12:24.713Z","Ilorin","Android","25-34"
"88b0b691-7ef1-475d-999c-6a869a525198","2024-09-09T20:06:00.021Z","Port Harcourt","iOS","35-44"
"b052bd23-d1c9-4e87-aa18-02a345827628","2024-06-22T00:24:20.619Z","Benin City","Android","35-44"
"17636fdc-c6cd-4eb6-844f-ed7de3d45722","2025-02-13T01:54:25.890Z","Kaduna","Web","25-34"
"3cce2597-072d-4f91-bad8-49c9b29af60f","2025-05-11T15:54:01.401Z","Enugu","iOS","35-44"
"14dd8906-85b2-4e14-8a19-ee138305a635","2026-02-22T22:09:56.886Z","Kaduna","Android","35-44"
"a870d56c-7c10-4e83-b12c-6076b50af501","2025-05-01T10:12:57.242Z","Kano","iOS","18-24"
"de9c4210-4dbc-465e-9ec4-f7476c345832","2026-03-29T07:47:27.086Z","Port Harcourt","Web","45+"
"3b3549c6-8dfc-40a4-a02a-a6f0f1c09968","2025-07-03T00:08:30.543Z","Lagos","Web","18-24"
"65f69d55-a5e8-4f79-a81d-5bb5c496903c","2024-08-24T17:20:22.301Z","Enugu","Android","18-24"
"773bf7b6-a9c5-4db7-82da-31d9471d4eb4","2024-08-06T18:14:27.767Z","Port Harcourt","Android","45+"
"75f6ae26-a1d2-4c16-ba63-bf4005df15e8","2026-04-26T06:32:14.096Z","Port Harcourt","Android","25-34"
"f1e44790-bbc0-4815-8154-9ed824101867","2024-09-24T01:51:13.826Z","Benin City","iOS","35-44"
"6157fa1f-92f4-4808-bde7-4c7e64248828","2024-10-08T17:40:22.740Z","Jos","Android","35-44"
"9ac62544-e0ad-467d-9024-dcdcebd2c9ec","2026-05-12T19:25:06.937Z","Ibadan","Web","25-34"
"9c60db66-a01c-43f3-9852-a2d004013a42","2026-03-29T01:55:38.347Z","Kano","Web","35-44"
"aedf217f-d890-4589-8ac3-29d5ebcca981","2024-11-06T13:42:50.891Z","Jos","iOS","45+"
"9b12aad1-2313-4d84-a88d-5f369b3c1a72","2025-12-12T07:09:47.974Z","Ibadan","iOS","25-34"
"f77b0c72-e130-4de7-be54-5802328ad36b","2025-05-26T20:11:56.686Z","Enugu","Web","18-24"
"c1d4e54c-aba7-4a14-bfa7-4daaf52fcd3b","2024-06-02T23:28:54.648Z","Port Harcourt","iOS","18-24"
"965a6ff4-2383-45ae-b42f-27cfd027fc1f","2026-03-11T05:27:49.878Z","Ilorin","iOS","25-34"
"93e0c283-ba31-41f6-9c74-dc92dfcd73bb","2024-09-29T16:23:19.347Z","Ilorin","iOS","45+"
"2f29a0d3-75b9-476c-9f9f-36accc0258fb","2026-05-08T10:38:00.797Z","Jos","iOS","18-24"
"6de91b15-5402-4b1b-9852-a326eab49056","2025-07-14T05:21:26.988Z","Ibadan","Web","25-34"
"bb376ed6-5f52-4df8-8ee1-5a914963736d","2024-09-26T10:10:12.295Z","Abuja","Android","25-34"
"02e6d285-1681-4acd-b0ba-f1ab8a89aae9","2025-05-11T14:15:06.495Z","Ilorin","Android","45+"
"4c96865f-b29a-4c9b-94fd-3bffce437861","2026-04-15T06:14:59.315Z","Kaduna","Web","18-24"
"7d610c95-4b2f-42e0-8977-bfad06f4d43a","2025-01-22T16:05:12.061Z","Enugu","iOS","25-34"
"33a33ef0-fea9-4acb-be40-0f9f82723962","2024-08-13T21:58:11.941Z","Kano","Web","45+"
"dceaccb6-cc7a-42e7-ad0c-64160442597b","2024-11-14T05:52:31.854Z","Benin City","Web","35-44"
"01bc1cab-236a-4621-b453-3c193a2775b3","2025-10-11T13:39:37.650Z","Kaduna","Android","25-34"
"08492c55-b9ee-42f3-9db7-1b4130f4bca6","2025-04-17T15:42:00.138Z","Jos","Web","25-34"
"27ca68b5-e9e5-4b7c-8625-2c2dc6721fda","2024-06-03T12:46:34.412Z","Lagos","iOS","18-24"
"a24b5bd2-6371-42f7-a952-bcaa677329be","2024-09-14T21:45:02.768Z","Jos","Android","45+"
"a89a28c1-f92f-4645-9f34-1aee5d55aaac","2025-07-28T06:57:04.124Z","Lagos","iOS","35-44"
"0ec2d5f1-ed8f-4422-9fae-63ea3826a50e","2025-12-20T18:08:34.604Z","Port Harcourt","Web","45+"
"a1abffff-d663-46b5-bc1f-5b957d91572b","2025-09-22T15:01:38.466Z","Jos","Android","45+"
"978c1157-697a-4159-9e9b-75732f8ffa02","2024-11-28T17:50:28.176Z","Ilorin","Web","25-34"
"103ac8a9-8065-41fd-bbe4-d4fae58e67e3","2024-08-20T17:43:17.460Z","Abuja","Android","25-34"
"46adefb5-3475-476f-8b6d-e8e962404a67","2025-05-04T17:17:37.351Z","Port Harcourt","Web","25-34"
"fe556f01-a3c9-4a8b-8a83-f998a4c3f321","2025-10-21T08:27:02.189Z","Benin City","Android","35-44"
"e6f1deb0-bf96-4398-aa22-b5a06b3f6c00","2024-06-10T17:17:10.750Z","Lagos","Android","35-44"
"1900d050-fe94-450e-b905-5c6907c7e961","2025-07-24T03:06:50.950Z","Lagos","Web","18-24"
"3fff4981-5265-4d3c-9e8c-b6961ce7f051","2025-12-15T10:54:03.505Z","Abuja","Web","35-44"
"299018fd-3720-40c9-812f-c403762caf20","2026-02-18T17:32:07.335Z","Kano","Android","25-34"
"2e15e497-c5a9-4729-8f99-b568618d5d1e","2025-08-06T23:42:49.246Z","Ilorin","Android","25-34"
"1e18b1cd-31f4-4e7e-8b4c-57d85173a69f","2024-07-05T07:44:43.007Z","Benin City","Android","18-24"
"b77d7970-32a5-4e69-8e8f-c2aba46ffc4a","2026-01-30T02:47:24.845Z","Kano","Web","45+"
"d40c8899-1926-415c-8e6c-681c5eb50c0f","2025-03-25T04:17:36.923Z","Lagos","iOS","18-24"
"dd4aa6f1-b0a0-468a-a34a-49e14997584b","2025-03-05T11:57:57.586Z","Kaduna","Web","18-24"
"b64a0b99-8198-4f90-996e-e978c9ba9803","2025-09-28T20:28:53.958Z","Port Harcourt","iOS","18-24"
"ec8155ed-1d98-4105-9ccf-2fb7a76fe5d0","2024-10-05T13:38:33.441Z","Abuja","Web","45+"
"0ce6948f-b43d-4165-979c-e0975dd01d42","2024-11-08T11:03:26.777Z","Abuja","Android","18-24"
"0e28dcc5-af88-4a8c-b84e-2eca641dea59","2025-12-20T17:03:23.375Z","Ibadan","Web","18-24"
"5bc8f757-4642-4c51-92d8-7c2077bf79f3","2026-05-24T07:08:16.871Z","Kaduna","Web","18-24"
"fc64ca0a-76e3-4026-bd09-31c6680f0e52","2026-04-11T03:55:08.268Z","Kaduna","Android","35-44"
"505e6e33-8bae-42c3-abed-874ed1e1e100","2024-10-17T20:12:39.072Z","Kaduna","iOS","25-34"
"acadf252-4810-4cd8-a298-dfbc2d7cf3b1","2025-10-19T01:40:36.293Z","Abuja","Android","35-44"
"efbc3fbb-b43c-42ba-8dcf-65624429eb69","2024-11-08T06:13:26.854Z","Kano","iOS","45+"
"1b764f9b-7917-4a48-bd77-01d21de53122","2024-10-28T03:32:06.446Z","Ibadan","Web","35-44"
"ff41a80c-8ecf-4f35-8bc1-98b43fd4a710","2024-06-23T05:28:03.006Z","Abuja","iOS","25-34"
"58dec5ed-4f73-4944-a834-bcd5a971080c","2024-11-17T11:57:02.000Z","Benin City","Android","45+"
"0347ddda-7311-4a9a-a7fe-56a160c9ae37","2024-12-10T07:36:08.173Z","Ilorin","Web","35-44"
"c3c551f5-9a77-487e-903d-a676c364b25f","2024-12-27T02:52:40.769Z","Kaduna","Web","35-44"
"a1c25b92-3a61-4ede-8414-e4c599712d1b","2024-07-11T16:57:44.863Z","Lagos","iOS","35-44"
"fef879c6-979f-4db7-97b3-49810bc0ba45","2025-02-11T12:20:50.442Z","Lagos","Web","45+"
"52f62da1-c240-41a4-a1c8-886402181750","2025-05-24T18:17:31.953Z","Lagos","iOS","18-24"
"9cd1d2a3-eda3-4e92-88e2-326e9c8bbf8e","2025-09-24T14:21:35.686Z","Lagos","iOS","45+"
"2b5dfe3e-d949-4191-8c7d-e2dc50f89f3c","2024-08-22T10:41:03.406Z","Enugu","iOS","25-34"
"eefc7c74-d441-4688-9579-8655e4fb896f","2025-03-16T23:15:31.338Z","Jos","Android","18-24"
"b8b94d15-b46f-482f-850e-aaad0d5d3fbe","2025-08-08T00:09:31.697Z","Port Harcourt","Web","25-34"
"fa6ba585-25bc-49ea-bc11-51bfe2dacd2f","2025-12-08T01:18:14.002Z","Benin City","Web","25-34"
"e516926b-4341-48b3-b6e1-470b74973d75","2024-12-19T16:38:04.714Z","Ilorin","Web","45+"
"3e09a763-4d5f-450f-ae0b-56d3b0347d64","2026-05-04T11:56:58.915Z","Benin City","Web","45+"
"c86953ee-1a8a-4df7-9577-786b64d0baee","2026-03-13T20:09:54.189Z","Ibadan","iOS","35-44"
"92773f74-6fe2-4745-93be-f9d8856f72a3","2025-08-21T07:29:28.382Z","Abuja","Android","35-44"
"607171c5-1d9b-4c9a-83ab-1d35f4202b71","2024-10-14T08:34:30.091Z","Ibadan","Web","35-44"
"d6c191be-3703-411f-b845-fd2df67f7b07","2025-08-18T06:46:30.463Z","Lagos","Web","18-24"
"07a7b67b-ca05-4154-9ec8-5d871f211fc3","2025-05-28T09:58:31.829Z","Port Harcourt","Web","35-44"
"20393b96-941c-4e6c-8806-d6a68c063287","2024-10-31T07:44:04.472Z","Jos","Android","18-24"
"777c3314-751c-4834-9694-0890c6a50c05","2024-11-05T21:05:21.586Z","Abuja","Android","18-24"
"34218b0f-2b40-4882-b7e0-a59563eba819","2025-06-21T01:49:12.534Z","Ilorin","iOS","45+"
"2e922e7d-4ecf-4717-b3ab-98e9f3be07fe","2024-07-22T20:28:00.993Z","Benin City","iOS","25-34"
"cf0aa723-ba41-48e1-a535-00ca3a774bde","2024-10-18T23:41:24.705Z","Enugu","Web","18-24"
"c81fb7c5-14ad-44cb-8c1a-38820f56a27c","2024-11-11T05:53:24.607Z","Jos","Android","35-44"
"c77db024-960c-4a40-8cfc-178737772759","2024-07-31T02:01:24.846Z","Port Harcourt","Android","35-44"
"3ac1d146-0bf4-4a10-8136-66f872d9475d","2026-05-08T16:00:04.006Z","Jos","Web","45+"
"f1dfe15e-ec3b-4a93-ba67-1a4e57c89186","2024-05-27T17:52:19.710Z","Port Harcourt","Web","25-34"
"0c1ab748-8c5b-4740-8572-19d60ad0363c","2025-12-19T21:35:42.412Z","Kaduna","iOS","45+"
"5a50c8a6-805d-4674-879f-6d8c48cf9007","2025-06-17T12:51:07.357Z","Kano","iOS","18-24"
"1d56ee1a-fce8-4b5b-a061-c26debc0ec0f","2024-11-26T22:59:16.433Z","Ibadan","Android","25-34"
"68af0117-1c4d-43ad-bc87-874ed60e5b94","2026-02-04T20:35:42.533Z","Ilorin","iOS","35-44"
"ae02c4ad-b658-43cf-afe0-fb616eb7b4c6","2025-06-20T14:00:15.200Z","Kaduna","Android","35-44"
"ae3353b4-d1a5-4fce-882a-ae87b074cba1","2026-02-20T19:25:44.040Z","Ibadan","Web","18-24"
"e33a5d9a-19b8-439b-b53d-9c9fea407507","2025-04-12T18:10:29.884Z","Ibadan","Web","35-44"
"5da327e3-8a89-443e-ba52-88e4c305e0ed","2024-09-13T12:37:04.299Z","Ibadan","Android","18-24"
"b39e387b-58b3-43ef-8884-e90ab27917f7","2024-07-30T14:43:06.690Z","Jos","Web","25-34"
"241e6d15-768b-4e40-906e-f84c99b9d61d","2025-11-13T10:14:52.412Z","Jos","Android","18-24"
"84a3d458-dd98-4146-8e20-76b86a0eae12","2024-08-25T00:45:23.667Z","Kaduna","iOS","25-34"
"07bbce17-0194-43f9-9b48-9c8bdb97fa5c","2025-10-27T08:00:49.653Z","Port Harcourt","iOS","35-44"
"a8b204c2-1521-4a42-867d-4a160da04f2e","2024-06-25T19:02:56.419Z","Enugu","Web","35-44"
"3bd0ab6b-8c85-4539-8b66-769d6a557ec5","2025-10-08T19:22:19.355Z","Ibadan","Web","35-44"
"1a5a3fdc-f840-4ee7-8667-53b322ea056e","2025-12-11T13:22:47.447Z","Enugu","Android","25-34"
"48f99819-f065-4f09-b1bc-1a59b1d6d613","2026-04-11T08:02:53.173Z","Lagos","Web","25-34"
"65fc501f-d57a-4157-8cca-9d298798f330","2025-12-09T09:13:17.177Z","Jos","Android","25-34"
"adf2be40-753d-4f61-9469-0252e0ca4d46","2024-09-14T20:07:53.231Z","Kaduna","Web","18-24"
"ef3fa191-e1af-4fc4-9c80-a2c699b3e925","2025-03-16T04:51:08.304Z","Abuja","iOS","45+"
"147c4cda-9851-486c-92f8-57d0fa3049ae","2025-08-16T08:55:09.701Z","Benin City","iOS","45+"
"b624e50e-53ec-46a1-9bc2-70abea23e0d3","2025-03-06T18:36:23.204Z","Port Harcourt","Android","45+"
"c0ac6c48-0025-44b4-a0ec-b2d31fac938e","2024-09-14T23:03:57.625Z","Abuja","Android","25-34"
"85093ae2-a474-4323-a81c-10f41de72f0a","2025-10-03T01:38:35.602Z","Ilorin","Android","45+"
"a8c0f3e8-1cec-44dc-8062-4fcb1a5a5499","2024-06-19T04:19:54.862Z","Jos","Web","18-24"
"2f88d552-1c12-4273-847c-cdedf03e2dcc","2024-06-15T04:13:36.694Z","Port Harcourt","iOS","25-34"
"2467bb5e-05d8-494e-b6fb-6d6dbcfc03ea","2026-02-25T00:50:25.251Z","Kaduna","iOS","25-34"
"e340a790-bf79-4587-8b1b-9315b1656dbc","2025-07-21T07:25:14.474Z","Lagos","Android","45+"
"d48ae4b4-61eb-44cc-9098-b8b34d2a8524","2025-02-22T16:25:35.430Z","Port Harcourt","iOS","25-34"
"2113b9a7-a2f3-4029-bd75-f0239d0024c7","2024-08-06T15:41:57.741Z","Abuja","Android","18-24"
"6891ec85-a2f2-4739-9b6b-b18c76d3cac7","2025-11-17T04:11:27.476Z","Port Harcourt","iOS","45+"
"ca468f29-4f1e-4bdf-a666-a70a165864bc","2026-03-22T02:11:14.163Z","Port Harcourt","iOS","35-44"
"df23f2db-1bb5-45e6-a4ef-7c5bb693bc31","2025-09-07T10:29:51.696Z","Jos","iOS","45+"
"9f824540-7687-4fe9-9d80-0c65551aa881","2025-11-04T20:15:56.150Z","Kano","Web","45+"
"2e9f8241-0435-46a1-96ac-8bbcdf7aab7b","2024-07-19T15:27:43.246Z","Jos","Android","35-44"
"791bb5ce-8767-4c2d-b451-3927075cf841","2025-06-22T23:27:19.244Z","Enugu","Web","35-44"
"71bd82f0-c2f6-4cbd-b43c-a164cf8af447","2025-07-19T14:47:43.306Z","Kaduna","Android","25-34"
"4f445f5d-9f18-4ec4-a29c-329162d4c9e3","2024-11-02T21:50:26.261Z","Benin City","iOS","18-24"
"5967b268-b3c9-4703-bebf-fe5bdae95339","2024-06-26T14:04:01.310Z","Kaduna","iOS","18-24"
"1df79257-2425-4bfb-9f19-bf673413e5cc","2025-04-17T21:00:39.528Z","Abuja","Web","35-44"
"9b920fef-f0fb-43ef-81f9-c9658afab58b","2024-12-16T09:09:11.456Z","Ibadan","Web","35-44"
"59414387-36f7-45f6-8548-23a43d8d4502","2024-11-03T07:13:00.687Z","Kano","iOS","25-34"
"03d16845-9fac-418d-bbb2-4d936790ea28","2026-04-07T12:38:42.091Z","Abuja","Android","35-44"
"ab68ac91-d4fb-48fa-9d5c-38b948605039","2024-11-19T16:23:18.148Z","Lagos","Web","18-24"
"f451d867-2571-473f-b769-deb328b5f351","2024-08-22T10:22:44.475Z","Benin City","Web","25-34"
"8167107e-d2ea-4b48-9548-d2fb5ad94bc1","2024-10-07T10:53:49.931Z","Enugu","iOS","18-24"
"6697c226-51eb-4659-93b9-c2034a5ca5e6","2026-02-13T10:37:09.050Z","Abuja","Android","18-24"
"78663c38-f472-4674-b113-91e4e56a6b5c","2024-09-09T22:05:33.479Z","Port Harcourt","iOS","25-34"
"9294747b-76f7-4f5e-b96d-40d63a3c98ac","2026-02-26T14:15:03.700Z","Jos","iOS","35-44"
"5208da3e-7ffd-43ed-8510-33e0ebcf457a","2025-10-28T03:43:40.574Z","Kano","iOS","45+"
"99cab587-7d66-4c45-aa5c-99697f7a61b7","2024-06-04T13:44:37.699Z","Lagos","iOS","25-34"
"be2e07e6-9f91-4cb0-9cef-596036175b96","2025-01-31T17:34:43.855Z","Kaduna","Android","25-34"
"1caae788-0aa9-44e0-8be0-c0b57db76513","2025-05-01T21:50:51.199Z","Kano","iOS","18-24"
"bab4349a-a083-4751-8a18-34ca8a969e26","2024-07-29T22:07:31.136Z","Jos","Web","18-24"
"921f507e-bfa4-4c09-b438-64a0e6a354c6","2025-08-22T21:33:43.051Z","Ibadan","iOS","45+"
"361b9176-a48f-4a09-927a-233a6f02011c","2024-07-22T11:40:39.159Z","Ilorin","Android","25-34"
"74ff906d-d560-49c6-9713-2adc79370ff6","2025-07-25T02:19:53.451Z","Port Harcourt","Web","45+"
"23edc5fb-a13a-4ed9-99fc-a39482b7d0be","2025-03-25T12:33:59.964Z","Ilorin","Android","25-34"
"c0b0da3c-989b-4249-a983-485943020025","2025-02-14T19:34:53.632Z","Benin City","Android","18-24"
"b670d42c-de10-40f7-a1f9-bfee91862edb","2024-12-16T22:53:20.638Z","Abuja","iOS","18-24"
"460dc04d-c283-43f7-8417-4a6b88963c44","2025-01-31T17:49:38.256Z","Benin City","Web","45+"
"3d52bc01-0726-42b3-9b0d-12b3696c339f","2025-12-13T08:15:04.894Z","Kano","iOS","25-34"
"922b7abf-c1de-4787-9987-bdcc8ea5a0fb","2025-11-20T23:00:53.376Z","Enugu","Web","35-44"
"fe0b25f6-d4f8-450b-bd5c-5c8ea663b610","2026-04-13T00:47:53.149Z","Kano","iOS","18-24"
"a7af521b-890b-49c7-be15-76ad33393f3e","2025-05-21T19:33:56.703Z","Ibadan","Android","25-34"
"7452e19c-087f-4f4b-a328-fc29607c94c5","2025-02-16T01:24:57.000Z","Ibadan","Web","25-34"
"858ce61c-f11a-4d45-a07e-61b9e77b4d83","2025-05-08T19:39:38.063Z","Kaduna","Web","18-24"
"eee84763-dbd8-420b-876b-4501b6d92d86","2026-01-08T13:04:10.860Z","Abuja","Android","25-34"
"7c22c66e-acde-4d24-ac2f-3893ed3e8e29","2026-05-23T19:29:09.295Z","Abuja","Web","35-44"
"2ccfc154-4d36-48c7-905a-8cc5d68d0eb3","2026-04-26T01:06:03.094Z","Jos","Android","35-44"
"393dff14-73bd-4b4c-bda5-1db460d0abd5","2025-03-18T20:06:04.590Z","Kano","Android","35-44"
"e41633f7-6781-466a-9d5d-5d2c1bcdb8dd","2025-09-30T14:32:31.030Z","Port Harcourt","Web","18-24"
"bcc18d1c-a618-4cd2-9ee4-9b77a27ba938","2026-04-14T07:48:59.744Z","Enugu","Web","35-44"
"03fbd010-47e2-4986-97a9-112058a0dc4b","2026-05-23T07:54:24.059Z","Benin City","Web","25-34"
"26cdd283-b8c4-48e0-bc87-c2b29bfa1e2f","2025-10-27T13:51:00.396Z","Benin City","iOS","25-34"
"5952d46d-21c3-465b-8c5c-d783e4f7d42a","2024-09-21T14:06:18.823Z","Benin City","Web","35-44"
"3ebe4829-0b2e-4712-a76e-0801e4e6495c","2024-10-14T22:37:19.769Z","Lagos","Android","45+"
"9845e443-5607-4435-9091-1f298ba42d94","2026-03-11T17:00:47.870Z","Jos","iOS","35-44"
"2f0063cb-38f4-4e0d-b2bc-07232caf58fd","2024-10-05T15:57:07.630Z","Abuja","Android","25-34"
"2bb71800-89f7-4a4a-91bb-8dbdafd2d35c","2024-10-12T16:41:38.784Z","Abuja","iOS","18-24"
"61361d1e-ed0e-4182-9d6f-f562c837ebe9","2024-09-02T17:16:45.148Z","Kaduna","Web","25-34"
"7ebde7df-7533-4567-9b5d-8dc66867afb0","2025-01-01T12:05:19.083Z","Ilorin","Web","25-34"
"7dd33038-727d-4d08-b767-870fd463a64c","2026-02-19T03:53:37.275Z","Enugu","Android","35-44"
"c15484e4-2f4b-44a8-90f5-e99dc52a40f4","2026-05-02T05:55:17.317Z","Port Harcourt","iOS","45+"
"d1b10e1c-ff08-4b6c-a713-1e76eb30c2e2","2025-09-20T11:52:15.142Z","Benin City","iOS","25-34"
"95db73db-fee0-47d1-8f8d-a242daf68312","2025-12-11T09:22:48.155Z","Benin City","Web","45+"
"74e8a410-e4e2-4bf7-8304-4e9db1a1114e","2026-01-22T14:05:34.207Z","Lagos","Web","35-44"
"992ee8c2-b2b7-43a2-a9de-42125aeb4927","2024-08-26T07:47:04.972Z","Kaduna","iOS","35-44"
"4ce5d26c-9df2-4753-bafa-e77753bbc09c","2025-09-15T19:18:08.491Z","Port Harcourt","Android","18-24"
"03d90bf9-31a1-4e47-b535-9d34bfc9a940","2025-12-29T17:28:54.131Z","Abuja","Android","45+"
"585874a4-26ba-4755-9d5a-25d5fde2d535","2025-11-01T21:17:24.754Z","Jos","Android","35-44"
"05560031-f461-44b1-8730-674022a23f75","2026-01-15T19:33:51.148Z","Kano","Web","35-44"
"bbd1929b-baeb-4b62-9745-b897b5d52eb0","2025-09-12T10:04:18.865Z","Port Harcourt","Android","25-34"
"78a3bd2e-591f-42a0-b296-f7f72de332c8","2025-10-03T17:01:41.077Z","Enugu","Android","45+"
"30c610e3-6b60-48c8-830b-be17ed50f776","2025-05-18T01:44:50.414Z","Ilorin","Android","25-34"
"52715819-47d3-4c7c-8bce-2c7f577486f1","2025-12-08T00:40:07.249Z","Lagos","Web","35-44"
"e360c186-fb66-449e-9875-6b4892ddf58b","2025-08-27T15:21:34.193Z","Enugu","Android","45+"
"0d47d0af-9b5d-4777-bd3e-1cbdb62e5c81","2024-10-18T03:43:01.506Z","Jos","Android","45+"
"d766e701-a9dd-4dbc-9604-eef0bd2bc510","2025-07-04T13:01:22.772Z","Kano","Android","45+"
"a5ae2198-361e-41e2-8da7-ea919a01d339","2025-03-11T03:55:26.550Z","Abuja","Web","35-44"
"2d6875f9-cf11-4d79-bde5-b65530ebff9e","2024-10-20T06:47:12.226Z","Ibadan","Android","35-44"
"97363d23-b6c5-490c-9c27-93db192ae9a5","2025-04-25T01:11:04.995Z","Jos","Android","35-44"
"2bf3f599-e05a-4e96-904a-da3ceea22abe","2025-06-29T18:00:14.937Z","Abuja","Android","35-44"
"aa06b776-8341-400d-9b52-4050141c52ac","2024-09-07T00:06:11.871Z","Kaduna","Android","25-34"
"b613a433-bab7-462e-8132-7a27229c0ba5","2026-01-06T06:07:09.080Z","Lagos","iOS","25-34"
"07dbbdfb-d717-4391-8c04-e74606cf23d2","2026-01-07T23:29:28.623Z","Enugu","Android","18-24"
"01bb6c16-19a3-4374-b9ba-e506aa14bb0f","2025-06-22T01:47:04.777Z","Lagos","Android","45+"
"0fb342b4-4c0a-4a30-b65c-6074e1729782","2024-09-08T09:47:55.338Z","Enugu","Web","45+"
"77572ebc-478c-4e0e-b607-965c2c6ee05b","2025-05-28T21:56:17.068Z","Ibadan","iOS","18-24"
"28bb1bf0-aa89-41f9-90b4-921916d60c9a","2024-08-24T00:29:23.923Z","Port Harcourt","Android","25-34"
"09f5cd26-5c0a-46ae-bfa2-1fd465d973c5","2026-01-17T02:50:31.698Z","Enugu","iOS","18-24"
"0c43e1a8-9799-490e-bbb4-a0562487b544","2026-02-13T11:08:28.047Z","Jos","Web","18-24"
"6dc415f1-ddb3-4899-b077-2e9a59ad6b8f","2024-09-10T21:30:06.375Z","Benin City","Web","45+"
"9e3dbebe-a564-4790-9e37-c72700e92a96","2024-10-22T19:32:50.793Z","Abuja","Android","35-44"
"35feaabf-b55a-49ff-bd2b-64329f017b5e","2024-08-16T15:42:32.027Z","Benin City","Android","35-44"
"3a828b62-0f06-4dab-8f5c-a9ce1eee2a3a","2025-01-15T13:53:54.345Z","Enugu","Android","35-44"
"1a696f2b-0bdc-4c32-a160-a30c07a73b35","2025-10-26T01:31:02.246Z","Enugu","Web","35-44"
"64a77c15-3e1e-4b8d-a267-bac4973f681e","2024-10-19T10:42:07.047Z","Kaduna","Android","45+"
"4a64a1c7-43b1-4a20-9af0-3c010122d1c3","2026-03-07T03:36:13.717Z","Ilorin","Web","45+"
"b5f1ab3e-348c-4975-b122-951221da9ece","2026-05-18T02:44:10.702Z","Jos","iOS","35-44"
"35daec6d-eb0d-4c86-82e7-ac682cb783d6","2026-01-04T04:39:26.733Z","Lagos","Web","18-24"
"83d52490-4b0a-402e-836e-9506b9edf519","2024-07-02T23:45:00.034Z","Port Harcourt","Web","45+"
"94b8d9aa-1fee-4405-86fa-450b8ca4663f","2024-09-07T00:33:06.591Z","Jos","Web","18-24"
"4e78df84-493b-4ef1-87fd-e88c99846b65","2026-02-11T10:52:00.226Z","Lagos","iOS","45+"
"41899b83-6f0f-41c3-936f-7edd5a67cf7e","2025-04-11T19:30:03.774Z","Lagos","iOS","35-44"
"1359f5f7-97c6-4fb1-bf2d-7a0703f32c52","2026-04-26T20:39:12.577Z","Benin City","Web","18-24"
"81d2f3ea-93c5-40ca-bf63-b18ba1089286","2024-06-22T16:56:18.029Z","Abuja","Android","45+"
"7f46de9a-a7d0-4bc8-b1f8-ac801cdfd889","2025-04-06T12:36:05.379Z","Benin City","Web","45+"
"a3432bd0-85cf-4841-af5a-029932be196e","2025-01-09T00:22:23.333Z","Kaduna","Android","25-34"
"45099689-ecc4-46a0-96f5-449154d98c95","2026-05-09T01:45:02.796Z","Benin City","iOS","25-34"
"c99383a3-7639-4656-86b9-98063c11ee21","2025-09-04T06:39:23.275Z","Ibadan","Web","18-24"
"4261c21c-51d1-4b32-ba79-7224c70d617e","2024-11-06T08:16:35.825Z","Enugu","Web","35-44"
"3d1029a6-1c45-4a7d-bf71-7cb08db45ad7","2025-06-08T04:41:55.340Z","Ibadan","Android","35-44"
"fe883dbc-8cf3-4356-8c78-b06a0f3c2707","2024-11-16T02:38:43.966Z","Kano","iOS","18-24"
"999f222d-d4a2-4a9b-9806-53d62d878f46","2024-11-24T21:48:01.930Z","Port Harcourt","Android","35-44"
"eec5ad33-d2e5-423d-833f-7546fb2969eb","2025-10-20T21:25:20.383Z","Ilorin","iOS","18-24"
"6ee90882-d2b0-4099-9691-fb670c99d6d0","2026-05-17T16:31:40.927Z","Ilorin","iOS","25-34"
"610f9d38-e10b-43cc-9fd1-28cdeca93b44","2025-09-16T19:07:44.536Z","Lagos","Web","35-44"
"ffe27bee-697a-48cb-986f-7e4304576308","2025-11-07T16:04:34.012Z","Ibadan","iOS","25-34"
"cb0dcbb3-7c77-4728-9d92-a2be53bc3b4a","2024-08-03T07:49:44.040Z","Benin City","Android","35-44"
"6fd77e8c-4100-4577-8067-f9c7e0cb6ffe","2025-12-25T14:45:18.030Z","Kano","Android","18-24"
"5b44ebdf-9fc7-43a7-9f26-aee8780efadb","2024-06-07T18:19:12.119Z","Port Harcourt","Android","45+"
"685f0de2-ce79-4017-887e-c7f8b2a584b9","2025-11-07T06:51:38.042Z","Ibadan","Web","18-24"
"270f60de-620f-4d94-b5a8-c311fafb483b","2025-03-10T19:56:12.323Z","Lagos","Android","45+"
"6a474cab-adf8-4d64-88cb-51a74e75ca0c","2025-11-01T04:22:45.073Z","Benin City","iOS","18-24"
"313428a7-6dcf-4079-b8af-822d1324839d","2024-12-16T11:06:27.791Z","Ilorin","iOS","25-34"
"f087000f-8982-4e44-a537-62a4beca4f37","2025-12-09T11:32:32.109Z","Ilorin","Web","35-44"
"aea4f2c3-080c-4e0c-9d34-0cb5b8e12284","2026-01-18T15:10:22.297Z","Abuja","Android","25-34"
"65b9b1a3-d3f8-438f-b4f8-54878c70b50e","2025-01-01T07:45:01.418Z","Jos","Android","35-44"
"b89709ad-486b-44bd-bc67-ece1ab110e13","2025-02-02T22:13:05.279Z","Lagos","Android","45+"
"9b4c61bf-0b6e-43b4-a150-15fb3f1dc00b","2025-08-01T20:04:34.459Z","Enugu","iOS","18-24"
"75edcb58-eead-4b9c-b86f-6caa46952282","2025-12-06T08:24:07.711Z","Kano","Web","18-24"
"cb726d21-ba1b-4f0b-b658-f1b7f5b08ca0","2024-07-13T21:59:39.684Z","Ibadan","Web","35-44"
"f4722191-25a3-4d97-9927-58535824d09a","2025-08-28T20:32:44.492Z","Ibadan","iOS","35-44"
"7b725568-e7e5-4fbf-a202-eb21c2e81958","2026-01-23T15:01:02.223Z","Abuja","Web","35-44"
"ea6066c6-890a-4978-a489-7a3b200ed422","2026-01-16T05:30:06.970Z","Port Harcourt","Android","18-24"
"0288c993-8ed3-47ba-aed6-8dbe825dbda3","2025-12-08T08:54:48.905Z","Ibadan","Android","25-34"
"e00105da-d5ee-468c-b822-e1ca4e31e1d5","2024-11-23T10:24:16.963Z","Enugu","iOS","35-44"
"d1edebeb-56fe-45aa-9a0c-2d6c6de48fec","2026-01-11T14:18:37.882Z","Enugu","Android","18-24"
"25304030-ac61-4c82-ae3d-41a792a5abe0","2024-11-05T03:28:36.983Z","Enugu","iOS","25-34"
"99876b12-41c0-413a-92ec-ea08ede08bd7","2024-06-24T11:04:16.190Z","Benin City","Android","35-44"
"a18f71c6-f0d5-4c7f-9e64-618939cf0633","2025-01-16T00:52:06.770Z","Benin City","Android","45+"
"8c3c898d-1256-4a0d-bc24-4a3d734bef71","2024-10-20T11:48:39.290Z","Port Harcourt","iOS","35-44"
"63bbac76-75ed-413d-b1bf-2f311e18acfd","2024-10-22T11:15:53.439Z","Kaduna","Web","45+"
"687f3604-0903-4138-a88a-1d169678e3bf","2024-12-23T15:15:24.095Z","Lagos","Web","25-34"
"3a43e755-c789-49ad-876a-c61f9679b5b7","2025-09-25T12:18:59.702Z","Ilorin","Android","35-44"
"3e314850-81fa-4dfc-9ccf-75c979c5df48","2025-05-28T11:30:37.261Z","Kaduna","Web","35-44"
"e5f213f5-0024-4851-8d08-3cc5d96f79aa","2025-09-12T06:17:17.938Z","Benin City","iOS","18-24"
"336a59b2-d7b5-434e-af14-010790d64c29","2024-09-19T09:18:56.669Z","Benin City","Android","25-34"
"43ce168c-bc21-4883-ab3d-d4b8ce0002db","2026-04-13T20:42:01.838Z","Port Harcourt","iOS","25-34"
"e85aa29f-5d59-4900-984d-227e24e64400","2025-10-14T18:10:20.487Z","Kano","iOS","45+"
"fd496b17-6e20-4744-90ef-ebdf6c0472e4","2025-03-30T19:47:46.866Z","Ibadan","iOS","25-34"
"af01bda4-0958-45cf-b17f-33109d74a888","2025-06-14T06:01:17.746Z","Ibadan","Android","25-34"
"e915ec50-66fe-4a4b-b379-1d0642c9b4d7","2024-11-02T02:32:26.120Z","Benin City","Android","25-34"
"24947803-ac87-4031-8f68-75a37171eb76","2025-12-14T18:54:04.673Z","Kano","iOS","45+"
"42d8e7ab-c68c-432f-ae93-4470acad8d10","2025-01-28T11:55:04.624Z","Kano","Web","25-34"
"c3915a4b-7134-4e94-8429-cb6b41346348","2025-12-18T18:54:00.921Z","Lagos","iOS","25-34"
"1b515f4a-b49b-4f46-986c-7eb391b49548","2024-10-19T06:33:31.424Z","Abuja","Android","45+"
"31595230-925f-4521-852e-2d0e821dc42d","2025-01-19T14:47:29.652Z","Ilorin","iOS","18-24"
"158e5d62-dd5d-430a-870f-75115d9e97fb","2026-03-27T20:16:46.013Z","Kano","iOS","35-44"
"5aba81f6-64cd-485d-a993-d0e6a9e9e240","2025-08-10T23:00:32.639Z","Benin City","iOS","45+"
"b5a71733-f48f-4648-8b3c-df3d03b0defd","2025-07-17T14:24:11.459Z","Port Harcourt","iOS","18-24"
"a985eb7b-0d99-426f-9057-6a892f83e8d7","2025-07-21T23:21:55.713Z","Lagos","iOS","25-34"
"f2063f18-0c7f-4c74-91a2-4cecbd038316","2024-06-17T13:44:35.896Z","Abuja","Web","35-44"
"5b79c583-0fed-4d4c-b7b3-df90a79e61e4","2025-01-14T08:20:35.745Z","Kaduna","Android","45+"
"b61014b3-95ff-476d-bad3-38d772904be0","2025-09-04T14:15:31.789Z","Ibadan","Web","35-44"
"4fefbd31-84f2-4ec1-9526-17fa7a0217c8","2025-05-04T05:18:09.181Z","Ilorin","iOS","45+"
"1f268e6a-99c0-4f67-8501-54ab303c9eb0","2026-04-01T02:51:05.677Z","Benin City","Web","25-34"
"09b59f4d-4153-4141-97eb-bf236c049533","2024-10-06T04:37:09.567Z","Kaduna","Android","35-44"
"c6669157-926e-4f0b-b5f8-e1bfe6ad44f4","2025-04-23T19:06:48.919Z","Lagos","Android","18-24"
"e980783d-fed5-4118-9951-ab90580803f8","2024-06-27T20:08:16.992Z","Enugu","Web","45+"
"f0eed59a-f319-4e5e-9c53-cdee3f9c66af","2025-01-28T10:31:56.052Z","Port Harcourt","iOS","35-44"
"93572794-57d7-496c-9827-020a3a02d643","2024-12-09T20:02:41.093Z","Enugu","Android","45+"
"8bd2ade6-b4e5-4034-96db-36d8bc0a0762","2025-11-09T10:11:13.479Z","Enugu","Web","35-44"
"8222963e-bce8-4035-8cce-181f509a4cc1","2025-12-01T11:14:02.368Z","Lagos","iOS","45+"
"e995f592-faf7-40dd-9b7f-a292aa0863b3","2025-05-05T17:39:47.938Z","Kano","Android","35-44"
"8b45c174-3026-4157-a3cc-0053520d8d05","2025-12-28T02:16:22.861Z","Lagos","iOS","18-24"
"2f9b554a-2f19-4bdc-a3b9-b8821a755a6b","2025-04-10T23:33:39.717Z","Enugu","iOS","35-44"
"7418e428-15a5-406f-9481-b3730ce8ffa7","2024-08-24T18:14:12.441Z","Ibadan","Web","45+"
"cf865900-9e4a-4313-8112-1e05610d8d97","2025-04-18T03:15:41.037Z","Benin City","Web","35-44"
"2f49ca65-4757-4093-a8fc-136d8d3ff8c6","2026-04-18T12:22:14.935Z","Port Harcourt","iOS","35-44"
"9da7a1c2-6ef6-4492-ae76-8d55ffa4e0e6","2024-05-30T02:00:48.500Z","Lagos","Web","35-44"
"b25c685d-97a0-4bef-bd87-d03e8b6b614b","2025-08-10T09:01:46.700Z","Kaduna","Web","45+"
"0ba99ae3-af4c-44c7-b12c-49d0aa24368b","2024-08-12T08:41:28.459Z","Ibadan","iOS","35-44"
"6ea6ec4c-d731-4bfa-9378-1837a6b4de5f","2025-10-10T03:27:30.926Z","Benin City","Android","25-34"
"436ddf3e-8b13-47d4-89ce-25581154c126","2025-02-16T11:53:53.612Z","Ilorin","iOS","45+"
"5314a0b8-8fcf-4fa4-a779-4040d162f817","2025-03-04T09:32:31.091Z","Ilorin","Web","45+"
"7b2a61b6-c5d2-465e-ad0d-f09bf6c1a505","2024-08-11T03:37:48.714Z","Lagos","Android","18-24"
"81cd425f-8bac-4011-8245-20039249068b","2025-09-27T19:22:50.213Z","Enugu","Web","25-34"
"3dba452d-6f54-4196-bea5-f06073eb48fd","2025-03-07T18:44:06.058Z","Kano","Web","25-34"
"ee242864-17a7-49e2-aa66-eb1eb5775cc3","2025-02-16T10:34:16.128Z","Lagos","Android","18-24"
"57daeae9-224f-4437-a6f6-a9b111d4e696","2026-02-16T04:05:04.111Z","Lagos","Web","45+"
"0d065507-f012-48e1-953c-d8825366e4fe","2025-10-26T12:32:09.974Z","Lagos","iOS","35-44"
"3f0a5d92-5444-41ae-8eb7-bcdf1cecd8d1","2025-08-18T03:18:21.029Z","Port Harcourt","Android","18-24"
"367d74c8-44aa-4ca3-99b7-7d9e1bbb89af","2024-07-28T11:34:24.516Z","Ilorin","Android","35-44"
"5d7e1902-85db-44bf-9902-8fc876f266d4","2024-06-09T03:10:49.639Z","Abuja","Web","18-24"
"9c90524b-6dee-4646-abd9-a32142fca1ca","2026-01-13T03:55:36.957Z","Port Harcourt","iOS","25-34"
"74e5b34a-2446-4601-8490-f7a7bb2e8b63","2025-12-15T05:27:29.993Z","Ilorin","iOS","25-34"
"64436723-9d9c-428d-8478-4070743cbf16","2025-10-07T00:13:49.366Z","Ibadan","iOS","25-34"
"92008684-a90e-4904-9b05-6051fc2a3cad","2025-12-04T09:07:35.352Z","Benin City","iOS","25-34"
"63ee573f-f9ba-4bb8-a3bc-5bdac714a172","2025-01-03T03:51:19.579Z","Abuja","iOS","45+"
"250d81fd-4aa6-4976-830f-76b80f147863","2025-06-08T13:49:20.306Z","Kano","Android","18-24"
"d727bee0-0f3f-4cc8-baf2-170823b299c8","2024-12-01T09:33:35.793Z","Abuja","Web","35-44"
"6f9bfaaa-51a7-43e8-bdaf-31e7cce0b49f","2025-10-03T05:10:28.694Z","Abuja","Android","45+"
"4c8fbba1-13e3-4051-800c-f0df9848b8c8","2024-09-13T18:01:24.316Z","Benin City","Web","18-24"
"d33f1308-bddc-4333-a6b4-363d38b2785e","2025-01-14T13:16:28.676Z","Port Harcourt","iOS","45+"
"df6d6a9a-f86a-4c5a-9179-d7c9451ecab6","2024-10-08T16:31:43.765Z","Benin City","Web","45+"
"71fd3f44-e9f3-40f1-8f88-a21bad119d20","2024-12-27T00:05:45.329Z","Enugu","iOS","25-34"
"2617e689-74e4-4971-a740-ab70174ffe47","2026-01-07T07:40:52.655Z","Lagos","iOS","18-24"
"24ac4365-750e-4998-801b-561ddef3d8f0","2024-12-11T15:49:57.414Z","Port Harcourt","iOS","25-34"
"8cae09be-8cb2-4ce9-8485-954e7133bfa2","2024-09-29T13:09:45.087Z","Ilorin","Web","18-24"
"0c3ae356-37f4-4c63-99d5-4618daea0d8a","2025-05-11T07:50:25.999Z","Kano","Android","35-44"
"ff5ff2a4-5cf7-4850-bc61-9c2cb750b24a","2025-05-09T10:59:38.153Z","Port Harcourt","iOS","25-34"
"2f9a2bd8-7de0-4ade-9584-b64996cb1cc3","2026-05-07T12:25:20.007Z","Lagos","Web","35-44"
"eaf8ad9c-8e22-425c-b5ee-1e96eee1fb21","2024-06-14T22:00:06.862Z","Jos","Android","25-34"
"6db2ecb3-54fc-4fcb-8440-a57f3c4f27ad","2024-09-05T23:33:49.242Z","Lagos","Web","35-44"
"d28a2713-d72b-45ff-8217-6c0e6fb0143b","2025-10-09T17:15:28.816Z","Jos","Web","45+"
"c4f47758-a621-4547-8cb2-238a68f444b4","2024-08-06T01:25:59.696Z","Benin City","Web","35-44"
"8aafaaa6-5e7e-475e-acf0-55c92fff95ca","2025-01-25T04:56:43.270Z","Abuja","Android","35-44"
"d067304c-a58e-4435-b424-0bdaa0ec6416","2025-04-28T11:56:14.328Z","Ibadan","Web","18-24"
"bebdcb15-ec14-49d6-959d-0661b38ec7be","2024-10-29T06:25:14.897Z","Benin City","Android","18-24"
"14ffe4ad-f27a-4959-bfd0-e5537ff2ef13","2024-08-10T08:31:38.184Z","Kano","Web","25-34"
"1148cb99-2aeb-4a7d-aa15-ed5b1eb46e34","2026-01-26T23:04:07.540Z","Ibadan","Web","25-34"
"0aa1ce25-934c-4d36-8f08-bf9b0795efbf","2024-10-04T20:16:10.460Z","Abuja","Android","45+"
"ebba3c9e-11e5-4707-9a94-3377715abf4e","2024-10-03T18:44:19.843Z","Ilorin","iOS","45+"
"495cdd84-44c9-4a69-9e51-f58f9ddf51f6","2026-01-08T02:15:59.253Z","Enugu","Web","45+"
"d860bc38-ee88-4245-9166-7e0c7d094ebe","2024-12-25T18:25:36.070Z","Kano","Android","35-44"
"f0279c9b-9e60-4097-b4f9-e4f6d5469ad5","2025-07-28T10:06:28.387Z","Enugu","Android","35-44"
"1fe3503b-31d4-4c39-a10d-a876acf06518","2025-03-15T12:19:34.330Z","Ibadan","Web","45+"
"77ac5d0d-1786-47c9-bb08-62d37552f0c1","2025-05-17T21:28:32.420Z","Kano","Web","18-24"
"a1cb07a4-bc77-4d68-be47-0df6bdbda150","2026-01-15T14:55:27.093Z","Abuja","Android","18-24"
"b4aedaf9-f6e2-4cf5-b86e-5cf3650d2b92","2024-08-13T07:44:29.092Z","Ibadan","Web","18-24"
"3212ce8c-4d11-4360-89ce-3f1bc052d1aa","2025-12-04T16:07:33.611Z","Lagos","Web","25-34"
"5c34ede9-9e09-4758-8a76-5aaaa6b81872","2025-09-24T08:18:42.313Z","Kano","iOS","35-44"
"6f67eb6f-dcca-4609-a656-9a4e88c45d59","2024-10-31T22:11:47.132Z","Benin City","iOS","25-34"
"3cdc5e8e-b4d6-466e-bef3-589e6a8876c9","2024-12-20T00:34:35.838Z","Lagos","iOS","18-24"
"7f00b0a8-03e5-41b9-98c0-17b6fa8d761d","2024-12-04T14:52:14.135Z","Ibadan","iOS","45+"
"bb332d70-fac6-45e8-8c1c-f8c26d8a5881","2024-09-11T19:39:14.326Z","Benin City","Android","18-24"
"e00fcc5e-ef4a-48fa-96aa-bbc3da3936b5","2026-02-14T01:55:16.959Z","Lagos","iOS","35-44"
"6107cf3b-c0e2-4ea4-9c7d-57060e1bd794","2024-09-23T01:46:17.858Z","Ibadan","Android","35-44"
"41f0f25f-78fc-45f0-9f4f-ccea6a77dd9f","2025-12-08T05:29:41.226Z","Port Harcourt","Web","18-24"
"9e1889f0-7e6f-4391-8b2f-f8db2aedf70a","2026-03-30T06:59:39.631Z","Kano","Web","35-44"
"d7e673c1-f64b-4710-bbf0-d0999c9c5c31","2026-01-08T01:07:04.840Z","Port Harcourt","Android","35-44"
"5d721062-7d35-4eef-a356-90985c30269a","2025-08-25T07:43:21.265Z","Port Harcourt","Android","35-44"
"e744f50c-fda1-4578-8e45-c01c628ea2f5","2025-10-14T17:24:33.251Z","Lagos","Web","35-44"
"56b1bd46-184b-4f94-aec5-45434a9f7ff6","2024-07-19T09:02:12.567Z","Port Harcourt","Web","25-34"
"a1d2c28c-9e42-444c-8e79-f6d245362527","2025-11-04T07:04:52.523Z","Lagos","iOS","18-24"
"fdd9a75c-a354-4b8a-8d6b-337b090df66a","2026-02-23T03:26:27.922Z","Ibadan","iOS","18-24"
"0eafff85-17b8-47b2-90c1-ebad84c1ded4","2025-10-16T14:49:37.439Z","Enugu","Web","35-44"
"ce0c96e1-1fe2-42b5-95f8-8e62c9ba969b","2024-10-24T03:10:18.401Z","Kaduna","iOS","25-34"
"c0d57a8d-e7a4-4d76-b7ce-690c65919091","2024-12-16T06:36:32.503Z","Abuja","Android","45+"
"1ae38cec-342d-46f0-8f67-704b30157798","2025-04-28T14:09:02.451Z","Kaduna","Android","18-24"
"d2286939-2847-4c29-a618-3087fd42d1a1","2025-11-05T17:04:24.417Z","Ilorin","Android","35-44"
"06263b37-40a0-4295-871d-b832164d7dd7","2024-07-05T17:42:26.628Z","Kaduna","iOS","25-34"
"9b0e59f7-8380-4767-bf1a-6a51525fcbe1","2025-11-25T21:28:55.661Z","Jos","Web","25-34"
"42c4be8d-efe7-42dd-ada5-05280fa96b1c","2024-06-21T09:06:43.903Z","Abuja","Android","45+"
"5b431b3b-7940-4a90-a466-7527f50a923f","2025-07-16T17:00:26.636Z","Abuja","Android","35-44"
"b1ed8dd5-89be-4330-8882-a70d44549014","2025-02-15T15:17:54.456Z","Enugu","Web","25-34"
"4381c122-2d37-4511-87ff-633b59702d15","2024-12-14T09:11:59.953Z","Jos","iOS","25-34"
"ec4f31ec-6bf3-4d6b-9c24-61676d505123","2024-08-26T18:46:26.291Z","Lagos","iOS","18-24"
"5a45a114-cadc-4f35-a2d0-d5183d0f78f1","2025-02-11T00:54:30.896Z","Kaduna","iOS","45+"
"4e43be49-a420-496e-a25b-d02be674687b","2025-10-15T04:07:20.797Z","Benin City","Web","45+"
"f328ac20-4fcd-40af-a93a-eed997ed9938","2025-07-23T11:55:33.882Z","Lagos","Web","45+"
"193fa498-1855-479c-920e-3de2f239812c","2025-07-12T02:02:17.461Z","Enugu","iOS","45+"
"793e3749-f77f-4d41-b188-7e68d87241e4","2025-08-13T08:14:21.870Z","Enugu","Android","45+"
"da6ce2a4-83f4-4293-b2b9-a68a1142e8fb","2025-05-28T23:03:09.026Z","Benin City","Web","25-34"
"c4e48c11-4981-4d94-a791-03e4578cd301","2025-07-12T21:51:16.383Z","Abuja","iOS","45+"
"7ea185c4-3db4-4ca6-93ee-e3b54a1521e5","2024-09-07T23:33:09.910Z","Ibadan","iOS","45+"
"edb66d2b-72a7-466f-9ea6-d9da5a3239f0","2026-02-23T20:57:26.177Z","Ilorin","iOS","45+"
"5887e32b-25c2-47eb-8f38-fbf92190a2cf","2025-06-08T17:08:55.489Z","Jos","iOS","25-34"
"6ea98a9a-bee3-470f-b8b1-82834f2e90ae","2025-02-24T08:19:32.957Z","Benin City","Android","35-44"
"a221f10c-fa46-4dcc-9c0a-a3764151001f","2025-11-02T16:51:56.655Z","Abuja","Android","35-44"
"2e6b4c36-c30b-49bd-a697-936cd7f9f0e8","2025-07-06T06:09:27.418Z","Lagos","Android","18-24"
"400254be-6b1f-4365-b0f7-523ce3002e16","2025-06-17T01:16:02.644Z","Benin City","Android","35-44"
"ad03a149-7941-4240-8678-ed9c2e4e918c","2026-02-01T11:25:30.768Z","Kaduna","Android","25-34"
"6501936c-6686-473d-839b-a87213b408ac","2025-11-30T19:59:39.350Z","Port Harcourt","Android","18-24"
"54258575-2770-41c6-9d40-097de4d870c8","2025-09-15T17:23:19.466Z","Kano","Web","45+"
"1078840e-cbd1-48fe-90a8-5277e3812e6a","2026-05-16T11:10:46.393Z","Kaduna","Android","45+"
"d3d21b1a-17c1-4443-aac3-081075694805","2025-06-14T22:10:38.088Z","Kano","Web","25-34"
"fb973f66-eace-4ea2-9ab6-d8b3e802c02e","2025-03-17T02:22:14.003Z","Kaduna","Android","35-44"
"1710a68b-7045-4b65-9374-e17fab7c210b","2025-09-25T21:57:35.382Z","Enugu","Web","25-34"
"a7fe45b8-7c41-4083-a468-af12e769163b","2026-02-24T06:55:56.700Z","Kano","iOS","25-34"
"a4b2d1c6-087f-447b-a6bf-3cbdbeb47c2b","2024-07-11T08:07:04.756Z","Lagos","Web","18-24"
"31e3edba-1b41-4600-a7b5-b24d0a8ff759","2025-01-03T15:07:24.631Z","Kano","Android","18-24"
"5eea5d34-66a1-4e46-9b33-72e50b58bbbb","2025-04-16T04:23:20.603Z","Port Harcourt","Android","18-24"
"56b9f448-d7d9-49ce-9e16-dbb41786fc6a","2026-02-03T18:46:24.633Z","Abuja","Android","25-34"
"6a048ce0-08a0-419b-b4e8-017e05fb292b","2025-09-09T12:28:14.737Z","Lagos","iOS","45+"
"952bd7cd-384d-467a-b6df-ed7ee1164a14","2026-02-04T06:43:25.341Z","Port Harcourt","Android","25-34"
"a9619f31-afc4-47ee-bd01-382b0123a1e1","2025-09-10T23:05:24.497Z","Ibadan","iOS","25-34"
"2c495722-2751-4aca-bdb5-e108007b9ef4","2025-06-26T11:40:50.592Z","Port Harcourt","Web","35-44"
"ad2d2b5e-e463-427a-b96d-9e85886109d9","2025-01-21T13:52:12.802Z","Kaduna","Android","45+"
"ad2a53f2-72db-4284-a8c6-0d7b6c742912","2024-08-12T14:58:33.750Z","Ibadan","iOS","25-34"
"4451f756-dd21-4932-b491-16f1294f1ef5","2024-08-07T11:14:23.760Z","Lagos","Web","25-34"
"7932c57f-d2fa-4b6f-9b14-60fd2022ae89","2025-03-06T23:55:18.807Z","Port Harcourt","iOS","25-34"
"3b68149a-64b0-483a-875d-4b25933b2bd4","2024-07-24T17:07:48.627Z","Kaduna","iOS","18-24"
"0d614889-2e48-4828-85e8-f4338d0e5cc5","2024-11-10T04:50:42.714Z","Ilorin","iOS","25-34"
"6cbf1026-1252-4049-9a37-a6d3f40fc8fd","2024-09-24T07:04:11.036Z","Ibadan","Android","25-34"
"b7f3489b-d0d8-4338-a607-ab96e86a69f6","2024-12-01T11:28:21.184Z","Abuja","Web","35-44"
"e044c770-9251-4b07-8c0d-1b32f190ff1a","2024-10-12T00:41:55.425Z","Abuja","Android","18-24"
"b0fccc5f-1036-4113-a8eb-326b40d331db","2025-03-13T00:27:11.853Z","Benin City","Android","25-34"
"1f54b791-055e-4478-88ef-754d804e1b98","2024-07-22T13:13:17.468Z","Kaduna","iOS","18-24"
"9328fb92-5527-4498-86c1-63dc84362d77","2025-02-12T11:29:40.176Z","Ibadan","iOS","25-34"
"176832af-795a-4d55-bcdf-fcef4f2f91f1","2024-06-22T04:08:02.885Z","Ibadan","Android","18-24"
"6c30d369-521b-49c0-aac2-3d312fc2d9d9","2024-08-23T09:29:52.433Z","Ilorin","Web","18-24"
"c235e4b9-b91a-44fe-8ef1-c41b2455b785","2025-07-26T21:12:56.626Z","Ibadan","iOS","18-24"
"eaee636a-6ae9-48fb-84d1-f0a83edf564a","2026-01-14T22:09:01.320Z","Lagos","Android","25-34"
"5c634544-7bf2-4810-b0e6-b5cff7e09271","2024-09-25T06:21:25.869Z","Kano","Android","25-34"
"534a89c7-e052-4bc0-a874-10ee087ec1be","2024-11-26T20:14:55.871Z","Kano","Web","18-24"
"62a58874-2ed8-46ae-a329-4736f74df28a","2026-02-12T00:27:23.699Z","Enugu","Android","45+"
"86636e70-669a-4344-b5c2-f18566411643","2025-08-26T16:35:00.822Z","Benin City","Android","25-34"
"c9670ecb-3fb0-44e1-be5b-e6f59f64eeb7","2025-01-30T08:00:39.988Z","Port Harcourt","iOS","35-44"
"a33ab71a-3309-4288-af7d-0a59323f8753","2025-08-16T21:21:22.138Z","Lagos","Web","35-44"
"1eae9d3e-bbfd-43da-a792-620e43e6e0a2","2026-03-26T06:09:48.954Z","Ilorin","Web","25-34"
"658d22b0-648d-4057-98f2-e07e3b5b5580","2025-07-19T11:21:13.018Z","Ilorin","Web","35-44"
"23b1e7f1-ddaf-4d55-bd2e-d13ca6c1f266","2026-03-02T16:02:03.752Z","Kano","iOS","35-44"
"62a858d7-a21b-47f3-bf05-f2a9869a95ca","2025-12-28T03:17:48.173Z","Ilorin","Web","35-44"
"8b3852a2-10a6-4305-b940-6fec5a944d6f","2025-01-06T07:49:25.424Z","Enugu","Android","25-34"
"95deec19-fd71-448d-9fd4-278a37981e2a","2025-07-30T10:21:38.198Z","Ibadan","iOS","45+"
"83c9899d-683d-4b1c-8677-42114ec1ac80","2025-11-18T04:40:10.961Z","Benin City","iOS","45+"
"ddced024-fbc5-48c7-b8ac-26c0949e4dd8","2025-05-01T21:51:24.661Z","Kaduna","Android","18-24"
"f8c603e5-bf22-47e0-919c-dd04c2b2b5b4","2025-11-06T22:35:29.917Z","Jos","Android","45+"
"2dd74c4b-4ceb-469a-a14a-ac019a0c1747","2025-12-23T15:14:56.644Z","Abuja","Android","45+"
"6abd348b-4f85-4225-97ee-226c2265df30","2024-07-08T08:48:01.175Z","Ibadan","Web","18-24"
"fae12848-29da-425e-b99d-efd4dc236fe2","2024-07-02T17:03:47.406Z","Kano","Android","45+"
"ee194ff2-f702-4186-a910-8a0d1185b056","2024-05-29T08:57:00.381Z","Benin City","Android","35-44"
"a6313cf5-e66b-45cc-960f-15a1239c4967","2024-12-10T10:25:29.215Z","Port Harcourt","Android","25-34"
"3b29067c-f696-47f1-99dd-7b2141ce2d7a","2025-01-04T22:18:48.715Z","Lagos","iOS","45+"
"236950ae-9b73-43f3-861a-b6f629ccce75","2025-09-21T05:01:41.281Z","Enugu","Web","18-24"
"d01ca378-e420-4de1-94ca-3e4f71fd1d6d","2025-10-05T16:27:58.314Z","Abuja","iOS","45+"
"7bf28219-f078-49f3-9504-d64725a4392e","2025-05-30T17:05:34.024Z","Kano","Web","35-44"
"fafbc8ef-c9c5-476b-a64e-1032a9a1b961","2026-05-08T00:04:20.851Z","Ilorin","Android","35-44"
"5c5b6090-d5cb-450c-b94a-1d6225d213f2","2026-03-30T15:05:27.008Z","Lagos","Android","18-24"
"c68923c6-537a-45cc-ab3a-c4c772e34b02","2024-12-17T06:31:20.302Z","Kano","Web","35-44"
"c6cb84a6-dd4c-4de6-a4c3-859e49db200b","2026-04-06T11:50:53.426Z","Kano","Web","18-24"
"2d0c47b8-83e8-420e-924e-d0cc6cdac2b9","2024-11-01T08:45:19.944Z","Kano","Android","45+"
"8e749ea9-c94f-43b0-873e-283906a4dd28","2024-10-02T11:31:32.268Z","Abuja","iOS","25-34"
"b3c75e58-7561-4074-b9f2-bb9925b191af","2026-04-18T22:58:01.119Z","Abuja","Web","18-24"
"d471d44b-f328-434e-8865-d5596f5f5b2d","2024-10-30T11:29:09.536Z","Enugu","Android","45+"
"84e9f802-5b50-482f-95d6-bfa6117c35d9","2026-05-06T22:45:22.239Z","Port Harcourt","Android","25-34"
"a5a99212-bddb-450f-8afb-1a64ebbaed8a","2026-02-21T15:26:46.600Z","Ibadan","iOS","18-24"
"6867ae89-8a38-4e22-8099-368f35405bb6","2024-08-28T04:45:21.614Z","Benin City","Android","25-34"
"9e69b540-532d-49af-9e9b-f769d6f0d614","2024-08-13T13:03:25.380Z","Lagos","Web","35-44"
"741b9922-e42c-4521-a944-5d2ffa8c32a6","2025-09-09T03:05:45.948Z","Kaduna","iOS","25-34"
"b0631e5e-2896-4cd9-9d9c-654a1c1af8cb","2025-11-01T10:43:52.610Z","Abuja","Web","18-24"
"45d6b9f4-e27d-4d0a-85b6-654bb0b8e7a4","2025-10-16T08:13:29.723Z","Port Harcourt","Web","25-34"
"02d7378a-48a2-4119-adc1-ff30248c447b","2024-10-29T07:17:44.617Z","Lagos","Android","18-24"
"1e8344db-ce85-4d65-adc6-812de5b5a0f7","2024-09-06T22:42:43.570Z","Jos","Web","18-24"
"89f8a8d0-ff9b-4c10-b813-20a7f3bcbac9","2025-07-16T10:15:34.320Z","Lagos","Android","25-34"
"282dbdca-03d8-462f-84f1-8924252e0057","2025-09-22T15:32:34.118Z","Lagos","Web","45+"
"dccdc743-117a-4003-807b-2e3886c6a79f","2025-02-01T21:28:51.871Z","Ilorin","Web","35-44"
"8f62eb1e-b125-4ac1-bba5-06433dd60dd7","2025-07-16T22:08:40.057Z","Lagos","iOS","25-34"
"a0efdf3e-f53c-45c6-9be0-b7063d2ffa11","2024-09-24T00:53:06.290Z","Enugu","Android","35-44"
"d5045fc2-c81b-4a6c-8377-50c6e89569fb","2024-10-07T05:21:28.370Z","Jos","Android","45+"
"2471ec88-ab94-4e73-b293-3d3a222b6bd2","2025-02-07T12:23:10.212Z","Kaduna","Web","25-34"
"f71c4329-7330-4ce1-bb13-4f4910c1d079","2025-08-23T00:25:47.435Z","Abuja","iOS","25-34"
"81a81b1c-6e46-4cf7-afac-c222ea7a910d","2025-09-15T01:58:46.134Z","Jos","Web","18-24"
"cfa5d7c3-f9d4-453d-81df-44a78922d496","2026-04-27T15:04:35.684Z","Kano","Android","45+"
"39118a01-c963-4a1a-bc12-a2ee20812472","2024-08-19T22:25:19.761Z","Enugu","iOS","25-34"
"58110f96-fbb3-4dbb-a9d5-2963db1ff685","2026-04-28T05:56:05.712Z","Abuja","Web","25-34"
"b7b45140-49c7-41fb-81f5-70f656ab5433","2026-05-04T18:28:14.171Z","Benin City","Web","25-34"
"256b0fa0-e03d-4890-b1ba-81e068895920","2024-10-22T10:46:35.307Z","Abuja","Android","18-24"
"99eebd2b-4a6b-4711-b00d-2e82b7ba13f2","2026-05-14T02:30:47.179Z","Port Harcourt","iOS","45+"
"ce2f8d9c-fc9a-44c7-b8bd-5e054a167688","2025-03-10T20:42:03.302Z","Kano","Web","45+"
"84ee8931-fa74-4a2d-ada9-d65ea51e2dc7","2024-10-20T21:50:51.491Z","Kano","iOS","35-44"
"afdff6b4-0a69-4326-8d35-fa5905c5f0ed","2026-05-24T15:53:33.181Z","Jos","Web","45+"
"c3351040-6c9f-419d-b373-c0ec06cfba5a","2024-11-09T08:29:42.537Z","Port Harcourt","iOS","45+"
"f060af49-609a-4513-afad-3397db5aabef","2025-11-27T09:47:37.622Z","Kano","iOS","35-44"
"ce00c37e-45b2-431a-b6b2-64cfbc3a78b0","2025-01-26T13:10:54.881Z","Ibadan","Web","35-44"
"96dd673e-4836-4c0c-9b94-9cd4629b6664","2024-12-16T08:30:29.626Z","Benin City","Android","45+"
"fa0f7cf2-cbc0-47ac-8d80-62d915d445c6","2024-11-16T07:07:06.807Z","Ilorin","Web","45+"
"22965a8e-07f8-464a-83c5-8f186baa6c0b","2024-11-20T09:25:41.913Z","Kano","iOS","35-44"
"45e8fbf9-afc8-479a-9d87-4f4c0037b7f9","2025-07-22T12:14:37.427Z","Kano","Android","35-44"
"c2f7a4e4-0ccf-431b-ad70-a8081dcbe57b","2025-09-21T01:32:55.180Z","Enugu","Android","18-24"
"d0a5f4c1-ab60-412b-b5d2-03e88d4b0b97","2025-12-01T01:16:02.911Z","Jos","Android","35-44"
"641ffa55-9dd3-40cf-8251-7dff69f2da38","2026-01-21T00:38:36.398Z","Port Harcourt","iOS","25-34"
"24a4c0dd-9904-4e85-8dbd-91f5eca85a25","2025-10-27T03:26:30.324Z","Port Harcourt","iOS","18-24"
"e6e70333-8549-4c82-8a22-bdfbc5e26b5a","2026-01-22T14:26:44.218Z","Kano","iOS","18-24"
"51a5d93f-ca50-4e02-826f-ba0d2713305e","2024-06-21T11:07:21.063Z","Kano","iOS","45+"
"89f32574-ce71-49ad-a267-5f3a05d750d2","2025-08-04T17:37:46.720Z","Abuja","Web","35-44"
"7d7e1f12-ea6c-4bbf-acc8-dbe991d52219","2025-10-20T05:58:32.331Z","Kano","iOS","25-34"
"f097a328-aeb3-4ead-8a30-7d1d4c237b46","2025-08-13T05:59:04.476Z","Enugu","Android","18-24"
"63c78384-2a6a-4347-a38f-cb7fd876ec9e","2026-02-09T16:09:51.064Z","Kano","Android","45+"
"d8c89db6-b0b1-4d15-a6c9-b7eafb309e85","2025-06-16T18:55:37.079Z","Ibadan","Web","45+"
"252aae11-d7de-42ee-94ab-eb4675596df0","2025-04-01T21:40:12.498Z","Lagos","iOS","35-44"
"651603b8-ce42-44d3-a10b-25c0b076c31c","2025-12-25T20:38:29.318Z","Benin City","Web","25-34"
"5888c665-1343-4fb7-b828-3943794e9343","2025-01-16T13:28:05.827Z","Ibadan","Web","35-44"
"3a71c389-a96f-42b6-bb3e-581403f063b6","2026-05-01T03:42:27.518Z","Kano","iOS","45+"
"50ced820-3a63-441c-ab83-75a800323100","2026-02-07T17:53:33.705Z","Lagos","iOS","18-24"
"e1ad3087-07a2-43a1-b4bd-b6581eb58bfd","2025-11-07T17:22:21.496Z","Kano","iOS","45+"
"98d1d795-cb7e-48ee-af0d-58e59e56ff13","2026-04-04T04:07:43.450Z","Benin City","Android","45+"
"e75a2b18-3504-41f7-9e42-de089c36163e","2025-12-28T17:51:26.289Z","Kano","iOS","18-24"
"cc55846e-355a-44ec-aaef-32c814905d2c","2026-03-16T19:45:35.064Z","Port Harcourt","iOS","25-34"
"dea41e36-4cdc-4fd1-a4e3-f56d1d79aae3","2024-08-23T22:04:47.586Z","Lagos","Android","35-44"
"f199fa81-8ef3-4874-9568-f80a6b42b49b","2026-01-18T08:21:42.241Z","Lagos","Web","25-34"
"2723d693-0ef2-4ec5-ac43-120880ff8313","2024-12-13T14:29:01.616Z","Benin City","iOS","45+"
"b9192a84-b2c1-4558-9ff7-afabf6994ef0","2026-01-22T02:44:27.487Z","Benin City","Web","18-24"
"ea43a2b3-dd46-4a01-b4e8-7b259f8a3772","2025-03-26T04:06:24.895Z","Enugu","Android","45+"
"638dfd3f-91a3-467d-91c4-a3dfa84e8814","2024-07-12T00:08:30.890Z","Ibadan","iOS","25-34"
"f66f3bc1-630c-4c3f-8da3-9e36defe7d7f","2025-04-22T14:33:02.289Z","Ilorin","Web","25-34"
"f39cafc1-d747-4489-991a-e59ad3ea0d98","2024-06-16T07:54:24.496Z","Kano","iOS","35-44"
"4d62eba2-f13c-4a02-b971-7bdf00fba6c0","2025-07-12T09:43:31.319Z","Ibadan","iOS","45+"
"a370776f-7acd-4d22-b759-7b1f8f6f4e17","2026-04-06T18:27:22.837Z","Benin City","iOS","35-44"
"39f020f6-da28-443f-b384-fd2145f1fbcb","2025-01-07T03:20:34.403Z","Kaduna","Web","18-24"
"7c122e22-6c9e-4007-8fc0-75d80bd7b896","2024-09-28T13:07:27.529Z","Ibadan","Android","25-34"
"7a4e93f0-97f5-455a-9beb-c7291196d4f7","2026-02-18T18:24:58.401Z","Ibadan","Android","18-24"
"8b6eeab2-30ee-458d-be94-5fc55063bb16","2024-06-17T13:07:48.894Z","Benin City","Android","45+"
"91c49f1d-3429-4eff-b02e-237932c2f1be","2025-05-27T18:50:45.016Z","Enugu","iOS","18-24"
"96514c6c-8089-49c7-af46-3061d08caf6a","2026-05-20T05:32:28.312Z","Kano","iOS","35-44"
"e808ebef-2ece-4992-bc81-b4ca5a4ba5a8","2024-12-06T17:03:28.884Z","Kano","iOS","45+"
"d74761ed-81a0-4629-971d-cfdd47682ecc","2025-10-16T05:33:20.393Z","Kano","iOS","35-44"
"4f0e1db2-242b-471a-8f7a-e49535e2d8cf","2025-12-11T03:42:52.486Z","Benin City","Android","25-34"
"c683a070-9a90-4a34-9ea0-16d197cb2e35","2024-10-03T22:02:48.655Z","Jos","Android","45+"
"fb6fbce7-4627-4237-9453-a34d6b95012d","2026-05-06T01:37:11.013Z","Kaduna","Android","35-44"
"a0628c2f-c8b9-4b53-8d35-cf45bd73d66e","2025-02-28T17:39:32.789Z","Ilorin","Web","35-44"
"d867860d-da78-47a5-a353-d008d5a1ef92","2025-03-22T21:26:33.192Z","Abuja","iOS","35-44"
"c66cd0e3-15c3-4795-98f1-feaafd44d15a","2024-10-22T01:20:23.513Z","Abuja","Web","45+"
"a708838d-b933-45bf-b704-97b9181011c6","2025-10-09T22:06:09.861Z","Abuja","Android","25-34"
"845a7f1a-3853-4731-afe8-27c2233c309b","2026-02-07T14:59:42.135Z","Kano","iOS","35-44"
"26219d54-18df-4aa7-825d-1f839fa1625b","2025-07-21T05:53:06.718Z","Ilorin","Android","18-24"
"906eba5d-32cb-469b-bc01-95cc4191b499","2025-06-13T14:05:36.294Z","Port Harcourt","Android","18-24"
"56ddf532-4e6a-40fc-bb78-e98a6290da43","2025-10-03T05:28:51.518Z","Benin City","iOS","45+"
"052b1ae1-2631-4bb6-9541-467a982fe817","2025-01-26T02:14:24.233Z","Jos","Android","35-44"
"d1ceda3c-9d00-4674-a88f-c61155fd5ad9","2025-10-11T05:02:39.890Z","Benin City","iOS","25-34"
"dae1aa9d-7b19-42bb-8564-d0c97ff8e308","2024-07-20T14:17:14.541Z","Lagos","Android","18-24"
"ac4e0c5a-f908-4dd0-9ac0-fca9403954c2","2025-03-09T07:24:02.684Z","Jos","Android","25-34"
"e5a7f8a4-3fb1-4e6d-8ec7-faea599896db","2025-10-01T02:03:06.711Z","Enugu","iOS","18-24"
"eed39b79-7003-4542-b2d5-573391b0accb","2025-04-22T09:07:51.497Z","Abuja","Web","18-24"
"4e3436c5-98de-4856-87eb-5391d0b7fba0","2024-10-25T09:33:05.684Z","Kaduna","iOS","18-24"
"e8a67840-076b-4309-a577-d772c54eaa45","2025-07-18T01:34:07.722Z","Enugu","iOS","18-24"
"a8a45ec9-0a4c-49d6-9970-84c9466eea60","2026-01-17T03:50:27.333Z","Lagos","Web","18-24"
"26e5b78e-acb4-4ae9-9c67-54094bd39929","2025-07-27T01:00:19.217Z","Ilorin","iOS","25-34"
"dfcef307-f88e-4220-be72-a77547e69d6f","2026-03-17T02:21:43.396Z","Lagos","Web","45+"
"6d0bc537-e958-46f5-8b77-5dba7f9227e3","2025-02-04T10:37:02.086Z","Ilorin","iOS","45+"
"cff3ead9-3656-4740-bd31-b3902b80a6b1","2024-11-13T12:38:15.464Z","Port Harcourt","Web","45+"
"055d18be-743d-49b0-989e-07cde420d737","2024-11-23T10:57:39.783Z","Ilorin","Android","25-34"
"50bb70e5-45b8-427f-9196-0c54ec122916","2026-02-18T06:00:32.560Z","Ilorin","Android","35-44"
"234316b8-1931-4f8a-908c-25caad273b3e","2024-08-11T13:42:20.777Z","Enugu","Android","18-24"
"9b8b6b76-45cb-46a4-812c-ae4dd7c50856","2025-06-03T04:26:13.625Z","Kano","Android","45+"
"af4b4243-7246-4ac4-8a39-557e9112fd2f","2025-08-28T21:44:37.493Z","Jos","Android","18-24"
"95bfac29-6c63-4d5e-927d-293185efc319","2025-08-28T13:41:31.110Z","Kano","Android","35-44"
"1aecdf07-8e29-4bbb-b435-ea4bd8da004b","2026-02-10T02:37:02.268Z","Lagos","Web","45+"
"d937a15b-848d-4cbe-8ab0-480c5fccfa5f","2026-01-08T03:01:28.780Z","Jos","Android","18-24"
"373a0059-5868-47ba-be0d-efaee2d3b679","2025-04-13T03:20:18.516Z","Port Harcourt","iOS","35-44"
"cad2ea19-b366-4556-a015-c5d47b65a8b2","2024-08-04T04:09:18.713Z","Abuja","Android","18-24"
"bf74a60c-d181-4116-9c23-2186e6dc0c29","2024-12-14T19:41:49.483Z","Kano","Web","35-44"
"d5bbabaf-935f-4599-ae05-09eef4f04f96","2025-02-10T06:10:28.582Z","Benin City","Android","45+"
"7f50c1be-b375-4cf1-bae4-c591cd0be1db","2025-07-30T02:10:39.130Z","Enugu","Android","45+"
"9675222f-bc16-48d9-b14f-9046606da380","2025-12-04T22:50:48.004Z","Kaduna","Web","18-24"
"041b8ce9-e1bb-4839-bdb4-32409b8ef996","2025-01-24T08:49:39.604Z","Enugu","iOS","25-34"
"2ed378a4-c13c-48a4-8bf7-5d27007dfd46","2024-12-02T18:44:34.805Z","Benin City","iOS","45+"
"a8fc33a8-1825-447e-9c1c-ad5b2e9a8955","2026-05-07T22:12:25.074Z","Kaduna","Web","45+"
"814a45b7-74b2-480b-90ca-7724368ddfec","2025-08-12T11:29:22.572Z","Port Harcourt","Android","35-44"
"8e94fd32-de89-4e3d-8725-0cf376d9cab2","2025-05-06T05:18:42.259Z","Kaduna","Android","18-24"
"6514dafd-244f-4a0a-bab5-e95cfe822943","2026-03-20T20:27:49.726Z","Ibadan","Android","25-34"
"6e3c7e52-6378-445e-9d1f-5c24d509f30e","2025-03-30T20:45:14.693Z","Jos","Android","35-44"
"67562dca-3d54-4f16-ab56-4d8858c3b418","2024-09-11T08:12:54.229Z","Kano","Android","35-44"
"3da6cd1d-31d9-418c-bedc-6903d1c440a3","2025-05-25T20:23:01.795Z","Abuja","iOS","45+"
"48f99ac5-10ae-4140-a0c7-a309576c01a8","2025-02-14T00:35:18.670Z","Kano","iOS","35-44"
"2755511e-8cb8-4d9e-b7cd-3e67eb1ce9df","2025-01-12T17:32:33.088Z","Lagos","Android","35-44"
"20229730-0cb0-4e1d-91ca-a48f3cb5334c","2024-07-01T20:52:43.456Z","Port Harcourt","Web","25-34"
"4cdf1269-d173-4a2e-935d-cdbd89202c71","2025-08-02T01:01:39.309Z","Lagos","Web","45+"
"76850869-b6d2-4398-90f1-65e7ca2945ab","2024-08-28T00:41:19.983Z","Abuja","Web","25-34"
"e94fd999-3c91-4aee-ae3d-0104056238a8","2024-11-25T22:34:45.987Z","Kano","Android","35-44"
"7753f6f0-b27b-4dea-862f-2fbe38e347b2","2025-07-06T08:41:32.872Z","Ilorin","iOS","25-34"
"d1178531-98ec-489b-bcfa-14077be667d4","2025-12-05T05:14:57.095Z","Ibadan","Android","45+"
"b2ed6dc2-a538-4ed8-afd5-e47309e06c54","2024-12-18T08:00:32.302Z","Abuja","iOS","25-34"
"8a32e0cb-904f-4bf4-ba89-d7c6999dbc4a","2024-11-03T10:01:46.287Z","Kano","Web","25-34"
"88071d08-d6de-41a8-a2b9-628f748f415a","2025-12-20T02:23:42.834Z","Jos","Android","35-44"
"a779497d-0fb2-4fb6-9165-4cd11ba90a46","2024-12-31T13:41:07.771Z","Enugu","Web","25-34"
"5808bc20-6c2d-4d86-9c7c-f29d7ba47e33","2024-06-17T09:46:35.887Z","Benin City","Web","25-34"
"2fe564d1-caea-46c9-909a-2c21a42ac349","2026-01-08T15:26:03.262Z","Port Harcourt","Android","35-44"
"75e77eeb-b1aa-44b9-82df-05d1988effab","2026-05-16T03:15:30.228Z","Enugu","Web","25-34"
"99147cfb-bd78-4574-80cc-9046b9eb0867","2025-12-21T12:15:35.377Z","Port Harcourt","Web","18-24"
"ebecedba-5021-4ca8-b295-88acfc7908af","2024-09-13T02:32:34.991Z","Port Harcourt","Web","18-24"
"788c5fbb-9971-4118-b1d4-b9c57b3ed5bf","2024-08-04T05:14:40.512Z","Kaduna","Android","25-34"
"577bc891-7efb-4bff-ab95-e7ddd32595f3","2026-04-16T03:40:42.639Z","Jos","iOS","45+"
"d3947ba3-74ab-402a-9100-bd1602b2555b","2026-02-13T20:35:40.398Z","Lagos","Android","18-24"
"6965af38-c4e7-404f-b1e3-601406a111cd","2024-10-14T22:06:02.751Z","Ibadan","Web","45+"
"0e619bce-1f1e-46b6-9b8d-ab2d021a3638","2026-03-30T20:35:59.798Z","Kano","Web","35-44"
"0cdf0774-af34-4003-8099-f92de0a82954","2025-08-17T17:28:11.989Z","Enugu","iOS","45+"
"dca789da-e85b-499b-9121-c2ffe401a803","2026-04-09T20:50:57.471Z","Benin City","iOS","18-24"
"c3ab073a-2bc5-4a42-8b0f-f846c669c832","2024-12-25T18:29:09.804Z","Kano","Android","18-24"
"43b01cfe-8328-4653-a4d6-c58528c66753","2025-11-09T21:48:55.313Z","Kano","Android","45+"
"d47dc8f4-bde4-4f8a-85b0-1eda29a9f9b9","2026-01-05T14:46:56.141Z","Ilorin","Android","25-34"
"79742ea3-6301-419a-a30a-adca53773368","2025-04-24T04:07:43.210Z","Ibadan","Web","25-34"
"3ddfc042-425f-46f4-b39c-506aabf42c27","2025-10-31T03:32:47.214Z","Ilorin","Web","35-44"
"d2370101-d638-49f8-b5c5-4a99f0f7f7d0","2025-02-06T20:49:23.361Z","Abuja","Web","25-34"
"3e35ccb2-b838-4c54-8501-7426464393c0","2025-12-05T14:35:02.908Z","Abuja","iOS","45+"
"5201ce46-d5d8-4189-be45-3a1d17dfabd7","2025-11-15T09:41:11.507Z","Abuja","Android","35-44"
"b45c6360-cc34-45ac-b1f6-3532f636d605","2026-02-27T06:13:31.317Z","Kaduna","iOS","35-44"
"5b3ae38c-1e33-4a80-8c74-422858250bc5","2024-12-16T12:22:50.376Z","Ibadan","Web","45+"
"c1ad5495-5c1c-485c-b5ba-5f1961161657","2025-10-05T11:03:22.467Z","Ilorin","Android","45+"
"dfae6e79-76f2-4ec9-b376-6707d4ff9521","2025-12-27T03:12:41.314Z","Lagos","Android","45+"
"4a8ba59a-2a25-49c9-8dbb-97134a2b474b","2025-06-30T04:46:11.135Z","Ilorin","Web","18-24"
"62a1e962-5110-49b3-bb9e-13864d7666d4","2025-07-27T12:17:59.779Z","Jos","iOS","18-24"
"53bc29eb-0fc6-46e2-b8b1-2402d3955e76","2025-01-15T10:16:00.176Z","Kano","Web","35-44"
"0c20af41-0196-4f13-b652-87df20c767df","2024-08-18T19:46:36.263Z","Enugu","Android","45+"
"89459fd1-5063-4d1e-b70a-84929264f675","2025-02-12T13:19:34.119Z","Kano","Android","18-24"
"36589c57-6d17-4df8-87b3-acaa296d86f9","2026-01-19T07:29:48.279Z","Benin City","Android","18-24"
"6c6523c6-afdd-46dc-895c-5bf37292f408","2024-07-28T11:02:54.476Z","Ibadan","Web","45+"
"ba26d0fd-2067-4bc5-a25b-30e94f941902","2025-05-26T12:42:19.427Z","Kaduna","Android","45+"
"40ad8f54-369c-477d-ac05-d463c71545a8","2026-03-22T08:40:44.572Z","Abuja","Web","18-24"
"15ea8b6f-e589-42d1-9954-01cfaccb833d","2025-08-29T14:28:54.106Z","Kaduna","Web","18-24"
"91d9a109-85c7-45b5-b068-05fd445510c0","2024-07-13T19:53:33.756Z","Kaduna","Android","45+"
"6559e83d-9056-429a-b2a6-13da955cda3f","2026-03-21T01:21:30.607Z","Kano","Web","25-34"
"77c00607-2404-4c75-b461-c3b9923a1f6e","2026-02-24T17:03:38.575Z","Enugu","Web","35-44"
"92be7b1a-d0f4-43bb-b106-2ce5395ec1b4","2025-07-26T05:18:20.320Z","Ibadan","iOS","18-24"
"a6143ab6-3632-4b0f-9b6a-f4a2d0de846a","2024-10-05T22:09:50.546Z","Kano","Web","45+"
"80114796-acd3-4c6f-b1e3-a6f8191e8e02","2026-03-10T10:00:26.183Z","Port Harcourt","iOS","25-34"
"ca5c4e48-0f4e-48dd-b897-2b8abc8ba0fc","2024-05-29T00:06:04.478Z","Benin City","Web","45+"
"e07802d7-6fa3-4d2f-b385-69314a1e7f09","2024-09-06T12:11:29.267Z","Ilorin","Web","18-24"
"38e9a51a-5568-4478-92a5-149b7f3e2257","2026-04-21T04:50:15.136Z","Benin City","iOS","35-44"
"ee508af7-de5f-4e0b-be00-e667621fcf87","2025-05-04T03:17:51.990Z","Kano","Android","25-34"
"25055f37-219d-46d4-8d26-f6210920c429","2026-05-18T14:36:38.315Z","Port Harcourt","iOS","45+"
"66a880e8-cbf1-4661-ab06-d83ed5b00a1f","2024-12-12T15:43:08.662Z","Kaduna","Android","45+"
"f521779e-1b14-424d-88f2-1bbdd6552d01","2025-06-05T09:29:32.796Z","Port Harcourt","iOS","18-24"
"dc71453c-a5b5-4bc9-8c94-1f48b21e9ed6","2025-01-10T09:44:36.767Z","Ilorin","Web","35-44"
"46d2a4be-83af-42a1-be5d-178e32a4fe22","2026-02-19T02:59:21.945Z","Kaduna","iOS","18-24"
"631cec2c-7f19-48ff-a3aa-8a24baa4e61e","2025-01-17T03:14:18.554Z","Enugu","Web","45+"
"89ba7936-c9b7-47b3-9186-fb69db607eeb","2026-04-01T03:28:11.865Z","Ilorin","Web","25-34"
"dde604e8-e07f-42c5-9e28-ed2e198035c0","2024-09-21T07:01:55.393Z","Abuja","Web","25-34"
"f94dfd94-751b-4a66-b4d1-f0a23cd9b8d2","2025-05-26T00:50:38.023Z","Enugu","Web","18-24"
"c597b8d0-0aac-4d2e-9aee-3ee828fe3b8a","2025-10-25T00:40:26.244Z","Lagos","Web","35-44"
"c573023c-28b0-4954-a57e-98da1428c6df","2025-03-21T19:28:15.523Z","Enugu","iOS","18-24"
"d77f835e-97da-42c0-b8c0-7bbb8c621d1b","2025-06-30T02:37:20.982Z","Benin City","iOS","45+"
"f1281494-1f28-4c87-b3ac-fbe3e7476b81","2024-08-29T11:16:33.499Z","Ibadan","Android","18-24"
"9f7a3597-d29b-4fcf-a641-55a78e92f714","2025-04-06T16:49:18.608Z","Lagos","iOS","25-34"
"473f3213-cd30-4c16-8c10-eb40b6ef6d29","2025-05-17T09:50:42.552Z","Kano","Android","35-44"
"594c4b2f-0b51-4664-bf0a-099d73280473","2026-01-22T01:43:08.981Z","Kaduna","Android","18-24"
"a63bf9bd-aa74-4371-8427-c9c6f8aaf04e","2024-07-26T17:48:24.911Z","Benin City","Android","25-34"
"17e5c8e0-87ea-4cf5-a022-b1ac5b1cb7d3","2024-12-18T07:45:16.932Z","Benin City","Web","25-34"
"65d88445-8482-4c5a-a964-398729da9191","2025-10-19T11:41:19.270Z","Kano","iOS","25-34"
"51cb27a0-d5a8-4c8e-b16b-df173bd79ef2","2024-11-11T06:12:45.699Z","Ilorin","Web","45+"
"e108785a-980f-490b-8de1-f862b4700e8e","2025-08-24T06:37:33.207Z","Benin City","Android","25-34"
"b207db40-a582-420a-b4e2-6ac00df100e9","2025-01-26T13:55:08.311Z","Kano","iOS","18-24"
"55fa931c-238a-468c-9b6d-5ebcd515f52e","2026-05-01T19:28:04.013Z","Enugu","Web","35-44"
"016648a5-b4de-4561-bd59-f5f5cc4a61d1","2025-02-16T12:46:45.684Z","Abuja","Android","25-34"
"a5433ebd-0645-4036-b9f3-161a5f6de0af","2025-03-02T12:13:55.485Z","Ilorin","Android","18-24"
"df58e902-a24a-46b3-be68-f96d59006bfe","2024-12-05T22:40:44.851Z","Kaduna","Android","18-24"
"db3715ca-473b-4622-b016-e2e9c0f4d318","2025-06-17T23:29:26.037Z","Port Harcourt","iOS","18-24"
"d3a511c6-8bb4-41ad-859c-465b1c1aa3f6","2025-02-03T07:29:22.490Z","Lagos","iOS","18-24"
"aba912f0-eb9b-43ff-bb39-ca0033cccacf","2024-08-25T09:31:31.634Z","Ilorin","iOS","25-34"
"7b2159a4-bbb6-4ff3-8f08-b197f69a393f","2024-07-15T13:15:37.453Z","Kaduna","iOS","18-24"
"33ddbf8b-1515-422f-ae82-bec450852efa","2026-04-03T17:32:48.122Z","Benin City","Web","35-44"
"e255c62d-c00f-47ca-a7bd-e437817c81bc","2025-11-21T01:52:37.806Z","Kano","iOS","35-44"
"95bb5f4e-7813-4eed-9e7f-8ab5b5d72f89","2025-04-03T21:06:07.810Z","Ilorin","Android","45+"
"b7c9c6d0-87e9-4b72-b5d0-0d1452553bb0","2025-03-21T12:14:25.020Z","Benin City","Web","18-24"
"4dde254d-6f2d-4897-bc10-060127ea06d3","2025-05-13T03:10:14.239Z","Jos","Web","25-34"
"e3fda61d-aa60-4a13-8c16-c38168a482aa","2025-03-11T22:47:22.968Z","Benin City","Android","18-24"
"9fd2be85-d4e4-4cb3-ad4e-881624290e23","2025-09-21T20:42:15.594Z","Port Harcourt","Android","18-24"
"381928b4-0126-42e9-acd2-17a5fbed97e5","2025-12-17T12:47:33.337Z","Kaduna","Web","35-44"
"d614be7b-ac06-458a-8144-9b71efc098e5","2025-05-17T01:11:48.560Z","Enugu","Android","35-44"
"cfa64e54-341d-40bd-abb7-0f68c4d87d51","2025-06-12T02:42:27.356Z","Port Harcourt","iOS","18-24"
"52efb82c-60b3-4bc7-baa9-0ab1ff474d99","2024-10-10T19:16:55.497Z","Enugu","Web","35-44"
"577f6f7a-d245-4912-aa1e-a8a468884be4","2026-04-21T21:41:35.072Z","Ibadan","iOS","25-34"
"a2c34f70-5aa0-4035-944c-49e211f4388e","2025-03-02T18:22:58.276Z","Ibadan","iOS","18-24"
"3b4150e6-3049-42f6-9214-2b8c467b11b3","2026-05-18T01:36:45.111Z","Ibadan","iOS","45+"
"cdcc3a63-80d0-4b61-8b62-769b324d07b7","2024-09-15T13:49:03.190Z","Lagos","iOS","18-24"
"34eea0aa-e088-4dc2-a08d-11dab38f1c8e","2025-05-07T20:37:18.255Z","Benin City","Web","45+"
"0fc60816-932c-4ff3-ae78-ce2c1e600944","2026-04-08T17:01:35.556Z","Benin City","Web","35-44"
"2c6fd449-f778-4c86-95da-acb49c2d13fe","2024-06-19T11:42:00.544Z","Jos","iOS","25-34"
"0e902f95-481c-4c79-802b-81200b42af24","2024-10-15T21:00:18.480Z","Enugu","Web","18-24"
"d83c2414-400f-4981-b739-9177d6a62eaf","2025-11-25T19:58:03.903Z","Kano","Web","25-34"
"7885c576-ec4c-41a0-b3d3-225b32416d17","2025-10-29T19:30:26.035Z","Lagos","iOS","25-34"
"216cc571-3a83-467c-8c18-81b6036a91fc","2024-08-02T22:15:46.555Z","Ilorin","Web","25-34"
"d7330408-c85a-4ee7-a43f-9f779961f569","2024-11-28T06:10:50.075Z","Ibadan","iOS","25-34"
"b0a7feda-890d-430e-95d9-23cca998b98d","2025-03-19T23:54:53.608Z","Benin City","iOS","18-24"
"1d6f2bdc-0aee-4005-8937-508db67500d6","2025-01-27T20:31:20.709Z","Kano","iOS","18-24"
"9ddd1f2d-cfcd-4169-a0c5-a71ec8f60c2b","2025-11-15T16:34:31.809Z","Benin City","Android","18-24"
"efe5694f-9e53-43f6-8c44-2d042a3c7aa3","2025-01-10T05:37:52.223Z","Ilorin","Android","18-24"
"32339a3e-1932-4627-8e85-196e70b68c47","2026-04-23T22:55:01.649Z","Abuja","Web","45+"
"832f0a02-ebf7-4690-97ba-c7076b6042af","2025-04-21T04:20:04.716Z","Kano","Android","18-24"
"a71e6bf4-ad58-413d-b5dd-c3cc9c13540f","2026-02-23T16:37:06.760Z","Ilorin","Web","18-24"
"58a90760-4434-4059-815f-34cbea968b9c","2026-04-13T15:05:22.645Z","Ilorin","Android","18-24"
"5351add4-f3bc-4f91-a2b9-e4d43f0edbca","2025-08-27T22:57:55.425Z","Benin City","iOS","45+"
"4ff37c88-08dd-4596-8b66-0882f12364ff","2024-07-07T18:33:13.434Z","Enugu","Android","18-24"
"48cd0b4c-0464-4078-92e5-097e60f7a860","2026-04-05T09:29:35.253Z","Ibadan","Web","18-24"
"5f228f8c-e3c7-4bb9-9024-b8f65a38dbb5","2024-11-10T10:23:27.071Z","Benin City","Web","45+"
"deb13738-b7ea-4189-818e-174f59a2135a","2024-07-23T17:10:23.450Z","Port Harcourt","iOS","18-24"
"5a2ffb90-1072-4a6c-b7e6-7b73d4414e54","2026-05-21T03:14:10.607Z","Abuja","Web","35-44"
"581b023f-61aa-4149-b410-eb03fdb503a5","2025-02-10T22:30:51.316Z","Jos","Web","25-34"
"8cdc2e32-1dcd-412b-8a04-b159f2cc1441","2024-10-28T19:26:07.949Z","Jos","Android","35-44"
"cd79bb9f-963e-4faa-9ce9-8a0d4ff2fedd","2025-08-28T09:38:44.999Z","Ibadan","iOS","25-34"
"1ab850a4-4dd9-40b3-aec6-c2fef0d158ca","2024-12-10T19:53:58.619Z","Lagos","Android","35-44"
"1bbc1e05-f35a-4eb7-8429-b0688f65c0df","2024-10-02T00:15:07.830Z","Jos","Android","35-44"
"725ec24d-68ca-4cbc-b029-8c9315ed3f6a","2026-03-16T13:29:01.226Z","Kano","Web","18-24"
"c734bcee-9ae3-4cec-9a4d-cc36ffae1ddf","2025-04-03T20:51:34.096Z","Ilorin","Web","25-34"
"ab5032b1-5fbb-4ab4-bb22-d4253d757915","2025-11-16T23:01:11.348Z","Kano","Android","25-34"
"cb019c42-ced9-435d-a5a1-26fa201eac29","2026-04-15T21:20:37.956Z","Port Harcourt","Android","25-34"
"82365bd5-811a-4c16-a6b8-f8a30e5c19b7","2025-12-29T16:49:25.607Z","Abuja","Web","35-44"
"30ac9436-e896-4639-8eb3-41c260328295","2024-10-12T23:00:35.213Z","Abuja","Android","35-44"
"c37e40af-0b08-4e11-80b6-182b616de10a","2024-08-18T07:20:19.945Z","Port Harcourt","Android","45+"
"25d5503e-af4a-4132-83a5-5c66cca585a0","2026-01-06T20:46:45.997Z","Port Harcourt","Android","35-44"
"f3d9bd82-97df-49a6-8450-ec0b60def9d7","2025-05-17T12:07:49.858Z","Ilorin","Web","45+"
"9f314175-b1ac-4e6c-8581-cfd8becf60a3","2025-08-08T11:22:32.178Z","Abuja","iOS","25-34"
"6384cec4-1cb5-4fe6-8994-dc90a944b18c","2026-02-04T04:53:42.490Z","Port Harcourt","Web","45+"
"5fe4c1ff-a3a0-4b5d-a7e7-31aabc580f9a","2025-11-21T20:37:07.581Z","Benin City","iOS","45+"
"5a7f7360-8f0b-492d-96d7-36e7abbf0897","2026-02-28T04:31:04.010Z","Ibadan","Android","25-34"
"d5c8d9f6-9281-4cf9-a31c-a888990687b3","2025-11-02T02:47:32.652Z","Ilorin","Android","18-24"
"830dc3fe-3f6a-4f6a-9e9f-b82cd1055595","2025-10-25T06:42:59.049Z","Kano","iOS","35-44"
"6ba0ba8c-4cbc-4981-afe8-cb0a61b68210","2026-04-23T01:36:22.382Z","Kano","iOS","25-34"
"8d06290e-1251-4021-85c6-59b9ad692071","2024-10-01T20:30:29.403Z","Abuja","iOS","25-34"
"90e3e351-4f3b-4aa4-9070-a627dee70d6f","2026-02-13T02:11:30.702Z","Kano","iOS","25-34"
"9d3f1cb1-3980-452e-8bf7-b044f34eee9e","2024-06-22T11:34:10.021Z","Kano","iOS","18-24"
"64957f84-1560-4301-b60f-e99810d05a3a","2024-08-11T04:47:30.819Z","Jos","Web","25-34"
"28d04611-e9ce-43a2-9e29-710afca6e660","2024-09-17T20:10:07.914Z","Kaduna","Android","25-34"
"04fe0fc1-3b84-4732-a268-ca8bcb659276","2024-09-04T08:21:37.911Z","Ibadan","Android","45+"
"f8ccb739-7e1d-463b-8937-1282bfbb6966","2024-07-18T22:39:04.225Z","Ibadan","Android","45+"
"4e8fb6f4-a118-4dcc-8496-30e0fa5c9e51","2024-06-27T15:46:46.921Z","Port Harcourt","Android","35-44"
"2cf167ff-4719-4d18-94e4-95391ee54204","2024-10-24T23:35:27.147Z","Ibadan","iOS","25-34"
"62948378-f4c3-4f50-adf0-aca6ab493224","2025-02-15T20:39:15.218Z","Kaduna","iOS","18-24"
"ec8c679d-c6ed-417c-82f4-84e845b164dd","2025-05-26T12:37:15.144Z","Kaduna","Android","25-34"
"ab6d3f03-44ed-4451-b0e0-743e7ec0b52e","2025-09-25T20:10:45.846Z","Jos","Web","25-34"
"f3885f4f-bafe-4bc2-91b5-82d80a29b89b","2026-03-19T13:28:57.754Z","Kano","Android","45+"
"03b8a826-0857-406f-8279-67313178b05b","2024-09-03T03:34:04.771Z","Lagos","Web","18-24"
"52322b0c-3646-48cc-8bb6-477c55ffb877","2024-12-21T00:56:25.582Z","Kano","iOS","35-44"
"a679c4ad-cc27-4057-9a86-af7cb7cfeaaa","2025-02-18T09:46:18.127Z","Ilorin","iOS","45+"
"97a78ff7-7294-4197-8d39-3d3005a1f99e","2025-10-20T21:32:43.053Z","Ilorin","iOS","25-34"
"a334d669-6fd4-481e-9511-ee28b4f1cc57","2025-10-15T17:35:31.083Z","Abuja","iOS","35-44"
"5cdad280-0172-45c1-8ab5-103a9604d290","2026-04-23T02:04:02.035Z","Port Harcourt","Android","25-34"
"ce685808-1afb-4df4-83a1-7fa1fc85f174","2025-12-01T04:43:31.578Z","Benin City","Web","25-34"
"1f61f83e-b6a2-4732-8c36-5d47a567ea39","2025-06-27T00:24:56.008Z","Ibadan","Web","35-44"
"3db53249-d80c-4bb9-941b-7480101dd070","2024-10-21T01:02:26.288Z","Kaduna","Android","45+"
"af5becd4-e441-46d5-a0c0-57f515d10c98","2025-11-19T21:48:57.799Z","Lagos","Web","25-34"
"54ed1795-76ed-475f-b691-6bdbf50e3ac1","2026-01-28T04:15:27.163Z","Enugu","iOS","45+"
"dc68f9db-581d-4e7d-b674-defb7bd12493","2026-01-30T12:47:00.162Z","Kaduna","Android","45+"
"09d97a70-e0a1-4a64-a263-5e468e22211d","2025-11-22T05:13:28.684Z","Benin City","iOS","25-34"
"d4f73033-9248-48a5-9f90-9367f14ef256","2024-10-28T22:20:28.839Z","Enugu","iOS","18-24"
"cac32572-b390-4f9f-a241-81e818bef34e","2025-10-03T12:05:23.547Z","Lagos","Web","45+"
"45e43460-d079-44ba-b31e-f62b29763e2c","2025-08-18T15:16:45.579Z","Ibadan","iOS","35-44"
"c6cca757-551f-41e0-8027-bedf667310bb","2025-04-17T11:19:08.192Z","Enugu","iOS","18-24"
"3687b637-342b-47c2-8839-31192f107ce1","2025-02-22T17:17:39.496Z","Port Harcourt","Android","35-44"
"f4a0d0bf-8e32-406a-b6c0-1f106f380776","2026-04-27T12:58:51.697Z","Ilorin","iOS","45+"
"48f4f6ac-baaf-423c-9ab8-1366d5ed600c","2026-05-01T16:43:57.441Z","Ilorin","Web","25-34"
"0f550356-5fb5-4c66-9442-7879c9862e5e","2024-08-27T08:29:22.035Z","Ibadan","iOS","45+"
"c40bde8f-147b-41e4-8cf9-de3a7eaca2a9","2026-02-04T01:18:20.312Z","Kano","Android","45+"
"0d5d7105-98f8-4d50-9f7a-dbf34c8ec397","2025-03-15T08:24:16.410Z","Abuja","Android","18-24"
"fe1256ed-32bc-44a9-8391-328f7147356e","2025-01-30T06:59:16.919Z","Jos","iOS","45+"
"02490dae-8748-4660-b708-9e472b86be18","2025-07-29T09:11:58.920Z","Lagos","iOS","35-44"
"2eba9006-4b84-42cc-9ffe-baa153b50b68","2026-01-09T17:19:15.596Z","Kaduna","Web","25-34"
"d1673e4f-bf48-4722-a415-c5cd2350f923","2025-05-20T19:27:17.728Z","Lagos","Web","18-24"
"834412aa-c885-43e7-ba46-996d30f07239","2026-05-20T18:50:03.749Z","Abuja","Android","18-24"
"5a6409e8-b396-4969-a03a-f375371d25db","2026-05-21T05:08:31.037Z","Kano","iOS","25-34"
"51e77d74-d1cb-410f-9b79-61ff97906541","2025-10-03T11:04:10.170Z","Ilorin","iOS","25-34"
"619f6566-f546-44da-9776-6e72b7a2deab","2025-07-09T20:37:13.919Z","Kaduna","Android","25-34"
"86b7a19a-3f8a-4b17-9998-82e04b95bc9a","2025-02-04T05:33:08.429Z","Port Harcourt","iOS","35-44"
"3f6fc3a9-0ce5-44a4-8103-349278797f89","2024-11-17T08:24:59.661Z","Abuja","Web","18-24"
"573aaaaf-a126-44a9-be01-2d8f39cff18f","2025-01-16T14:32:51.110Z","Ilorin","iOS","18-24"
"919a6cd8-7127-4960-a84a-2152704ee38f","2025-02-06T21:37:12.233Z","Port Harcourt","iOS","18-24"
"5cbca2da-ce38-41a8-bb29-65ffb965c255","2025-07-14T07:40:38.532Z","Enugu","iOS","45+"
"a543f6fd-877a-4ef8-80d2-44e69297ded7","2025-08-10T06:44:32.813Z","Abuja","iOS","45+"
"c1026dcc-0397-4d20-a8b7-650ec7982c9a","2025-04-04T10:32:49.882Z","Enugu","Web","25-34"
"7e86f7e6-d274-4ba5-89d0-cae884732662","2026-03-20T22:44:11.472Z","Ilorin","iOS","35-44"
"2dbb4b11-14c4-467d-a120-614e35eedb5a","2026-01-21T03:54:23.565Z","Port Harcourt","iOS","18-24"
"4aa65e56-5155-418b-a26a-f4f5b02f8714","2025-03-21T10:54:24.001Z","Ilorin","Android","35-44"
"50a7f91b-d5ff-45d4-bc42-d9054832e35b","2025-12-05T21:31:53.332Z","Ibadan","Android","45+"
"209753df-2fed-4d75-af99-0a1e15ea9c1b","2024-08-16T10:09:42.958Z","Lagos","iOS","18-24"
"c67febef-8d90-4336-a457-07c9c3f4fa1f","2026-05-22T08:07:10.459Z","Kaduna","iOS","45+"
"52297627-5c05-498f-a606-b645902c513f","2024-07-29T16:37:37.804Z","Enugu","Android","45+"
"17cf7e96-1d58-4308-8404-9cd8d53ed411","2025-06-16T20:11:24.251Z","Kano","Web","25-34"
"fdca15d9-85ad-4af5-b0c1-bcea97571c5a","2026-03-14T22:54:07.565Z","Lagos","Android","35-44"
"a2e29606-dbb7-413e-93a2-78af6aad49cb","2026-03-21T09:51:35.946Z","Ilorin","Web","35-44"
"50037a13-60ab-4308-bbb7-45ff14d45ba7","2024-07-28T07:07:46.893Z","Ibadan","Web","18-24"
"9d1531da-4df2-4f82-a80c-1b5e8ec10bf4","2025-01-19T08:48:50.658Z","Lagos","Android","35-44"
"c11f68d0-cb83-4be8-b9c7-ccaef82b432e","2026-01-07T05:47:09.566Z","Abuja","iOS","45+"
"b0d1ed8d-b8e4-46a9-8999-a1958cf61bab","2024-08-29T19:51:20.526Z","Jos","Android","45+"
"e1876cf6-6258-407f-810f-c416a1a9e0aa","2025-12-12T11:05:25.556Z","Enugu","Web","45+"
"a9644449-5d02-4acc-a647-ada1b60d28a2","2024-05-26T23:20:48.508Z","Kano","iOS","18-24"
"2fda6121-fa1f-45ef-9042-14ca129646e5","2025-08-28T01:38:46.967Z","Abuja","Web","35-44"
"992e665b-6ac9-47d5-8078-c396b69b6b72","2025-08-19T22:19:44.431Z","Abuja","Android","25-34"
"51f778d2-a635-419e-9a21-ff9ca0554278","2025-02-08T16:30:50.483Z","Benin City","Android","45+"
"6a88d08e-38f7-4861-99ec-76cbf22cc39e","2025-03-29T09:47:40.886Z","Jos","iOS","25-34"
"3ff4535c-09b8-46e6-9e36-8516e4d6f716","2024-10-20T00:25:04.101Z","Kano","Android","35-44"
"17a22cb8-c64d-4b7e-914e-d7dcfed52498","2025-10-01T11:04:01.585Z","Abuja","iOS","18-24"
"d2fa542c-608d-4ade-a8c4-0123058aa2cd","2025-08-05T01:16:29.929Z","Ibadan","Web","18-24"
"e4eaed59-0272-4386-8870-abea037a1704","2025-02-25T12:45:29.987Z","Ilorin","iOS","25-34"
"b17d7fd0-558d-4525-b16a-7e7e295dbecc","2025-06-25T23:58:04.125Z","Lagos","Android","25-34"
"f245f1a3-f60c-4b54-ac86-427590ce4e5e","2024-08-24T20:22:11.691Z","Kaduna","Android","25-34"
"050c2bf6-873a-4af6-bb7a-aeef5e29adf9","2025-07-11T00:32:43.747Z","Enugu","iOS","25-34"
"e9ee7b89-9885-42ee-8b1d-5afc5483fa5f","2026-02-07T05:08:18.706Z","Kaduna","Web","45+"
"dcb84462-6703-4db5-a034-8d6b73af5394","2025-01-21T20:08:37.872Z","Jos","Android","35-44"
"e2bc2835-fc2a-4fe0-8b69-7effe3639e59","2024-11-01T05:59:58.238Z","Abuja","iOS","45+"
"47685057-408b-4133-95a2-a3a566beb340","2024-08-27T15:10:32.870Z","Kaduna","Android","35-44"
"5c0e89b8-7c47-47b7-8fc4-893913ee75e9","2025-02-05T02:42:11.554Z","Kaduna","Android","25-34"
"e564f858-2d6d-4df9-af09-f30f644a8a4f","2024-07-10T21:46:07.466Z","Port Harcourt","iOS","18-24"
"f72ae927-a9ad-4c3d-95b6-b18eb73c0938","2025-02-12T09:02:10.460Z","Enugu","Android","25-34"
"e0f23e00-3880-4165-9831-c3a3415b8924","2025-03-17T04:39:17.328Z","Benin City","Web","25-34"
"59bee681-fa41-4bf0-8278-7a4f9d7fa8bf","2026-02-27T12:14:06.882Z","Benin City","Web","45+"
"169b9b43-f3a7-4cec-bb65-b9e4f87d0027","2025-08-15T02:58:20.354Z","Jos","iOS","45+"
"9d4dc98c-39e5-4a39-bc98-8217366193bf","2025-05-16T09:31:36.494Z","Benin City","iOS","35-44"
"d03a7b8f-0df1-4c16-a4e0-f7f80624745a","2024-06-08T00:47:38.854Z","Kano","Web","18-24"
"4820cd3b-0599-430a-82c3-c2d8956b1058","2025-07-18T16:26:00.541Z","Kaduna","Web","45+"
"69f0d068-52ae-44b6-a087-7d4c0a24933b","2025-06-21T21:46:53.822Z","Enugu","Web","25-34"
"ad3ad1e9-3e19-4503-8e9b-f23ef422b3d4","2024-11-13T16:15:48.239Z","Jos","Web","18-24"
"b44db82e-2657-451e-ba1f-f824a43921ac","2025-04-30T17:40:55.305Z","Kano","Android","18-24"
"3e9c43b4-154b-4746-99d9-55ccfe1bdbe4","2026-03-08T14:42:29.772Z","Port Harcourt","iOS","35-44"
"2bdb4068-2264-4460-9710-8fa6e7224082","2025-11-20T09:07:21.568Z","Ibadan","Web","25-34"
"dddec03e-0f28-48e9-9975-3b2369d9cbca","2026-04-22T00:02:34.671Z","Lagos","iOS","35-44"
"dc7df401-ac28-4fc7-8606-fe4eb6a9a38a","2024-12-04T04:29:05.024Z","Ilorin","iOS","18-24"
"8f2d56de-2ac9-443e-b1b2-d8046a194c93","2025-03-13T03:12:37.013Z","Kaduna","iOS","35-44"
"5b849867-8a96-48a2-9d92-69202901f4d4","2026-05-20T05:39:55.051Z","Jos","Web","35-44"
"f483fb41-6855-4ecd-8e74-c20e6647c220","2025-11-01T07:59:15.896Z","Ibadan","Android","45+"
"e11fcc6c-f39c-4b97-bd8e-c06d46cc2625","2024-09-01T05:24:30.873Z","Benin City","Web","45+"
"5726bfb3-2b4e-47a5-b8a9-588663745536","2024-10-29T02:52:18.725Z","Benin City","Android","18-24"
"98ce09af-7037-4d15-b603-fc5d2a67caaf","2025-05-11T01:37:36.910Z","Kano","iOS","35-44"
"7399f473-c2b7-4b9c-a1ad-55241195ea0f","2026-01-16T09:18:55.591Z","Enugu","Android","18-24"
"09bec426-64a4-4dca-894b-ff0aa9c14006","2025-07-31T14:09:24.774Z","Abuja","Web","35-44"
"52347b3d-6cd1-4056-b438-38a71e3d9d7c","2026-02-26T11:15:43.146Z","Ibadan","Android","25-34"
"5b06308a-b6f5-4893-b25e-b450acf52480","2025-02-21T22:32:24.674Z","Abuja","Web","18-24"
"978b79eb-b853-445b-923f-e610870461c6","2026-05-07T06:43:11.000Z","Ilorin","Android","25-34"
"e301e35e-6140-42b5-bf8c-58d374ff0bcb","2026-04-17T04:52:37.384Z","Kaduna","iOS","45+"
"a77fff73-e2c3-41c5-9330-f7d4be80479b","2026-04-14T16:40:31.269Z","Benin City","Android","18-24"
"edffa378-9a8f-4208-8822-9b919addbcf5","2024-06-14T06:57:35.058Z","Benin City","Android","18-24"
"02e85d5a-f8da-4079-b36e-31c1601a5a49","2026-01-16T13:03:57.285Z","Enugu","Web","35-44"
"2f90d331-02ea-442a-af2f-06c1569e1da9","2024-10-18T07:45:45.646Z","Jos","Web","25-34"
"4ba4e621-61ba-4e14-bc12-63ba984c2da8","2026-03-02T02:26:23.596Z","Benin City","Android","18-24"
"e9bab84c-5fa7-41d5-87b4-d1b45be7203b","2025-01-04T04:57:49.869Z","Ibadan","iOS","18-24"
"366600b8-deb5-4717-b46c-112b53739ebd","2025-03-18T12:30:47.473Z","Benin City","Web","25-34"
"46588aed-649c-4f09-80f8-34c2a01c4bef","2025-07-14T00:06:00.002Z","Abuja","Android","45+"
"667aab10-526e-4101-8355-267cc8950132","2025-12-24T09:25:13.290Z","Kano","iOS","45+"
"3ac3a7ad-65f8-450f-b83d-0eec9dedad68","2024-10-31T18:19:32.241Z","Jos","Web","25-34"
"353a09f5-f41d-40fa-9fdb-5e2cb295caa3","2025-05-10T07:03:55.712Z","Lagos","Android","35-44"
"ffe8bb92-5ad2-43e1-b960-706df7370412","2025-08-05T20:15:26.429Z","Benin City","iOS","45+"
"6f857778-18c8-4d60-b28e-947704383f70","2024-07-26T10:38:44.260Z","Benin City","Android","18-24"
"ee1c0ce2-17e8-41d3-91f1-479bf32b28bc","2024-12-02T14:00:10.291Z","Jos","Android","35-44"
"d433d030-da39-400b-be9e-57f811d95eeb","2026-03-28T02:31:21.274Z","Jos","Web","18-24"
"6e7c24d3-02cc-428f-ab22-6122569fc880","2025-01-08T17:31:52.819Z","Lagos","iOS","35-44"
"9761acdb-aef8-4125-a4ac-60f48a7b5de5","2025-08-15T18:49:56.664Z","Port Harcourt","iOS","45+"
"6bff1fdb-1618-4d65-83d7-c1b129a72c19","2026-01-11T07:00:15.787Z","Ilorin","Android","18-24"
"0a4f424c-2fc7-4dc5-a268-ed80c85ebaae","2025-07-11T15:47:38.281Z","Kano","iOS","18-24"
"5e57baba-a7cb-48e3-a18e-ada29b05f416","2024-06-12T12:15:09.363Z","Ilorin","Web","25-34"
"3352249c-a382-45f0-8348-0312a2d66e61","2024-08-19T10:23:29.613Z","Benin City","Web","18-24"
"3bb88221-f17a-45f6-8ecd-c9c19b0353f7","2025-03-01T16:04:59.152Z","Ibadan","Android","18-24"
"2fff6a4f-2e8e-41cb-8dd0-22218ed4a8e9","2025-04-29T08:53:57.124Z","Jos","iOS","45+"
"592514ea-d0e6-44cb-86f9-6770e4a57ff1","2024-12-06T18:54:19.243Z","Ibadan","Web","35-44"
"c251f9df-5cb1-4805-88f4-6b583698dcfd","2025-07-14T07:35:30.168Z","Enugu","Android","25-34"
"bd574d91-cf3e-41fe-8ed6-3b90780fd4ac","2025-10-01T14:31:56.966Z","Ilorin","iOS","45+"
"19d7ee1d-9183-4a44-8d1f-d4f2e7ed7a91","2025-05-21T10:05:25.700Z","Port Harcourt","iOS","45+"
"3e121e06-9482-4555-a245-245db0b9b81b","2025-05-24T07:57:51.796Z","Kano","iOS","25-34"
"eff9c210-788a-4731-9e23-614bd3745b5c","2024-10-16T21:39:56.284Z","Kano","iOS","45+"
"5a8b8f57-c57d-424e-82ef-f1a48a4813aa","2024-06-15T11:16:28.206Z","Abuja","Web","45+"
"88e157de-2b3d-40e7-9399-96fd3f3ebbd3","2026-05-23T05:51:53.690Z","Enugu","iOS","35-44"
"dc18c020-d7f4-42ec-b797-9e0993eb1a9d","2024-07-20T20:35:52.260Z","Ilorin","Web","25-34"
"281cfc29-172d-4923-a230-a16b508ebc32","2024-07-19T04:41:07.465Z","Lagos","iOS","25-34"
"38089aa6-2be2-4203-80e5-c8eab70794aa","2025-07-25T19:55:33.980Z","Lagos","iOS","45+"
"773286da-a77c-4fed-a5ab-5aa8f374fc8b","2024-11-07T04:52:48.071Z","Port Harcourt","Android","18-24"
"02b29c2f-3aad-49e4-a51e-f2b61bdf3580","2025-05-23T02:06:05.937Z","Ilorin","Web","45+"
"cd3e388d-fbc6-4c77-81f7-5b4ba483f251","2024-11-21T16:57:23.739Z","Kano","Web","35-44"
"7cd39327-cafc-451a-9835-0d327d20e578","2024-12-08T23:11:16.311Z","Abuja","Android","45+"
"942d175b-9661-4d05-b113-d74ce5597dd7","2025-04-21T06:01:50.016Z","Enugu","iOS","18-24"
"ec303da7-acd3-4bbb-91da-0fc13a7bbaac","2024-09-07T06:29:05.966Z","Ibadan","iOS","25-34"
"d1bbf157-2b13-4666-97f2-84bc889f60c0","2026-05-11T03:58:18.143Z","Jos","Web","25-34"
"1d7e907f-2b6d-4bbd-a211-07fe022089c2","2025-05-22T13:13:17.689Z","Benin City","Web","35-44"
"607c8d58-b2bc-4e25-a1d5-c0a287779479","2025-07-13T03:49:17.581Z","Kano","Web","35-44"
"0b27fcd7-e132-4ef1-812c-b6a86ce96e49","2026-05-25T04:34:48.368Z","Ibadan","iOS","35-44"
"1b2e04a0-bad9-48d6-832b-11fee0ddcd27","2024-12-17T23:28:20.831Z","Enugu","iOS","35-44"
"5f7a13ee-334a-498b-9110-da5c1d65d095","2026-04-11T18:56:13.522Z","Kano","iOS","18-24"
"dbcff9c1-f593-466c-a982-d14b91a3a9b6","2025-12-15T21:38:29.041Z","Jos","Android","18-24"
"1ef913d2-e2c8-411f-b489-496b95851e08","2024-12-05T13:13:04.395Z","Kano","Android","18-24"
"93173449-8820-4657-9cb6-87d705e93ef7","2026-05-15T13:09:11.943Z","Lagos","Android","25-34"
"caa2b899-da9d-4081-9a66-e3d808f02107","2025-02-16T01:19:12.594Z","Kano","Web","18-24"
"539da2e2-7766-4712-a75a-35b968399ae9","2025-01-30T07:53:30.168Z","Port Harcourt","Web","45+"
"d6e75889-a176-4c90-b29c-430e3e761b76","2024-06-26T09:23:43.053Z","Abuja","Web","25-34"
"dd6c93b2-1e7a-4821-993d-5cbe00261c42","2025-11-19T03:32:35.135Z","Lagos","Web","25-34"
"a8184b2b-9adf-4945-bcbf-b613ce2d9d29","2025-03-17T04:40:11.077Z","Benin City","Android","25-34"
"968ddd0e-efa4-486e-bb0a-ceec1ebd3e2e","2024-11-05T21:08:32.267Z","Ilorin","Android","45+"
"04d285ec-c8d7-41da-aa71-ac4fa26a37dd","2026-04-22T07:05:26.321Z","Ilorin","Web","25-34"
"0612b1e3-c900-47be-bf5e-b5f5a016cbb1","2026-01-21T06:56:20.358Z","Kaduna","Android","25-34"
"a29ca92a-c285-4103-9fb0-b3a9a4d2b99d","2026-05-05T05:31:38.465Z","Abuja","Android","45+"
"e59cd55d-a3f8-456f-bd4f-25d5552aeec5","2025-10-24T19:12:34.193Z","Port Harcourt","iOS","18-24"
"98f5dcee-5d03-41d2-9d43-78d06f0ada92","2024-11-20T01:14:12.565Z","Port Harcourt","Android","35-44"
"020d5112-5b64-4ac0-8eb1-4a80446b88ad","2025-02-01T07:12:49.598Z","Jos","Web","35-44"
"8d4366ee-8cfe-46ba-9180-eb5a80b4090f","2024-12-13T15:56:04.747Z","Enugu","Web","18-24"
"9b6a762b-5860-4825-a473-355f96b81389","2024-09-13T20:51:22.979Z","Ilorin","Web","18-24"
"4538da6d-44e4-432c-b7b1-8ce05650413b","2025-05-13T10:54:29.681Z","Lagos","Web","18-24"
"20bb0ce9-fb00-4c66-aaca-e3dd55a4f44c","2026-04-10T15:44:18.562Z","Kano","Web","25-34"
"c225d923-844e-4a9c-aa84-88ac096e19ca","2024-11-19T14:19:24.986Z","Kaduna","iOS","18-24"
"faa08045-e2b5-4497-b948-35d592315b85","2024-08-24T03:56:25.512Z","Kaduna","iOS","35-44"
"699c2d18-8fa1-4c0b-9fe9-e1628a3d822e","2025-03-10T22:49:59.633Z","Jos","Android","35-44"
"615f296e-e6b1-478f-8f5d-18c0408af909","2026-05-13T06:42:26.539Z","Benin City","Web","45+"
"f50f53c9-a875-4ff4-97ce-ada71af9f3fe","2026-04-15T08:22:19.892Z","Kano","Android","25-34"
"f6df9348-9d47-4493-8334-20dcf3afb1d3","2026-05-19T04:48:41.122Z","Abuja","iOS","35-44"
"41f0e35f-4b0c-4e07-add8-f48b39ca48d4","2024-08-31T18:37:11.062Z","Abuja","Web","18-24"
"03649f99-6496-460c-b287-4dab250643ae","2026-03-11T11:39:36.059Z","Abuja","Android","45+"
"235801cf-d252-4541-a51d-b5e6f63b7a7e","2024-08-18T15:13:56.228Z","Kano","iOS","25-34"
"31135e75-a54b-4d79-b505-6e4b218eca7d","2024-11-23T21:12:16.833Z","Abuja","Android","35-44"
"be77632f-165c-4a20-81e6-d956756ea1d0","2025-06-13T07:39:42.654Z","Benin City","Android","18-24"
"c9785e07-7382-494b-b115-91a78274271f","2026-05-01T23:18:26.598Z","Lagos","Web","45+"
"a0629954-17f9-4433-b3b7-8b4bb645e2a1","2025-10-11T05:39:01.363Z","Benin City","Android","25-34"
"868d0bcb-1253-4903-ac82-0b184eb27f29","2025-06-29T12:56:28.857Z","Ilorin","Web","25-34"
"c0b05a7e-f886-4dd3-b160-5c099e388e59","2025-07-07T14:56:18.275Z","Jos","Web","25-34"
"2d1aa6a2-0924-4c32-829f-6aae35b6b254","2025-06-02T12:52:50.001Z","Port Harcourt","Web","45+"
"3add5ed6-9deb-4e33-ac30-9cdae7dc7096","2025-09-17T17:12:05.163Z","Ilorin","iOS","45+"
"ede0d9d5-bba5-4796-8f54-2f48c690ba1a","2024-10-04T00:42:37.133Z","Port Harcourt","Web","45+"
"121597a5-6d28-48d5-9abe-cc9d473c5883","2025-08-11T21:58:49.066Z","Benin City","Web","25-34"
"81a886be-c094-4be3-88ae-b136e17f5aa5","2025-12-06T01:11:05.775Z","Benin City","Android","25-34"
"3363fee8-a3b4-4d66-b689-376b62a2c717","2025-03-03T17:45:13.789Z","Ibadan","iOS","25-34"
"49265371-241b-456e-9187-b0cb40a6b80c","2024-08-16T06:41:04.196Z","Benin City","Web","18-24"
"af6ee7d5-b841-41a4-95d9-2ebfaa00d99a","2026-02-19T08:28:14.312Z","Jos","Android","45+"
"6430bac4-9920-4a68-ac00-ff532b45993e","2026-03-04T11:28:12.759Z","Enugu","Web","35-44"
"f72c455e-a2b0-435e-84e7-30afbd3c8306","2025-10-19T14:46:38.347Z","Port Harcourt","Web","45+"
"dc90652e-18e9-43c4-815f-23ffb0b851ad","2025-09-09T20:52:58.065Z","Kaduna","Web","25-34"
"2c97c758-a18c-403c-a5c8-01d8acbe502f","2025-07-15T23:09:57.059Z","Jos","Android","25-34"
"d2636352-efb7-48e3-a7f3-ca897e3d7eb4","2024-11-02T06:47:40.708Z","Ibadan","iOS","18-24"
"e19589a3-1fe1-45aa-a2f0-ee820aa38a50","2026-04-23T15:20:56.842Z","Benin City","Web","45+"
"e2b1f53d-7c73-4284-949d-c311f9b7c9dd","2025-09-22T23:36:15.950Z","Kaduna","Web","25-34"
"3c5c094a-4ca9-40ca-bbc1-d02590f3ba94","2025-11-02T09:30:32.623Z","Kaduna","Android","18-24"
"290fedd6-9c1c-4a4c-bce4-3228d2c8f671","2025-09-25T04:40:50.847Z","Ibadan","Android","18-24"
"1bc09b19-2920-4fc4-b15f-7af1fd7ff412","2024-08-01T09:10:00.570Z","Port Harcourt","Web","35-44"
"cfed2074-9bce-4b71-8eb3-46968a9f9444","2025-07-14T07:41:54.758Z","Ilorin","Web","25-34"
"ce79b4a9-23aa-465a-a783-eb99d9ef437e","2026-03-14T04:41:04.409Z","Jos","iOS","25-34"
"5a2f6776-32f0-4121-9666-8ac9db70be45","2024-10-08T22:25:17.036Z","Jos","iOS","45+"
"cd1bd9d0-20bf-448c-beb8-e5b96a02aeb4","2025-04-11T07:27:31.629Z","Kano","iOS","18-24"
"4e836ccb-d115-4501-ad9a-e73d5cc62b4a","2024-07-29T04:37:15.964Z","Kano","iOS","25-34"
"41476a98-1004-4854-81e4-e8104cf1f9e9","2024-11-20T03:30:23.456Z","Ibadan","Web","35-44"
"f8a5b2e5-d7f9-4e44-8a7b-2f0df0e00d44","2025-03-11T21:58:28.733Z","Abuja","Web","25-34"
"e9aff79d-b242-467d-846f-7df28b2d3577","2025-10-17T19:14:51.553Z","Jos","iOS","25-34"
"ca1d04e7-e490-416b-98bd-052a29d0382e","2025-02-04T11:39:17.562Z","Ibadan","Android","45+"
"4a93bb7d-495f-4af4-b0a2-91da40c87e1f","2026-05-14T03:04:50.526Z","Port Harcourt","Web","25-34"
"3481abbc-d03d-4fcb-b20d-66f1d26f7e5f","2026-04-20T23:21:50.591Z","Benin City","iOS","45+"
"a0c6454d-e1c8-470e-8666-34f0689cfa25","2025-02-02T16:55:22.166Z","Benin City","Android","18-24"
"1f20b85d-69c1-455c-8b0d-b08835d6b877","2024-06-12T08:27:22.077Z","Jos","iOS","45+"
"1b354cbb-e77c-4534-be17-ac92a63472ff","2024-10-13T03:50:07.404Z","Ilorin","Web","45+"
"0b796047-f949-4c8b-91f8-120ae1d04b93","2025-04-19T04:56:19.552Z","Ibadan","iOS","18-24"
"d2ec33ed-01c2-49fe-88b7-6f7a1834256b","2025-06-27T09:02:25.371Z","Abuja","Android","25-34"
"f5f4182a-b0fd-411f-91b9-00ae8f14f1e0","2024-08-09T04:21:43.727Z","Kano","Web","18-24"
"4a739135-a6b5-41ea-9656-7b5fda995db5","2025-05-27T03:40:10.431Z","Ibadan","iOS","18-24"
"eac2ddb6-90e2-408b-926d-57b4fbf21793","2024-06-01T02:01:11.030Z","Ibadan","Android","35-44"
"2fee2c9e-a4a1-469e-ae6f-5685d2b63a6d","2025-06-18T17:24:55.744Z","Benin City","iOS","35-44"
"ae1f3e97-4c14-4983-92de-290b5981a858","2025-07-24T04:04:35.674Z","Jos","Web","18-24"
"201a66ce-e25b-4b62-a59c-ca9b3717c641","2024-09-06T09:08:51.792Z","Kaduna","iOS","35-44"
"3653122d-5399-4597-acea-cb7913358376","2025-04-15T08:17:04.768Z","Kano","iOS","45+"
"32095581-0072-4b10-ad14-caaaff69c183","2025-05-28T19:47:22.894Z","Enugu","Android","45+"
"1c9dfff6-45ee-4013-8e86-6c107d5942c6","2024-08-14T04:45:47.879Z","Port Harcourt","Web","35-44"
"64ac82ce-81da-47e5-9cb5-c3f1b7a0f216","2024-09-04T14:06:22.979Z","Ibadan","Web","25-34"
"090abf03-315d-49d5-8adc-bf7a94e1fd35","2026-02-16T09:21:47.301Z","Kano","Android","18-24"
"a93abb37-492d-40d9-b419-85a9fc9857ce","2026-01-21T22:37:19.976Z","Benin City","iOS","45+"
"1f08e10f-17d6-4268-9cb7-a7a82cd756b2","2024-07-21T15:25:23.285Z","Lagos","Web","45+"
"1b5d7a4b-f57e-41f5-9221-e2ce29ed226d","2024-10-19T03:41:28.936Z","Kaduna","Web","25-34"
"e012650f-60fc-4506-baa9-9b4895cef2b9","2025-04-03T09:34:17.738Z","Jos","iOS","25-34"
"5e02fccf-4525-4d12-a72b-134c14ffcee8","2026-05-18T19:48:35.392Z","Jos","Web","25-34"
"005caa42-7419-4567-bfbb-0efbc5912a41","2025-05-31T01:55:13.719Z","Benin City","Web","25-34"
"ac78dbe8-5d56-44cc-922e-cb81a46b2225","2026-02-28T13:26:29.867Z","Benin City","Web","35-44"
"d341a8ec-4ca0-4e82-b20c-91a758e4089c","2025-09-17T17:34:13.399Z","Enugu","Web","35-44"
"740c83f2-a315-44bc-bc5f-867583768dd5","2024-10-16T06:23:05.026Z","Kaduna","Web","45+"
"c78da444-8983-415c-afd8-41bdd929717c","2025-07-11T02:39:15.214Z","Lagos","Android","45+"
"7b884d5c-cc0e-4910-9453-78df66047cc8","2024-05-25T14:23:28.012Z","Benin City","Web","18-24"
"ee617ae1-d579-4c51-9adc-b117666c840e","2025-01-07T08:18:40.055Z","Benin City","Web","35-44"
"64f650cc-7f8a-4d58-a04c-bc79eb5ba507","2026-01-23T23:12:42.533Z","Benin City","Android","25-34"
"df10a914-fb3a-4163-af3c-cace9f752570","2025-02-03T01:11:59.880Z","Enugu","iOS","18-24"
"b74cedc5-b105-43c3-9871-ab2209f8c379","2025-06-10T15:38:52.570Z","Ilorin","Android","25-34"
"f19911c5-90ff-4181-bde7-f8a095b97cf5","2024-06-20T05:13:06.737Z","Ilorin","Web","25-34"
"b90a88d9-7d21-47ca-ae32-3494ca5c7d73","2025-12-24T10:14:04.634Z","Kaduna","Android","35-44"
"005b641c-c5ec-4b65-a261-9d5d780339eb","2024-10-16T16:24:10.360Z","Jos","Web","18-24"
"98871c01-e01c-4c38-943d-94057ddaddb6","2025-10-30T13:38:00.377Z","Ilorin","iOS","25-34"
"b1edb684-b1c1-4123-9077-1052ce2ac0ee","2024-12-17T22:40:39.144Z","Benin City","Android","35-44"
"35ea4561-22d9-48aa-93d4-2566fbaa0c90","2025-10-02T10:18:14.383Z","Enugu","Android","18-24"
"fdc4606a-3063-4eae-ba42-977c186841c0","2025-02-11T06:50:12.447Z","Lagos","Android","45+"
"96000f9d-04d3-41b5-b371-ad9ae3594b5b","2026-01-09T23:40:47.355Z","Lagos","Web","45+"
"03af3981-5fcf-4bc7-8f82-efbabdcc093d","2024-10-20T21:13:06.206Z","Port Harcourt","Android","45+"
"1867ed51-879b-4a03-916e-94dac294ae14","2024-09-07T12:54:36.022Z","Kaduna","Android","18-24"
"11944d75-351a-426a-b7ab-0ce7a53e49c7","2024-12-15T20:23:29.024Z","Port Harcourt","iOS","35-44"
"c5671dfa-58e4-4539-a0e0-937a4d6a4676","2025-12-25T14:23:32.371Z","Jos","iOS","18-24"
"8827a5fd-2979-4ef5-80d7-13e62e44261c","2024-06-07T00:58:35.354Z","Kaduna","iOS","45+"
"5d939b79-5043-4148-86ce-5921c4d7b7bc","2025-08-15T08:20:34.737Z","Lagos","Web","35-44"
"24a23061-961c-4295-b8b1-5fe143f650bd","2024-09-01T20:25:13.510Z","Lagos","Web","18-24"
"5399d808-e7da-4255-8f8a-74218573f342","2026-04-06T09:07:06.758Z","Kaduna","iOS","35-44"
"5fae57be-5390-4f9b-97ff-d95208278306","2026-05-15T23:58:50.812Z","Ilorin","Android","45+"
"3830341f-f748-46d7-8fa9-2d629f1c4a7e","2024-11-17T22:36:03.572Z","Ilorin","Web","45+"
"f4eaba8f-9eb6-4e95-a3fb-5ff5462a033c","2025-03-25T02:30:54.176Z","Lagos","Web","25-34"
"9dc87d46-c253-4e8c-9b8c-729d4b531c8a","2025-05-15T23:06:21.801Z","Lagos","Web","35-44"
"f7696c23-3d96-4bf0-b1f6-f4d1cf73f637","2025-05-02T23:01:24.509Z","Benin City","Web","25-34"
"5db969dd-2f48-4506-b2ad-75b446769371","2025-06-17T20:18:49.068Z","Kano","Android","18-24"
"0e7dfab2-ecd8-4a72-a63f-ef6603c14742","2024-08-11T10:39:09.807Z","Kaduna","Android","25-34"
"53796556-4411-4955-8c49-b5c72fee83ec","2026-02-07T07:19:46.121Z","Lagos","Android","18-24"
"98eeb58a-72af-4537-afe6-f8daf1d42f1a","2025-12-29T09:56:43.140Z","Jos","iOS","35-44"
"75cda239-514c-47f8-9e5a-36eca78e12ef","2025-07-25T04:41:31.684Z","Benin City","Web","35-44"
"858978e3-45c8-44c6-8e2e-60c2e275a921","2026-02-05T18:21:42.140Z","Kano","Web","35-44"
"a57fdca9-07f6-4975-b30e-642926f70307","2026-03-30T09:25:07.186Z","Kano","Android","45+"
"cfc7d55f-37e3-4a7a-b712-5bd5a453356d","2025-04-07T01:27:56.403Z","Ibadan","Android","35-44"
"1a969aef-610e-4113-8fed-31c1bc50ee81","2025-10-04T21:01:37.057Z","Lagos","iOS","35-44"
"1cd98cae-a119-4428-92d9-9dc2bc5b0e50","2025-02-05T08:13:11.674Z","Ilorin","iOS","25-34"
"51e36c0a-62f8-498a-ba66-49b39ee585f3","2026-05-17T03:31:01.791Z","Kano","Android","25-34"
"93220a1c-6c5f-4c93-ac6a-cff47377dc3b","2026-03-19T09:48:11.930Z","Kano","iOS","25-34"
"a4f4f358-d01d-495f-b9e0-c1be64fe8a67","2026-02-03T07:53:28.500Z","Ibadan","Android","25-34"
"b525eda4-c655-47d1-9c7a-0090c8a913d4","2025-09-28T02:12:04.188Z","Jos","Android","18-24"
"50f80b33-dde8-4064-8240-680aa3ad08bf","2025-12-19T04:23:59.118Z","Port Harcourt","iOS","18-24"
"983b85e7-42dd-452d-9324-f331b5442140","2024-12-19T07:15:53.748Z","Lagos","iOS","18-24"
"bf352929-4837-4f18-9ce1-cf741a4241d4","2024-06-06T12:37:56.591Z","Kaduna","iOS","35-44"
"89304a32-afa2-45a1-8161-417dd84e6ace","2025-05-20T02:52:46.743Z","Lagos","Web","18-24"
"175aeff8-1557-4246-94bb-c5decd938592","2024-10-07T22:43:47.361Z","Kaduna","Web","25-34"
"30cb912a-ea42-4562-8d10-2cf5cd03805f","2024-09-27T01:43:39.156Z","Enugu","Web","18-24"
"fd5c8820-6126-417f-8853-f8881d24541e","2024-06-26T12:25:01.452Z","Kaduna","Android","18-24"
"ac000b63-ea4d-4919-b55e-6aa2d60f5bec","2025-09-06T17:52:39.544Z","Ibadan","Android","35-44"
"90c170d0-3119-47f2-804b-9663e9746e9d","2025-11-22T08:08:49.878Z","Abuja","iOS","35-44"
"6e0b9791-83ba-4550-ac83-ea6f53c76a1d","2025-07-08T08:50:31.609Z","Ibadan","Web","25-34"
"3557eedd-93f9-48aa-9681-1cb33d173788","2025-10-18T07:34:35.142Z","Lagos","Android","25-34"
"c4b97b2d-b010-4209-83a9-098ad99573da","2025-10-29T21:01:27.181Z","Port Harcourt","Android","18-24"
"734fde3a-4a83-414c-8816-30e92b4f8c27","2026-03-29T07:03:47.701Z","Port Harcourt","Android","18-24"
"7d21aa30-1c76-416b-90a0-621dc5fa4d9b","2025-06-06T11:33:33.943Z","Jos","Web","45+"
"4a16adc4-36b5-43d5-9013-4c33a4e44f50","2025-07-21T14:57:39.472Z","Abuja","iOS","25-34"
"22c84956-6e5a-4a5f-9c2e-4573dda78698","2026-02-28T21:16:52.915Z","Abuja","Web","18-24"
"a6b54651-c41d-43e1-8292-6eecd21011c2","2024-06-28T05:07:54.473Z","Jos","Web","25-34"
"d4837dc1-74bc-431e-a321-a26daf8f8297","2026-02-02T18:18:45.367Z","Port Harcourt","iOS","35-44"
"377e4dd7-30b8-4058-8293-4e6321ad1774","2025-11-06T00:41:33.748Z","Lagos","Web","35-44"
"5d2b5847-4bee-4c3f-8f2d-79c7012d5200","2024-08-20T01:43:05.313Z","Abuja","Web","25-34"
"95f49d93-c05e-4ecd-8919-d946700268c0","2025-06-07T22:12:41.427Z","Ibadan","Android","25-34"
"a00cde3c-d90e-411b-9159-752998c2b4ba","2025-06-17T14:24:52.060Z","Ilorin","Web","35-44"
"09480330-276b-4d0a-905a-9e9b4d14cebc","2025-01-25T18:32:41.077Z","Enugu","Web","25-34"
"12ee7caa-2e25-4b3a-8105-51a12fe7a86f","2024-11-25T06:55:08.597Z","Enugu","iOS","45+"
"d562c273-56de-48cc-b390-b3b712bfcdf9","2024-12-25T14:45:01.395Z","Kano","iOS","35-44"
"42527913-5200-4c16-8f75-ceaceda83d29","2024-11-04T04:49:14.939Z","Ibadan","iOS","35-44"
"7f1e8250-5968-46e1-983c-4447974104ca","2026-03-20T12:22:14.017Z","Ilorin","Android","25-34"
"f128e7cb-a58e-4bff-aaaf-7578c46fc3d8","2025-09-25T16:43:29.740Z","Benin City","Web","35-44"
"aaab4005-fc22-49e6-b111-eb7211a7f537","2024-09-10T09:38:32.862Z","Ibadan","Android","45+"
"7ca315bc-dca1-4958-bce5-be287efcb5b2","2025-01-03T14:04:10.687Z","Enugu","Web","45+"
"6bf8e3e1-10f3-4a78-abe9-736aa4a23fbe","2024-10-27T22:08:13.102Z","Ilorin","iOS","35-44"
"ab0a67fc-2dd9-47dc-b3fd-6322750d5e63","2025-09-02T20:39:19.210Z","Jos","Android","35-44"
"c6cdc918-6627-44de-81fb-78c49a97ea85","2024-10-28T03:26:12.192Z","Abuja","Web","45+"
"507649e0-ea4d-485f-8e6d-8925f162b1ec","2025-05-25T01:33:55.175Z","Benin City","Android","18-24"
"eec8141f-a3da-4c0b-8f42-30d4e38973bc","2026-01-08T18:33:32.811Z","Jos","Web","35-44"
"2c3cd293-0383-4d12-9f19-38c48bdfcf9e","2026-03-29T19:49:42.404Z","Benin City","iOS","18-24"
"20cc6ed2-631b-4186-be99-d2e57aebfd31","2025-08-05T19:12:25.951Z","Jos","iOS","35-44"
"48aed9ea-a749-4f0e-bc42-2aad92b7cc29","2024-07-13T13:39:30.537Z","Enugu","Web","35-44"
"5fa10989-573f-4a32-98de-e1a1711bb281","2024-06-09T00:45:03.574Z","Jos","Web","45+"
"ef0b98e3-eb23-43d8-b64a-2fc5e89a4c37","2025-06-17T13:18:38.805Z","Benin City","Web","45+"
"1c860f32-e033-4607-b40d-5102ebdebc1f","2025-12-05T20:52:25.410Z","Port Harcourt","Web","25-34"
"2f8b8b5b-980e-44d4-b897-38485ad24211","2025-09-07T11:13:44.108Z","Port Harcourt","Android","18-24"
"001e94af-0a75-4a69-916d-5e6d725ab0f4","2025-07-07T03:10:57.234Z","Lagos","Web","18-24"
"2d8874bb-8922-4d7c-ba4c-e7bdba35224f","2024-12-12T01:35:30.368Z","Abuja","Web","35-44"
"f2a7b9fc-3768-4fe7-b562-ddccf336aa99","2024-08-13T18:50:38.108Z","Enugu","Android","25-34"
"b427da3f-fadb-40c8-9e85-a53b2e66f717","2024-09-19T02:52:07.781Z","Jos","iOS","45+"
"f29081dd-3ef9-4c27-9d81-b1d55f3dd9c7","2025-04-01T09:50:07.025Z","Ilorin","Android","45+"
"da7d2199-7998-4e06-82b5-f6a3e3be373e","2026-05-04T00:07:42.465Z","Ilorin","Web","45+"
"60e8ddae-c307-420f-9e8d-1bd76953cbcb","2025-03-28T21:47:21.329Z","Kano","Web","35-44"
"79ab6620-ca9f-4120-851c-3e383edcbbc0","2025-05-09T22:18:19.680Z","Enugu","iOS","18-24"
"693f17c6-65a9-4411-8366-7ec8f2af5648","2024-08-12T00:19:25.117Z","Enugu","Android","25-34"
"a9841a31-c601-4a17-8867-75276b2b0506","2024-11-01T23:41:03.837Z","Lagos","Web","25-34"
"3b0d1fb5-dc7c-410f-a4ec-7fd6b9fb35c3","2025-02-13T18:15:47.157Z","Jos","Web","45+"
"a5c9d8da-968e-4aae-9e2c-4963d3fb30fc","2025-03-12T10:33:23.376Z","Abuja","Web","18-24"
"94872c34-902e-4a63-9c2c-87ad8d1ac06f","2025-03-23T10:53:43.125Z","Port Harcourt","Web","35-44"
"ae3ad6be-ed4a-4966-8b9c-37d327bfd22c","2024-07-01T07:04:00.650Z","Kano","iOS","18-24"
"accd5d5c-7b2a-4a2b-b98e-718a16b2e90e","2025-01-02T08:50:34.589Z","Kaduna","Android","25-34"
"95737a2d-6144-4087-a82a-a2ebdd3f82fd","2026-01-30T00:47:39.332Z","Kaduna","Android","25-34"
"ce00d53e-1ca4-4c14-a820-067afa07cd99","2026-03-09T15:18:34.561Z","Jos","iOS","35-44"
"5eee4e8a-4b3b-4332-b85e-d0357984abe4","2025-06-27T11:43:02.512Z","Benin City","Web","35-44"
"3ae878b4-7803-4f02-84c8-825c99200b85","2024-09-30T22:30:22.592Z","Benin City","iOS","18-24"
"14b166c4-72f6-4535-bfc4-0f89b74bd3bc","2026-02-16T18:04:08.815Z","Jos","iOS","25-34"
"e4a10e64-7caf-47a5-a4b3-49af7f018c05","2025-10-14T12:35:22.558Z","Lagos","iOS","35-44"
"080cb98b-53bc-433f-9557-dcef9d65b9f3","2025-05-28T10:02:19.914Z","Kaduna","iOS","45+"
"187bf260-e8dd-4d20-99fa-03c253529b6c","2024-08-10T21:33:32.312Z","Kaduna","Web","35-44"
"7daa7161-0058-4ea1-8adb-8d72d06207a4","2024-08-05T11:56:37.168Z","Ilorin","iOS","25-34"
"33a579f2-811c-49a5-aae3-a63b74565678","2025-07-08T22:59:58.163Z","Ibadan","iOS","25-34"
"ee4f3d56-485b-4862-b8ac-adb39a05d8f0","2025-11-27T18:41:43.985Z","Lagos","Web","35-44"
"90eda41a-88f0-41fb-8c1c-defea5b008e8","2024-06-21T14:48:42.042Z","Ibadan","iOS","35-44"
"b4404eef-311b-4f74-906c-1f440fab438f","2024-08-01T18:57:32.764Z","Abuja","iOS","45+"
"af63af96-f1b1-453d-adc8-bff45f709a87","2025-08-01T20:13:18.399Z","Ibadan","iOS","45+"
"6562cb53-f780-4721-a729-4fee04c7e072","2025-05-06T07:20:22.334Z","Port Harcourt","Android","25-34"
"79a0987d-d1ff-4824-baae-8a3d1e18b81d","2025-11-20T06:18:18.313Z","Jos","Web","18-24"
"0ac37aa7-d0b8-44b7-bed3-73df8e621658","2026-01-31T01:59:19.620Z","Enugu","Web","25-34"
"9f09706e-653c-4b71-9a38-a830ba6a7d10","2025-02-09T12:36:05.714Z","Benin City","iOS","18-24"
"adce75c5-01d6-49be-b8e5-3c07f84c40ba","2024-09-12T10:09:48.547Z","Kano","Web","18-24"
"723f4300-3470-4d36-ba81-5ffd2d5387bd","2024-07-14T12:17:43.845Z","Kaduna","Android","18-24"
"bde75aa2-5871-4768-b9a6-c8e6b5a8442a","2024-10-15T05:41:29.173Z","Enugu","Android","18-24"
"0ca9a387-57b3-4eec-85ed-083bf0b3cd71","2024-12-16T18:31:37.006Z","Kano","Android","18-24"
"01c78203-84cb-4196-ad5a-62712839d4c9","2026-01-06T01:01:59.711Z","Abuja","iOS","35-44"
"d4b9e94b-dddb-4012-a66b-4b3a90ffd050","2024-06-03T18:59:17.928Z","Kaduna","Web","35-44"
"de556ee0-98bf-403a-9091-85fb4033917c","2025-05-06T23:04:49.643Z","Jos","iOS","25-34"
"3ef9413c-5996-411d-b249-a3a1f82d0091","2026-04-24T13:26:18.362Z","Port Harcourt","Android","25-34"
"538939c0-9c1b-4a8c-9f10-64a472f2055e","2026-02-17T03:01:40.119Z","Jos","iOS","18-24"
"60700951-0f83-42f7-a893-6b84a736e703","2025-09-04T14:43:30.808Z","Port Harcourt","Android","25-34"
"e6c9084c-8078-4d8a-95ed-4d8da4c92d42","2025-01-18T01:47:38.970Z","Port Harcourt","Web","35-44"
"087026be-e134-4f51-b8a0-cdb16ed9e107","2024-12-08T13:06:57.658Z","Abuja","iOS","35-44"
"d12dd8a8-65a0-4713-b50e-0ad642417f82","2025-10-04T23:46:11.366Z","Kaduna","iOS","18-24"
"76dbed36-b2ee-4b4d-90d1-9f2b23d9ae6f","2026-02-06T02:21:26.417Z","Ibadan","Android","35-44"
"ac80119a-ea93-4a53-9b7a-56c7cfd62207","2025-01-07T04:39:30.641Z","Benin City","Web","35-44"
"7908dacb-def3-4b2f-b393-3aa2eb8cc50c","2025-06-05T11:43:49.743Z","Kaduna","Android","45+"
"542ba0a4-ddd4-421d-b73d-e763afeb4cc4","2024-11-16T14:04:39.570Z","Port Harcourt","Android","18-24"
"34c85ca4-71d1-45f0-b09d-c88b773996e5","2025-06-11T09:11:39.828Z","Lagos","Android","35-44"
"6a04447c-4e98-459b-ba15-60e69a2ccca6","2025-03-24T22:27:06.617Z","Lagos","Web","45+"
"96382196-532d-4c9c-b47d-cdd4b0b10ffb","2025-04-14T08:42:57.913Z","Lagos","Android","25-34"
"572f3af6-8d3c-4200-bd7f-33e4f1847f07","2025-07-20T07:45:28.697Z","Abuja","Web","25-34"
"492dac91-84f2-442c-b99b-25f5ce440f0c","2025-10-23T11:44:04.607Z","Abuja","Web","35-44"
"af6b7d91-d4a4-4644-b898-d6ae053a4010","2024-06-12T07:15:10.367Z","Abuja","Android","18-24"
"c422cdc4-f575-4dee-8fcf-c269b00ebf3a","2026-05-12T20:48:44.145Z","Jos","Android","45+"
"13790293-8695-47a0-b8ac-e1e9046cda96","2024-09-23T04:40:24.011Z","Kano","iOS","18-24"
"e228e210-8304-46b3-b5fd-a8baf28bee1d","2025-08-05T09:17:02.047Z","Benin City","Android","18-24"
"0db4bd91-49ac-46b9-be12-7acb5644b384","2026-04-04T14:25:47.576Z","Kaduna","iOS","35-44"
"19461262-01b0-4de6-b2a3-4a814a8c2242","2026-01-31T04:49:48.444Z","Enugu","Android","25-34"
"88e05c18-874a-4bc4-9423-559dd5c828f2","2024-12-03T07:51:29.329Z","Ilorin","iOS","25-34"
"9653ed53-d0ec-4df6-a94c-5899b1f4cb78","2025-12-25T05:55:29.814Z","Kaduna","Web","25-34"
"c4dd209b-6981-48d1-8a3a-a185b709685c","2026-05-19T06:26:12.458Z","Port Harcourt","Web","25-34"
"73196199-1642-4f95-8860-61eeb4daa323","2025-05-16T01:03:03.904Z","Benin City","Web","45+"
"f51f22c8-efe3-4985-a650-94f6ac2ff13b","2025-12-26T03:13:23.628Z","Enugu","Web","18-24"
"49addbd8-1adb-4bfa-8a38-70830a71cf6f","2025-08-31T00:07:27.805Z","Kaduna","Web","35-44"
"9699255b-ae9b-4fbe-a6d4-1832e1813dbc","2024-08-09T14:27:36.774Z","Port Harcourt","Web","18-24"
"5e65069d-fb7b-457d-97ac-3fb4a7537ce1","2025-05-07T22:48:01.090Z","Ibadan","Android","25-34"
"4ed739df-30df-42a8-8883-41879cb0a142","2025-12-23T18:04:32.459Z","Enugu","Android","25-34"
"26017964-c18f-4588-86a1-719a5728bbe3","2025-05-02T15:04:34.287Z","Kano","Android","35-44"
"34479473-5b14-4e25-9b69-20d744f6de5a","2025-08-12T05:04:23.036Z","Ilorin","iOS","45+"
"cbd19cc8-77d6-4db3-9e45-e6bc15497926","2024-07-17T17:31:05.757Z","Kaduna","Web","35-44"
"6bc4b302-a8eb-4b9e-a586-76d9ced70393","2024-10-01T14:48:18.203Z","Benin City","Web","35-44"
"7f551ff7-563a-4720-8236-33abb0744bd2","2025-12-29T06:53:39.040Z","Enugu","iOS","25-34"
"5f97818e-2c27-4339-9959-a94060afa247","2024-10-10T02:41:14.312Z","Benin City","Android","25-34"
"3b98396f-0341-4ca6-b54a-e56485dc68d7","2024-12-17T19:57:21.235Z","Port Harcourt","iOS","18-24"
"1190a30f-724c-4105-9edf-0f7e26b9b05e","2024-06-02T11:41:42.260Z","Kano","Android","45+"
"85dce9b3-c37e-480d-9c4e-123c365eebba","2024-06-19T19:15:29.098Z","Abuja","iOS","18-24"
"32fd68fb-2ff2-4b2e-9fd3-38574b03173b","2025-04-20T15:47:18.729Z","Ibadan","Web","45+"
"dad5fc6e-bcee-44f5-9f0a-9ecba715b66a","2025-09-20T23:05:02.335Z","Jos","Android","45+"
"5503d2c7-642f-49b8-9ca9-4523f9e95554","2024-09-24T14:16:57.916Z","Kano","Web","18-24"
"16a9b298-5c1b-4f5a-a444-58f987ec80f5","2026-03-27T08:34:31.281Z","Kaduna","Android","18-24"
"67fc247e-5314-4c32-bc95-b43c6c16dee9","2024-12-01T19:48:19.519Z","Ilorin","Android","25-34"
"8a929ccd-2753-4201-9a11-3eca7c196b28","2026-02-20T14:02:10.066Z","Abuja","iOS","25-34"
"c607a5d7-578a-4995-8c96-fb268287d0fc","2025-03-10T09:47:21.815Z","Lagos","Web","18-24"
"ab29c36b-7330-4b4f-84bb-b1cadc7c5cfe","2025-09-25T22:32:52.082Z","Lagos","Web","45+"
"64a6ed9c-d0dc-4249-ad3c-8eab4fbaf2ef","2024-09-03T12:49:12.096Z","Port Harcourt","iOS","45+"
"08632667-b098-4c96-aa29-7cf230059d89","2025-08-26T03:36:38.741Z","Kaduna","Android","18-24"
"bfc0543f-9e63-47e8-bb0e-71a6bcb16f80","2024-10-07T11:30:24.889Z","Kaduna","Android","18-24"
"601cbbb1-710c-4230-8e2a-4d077cf6f7fe","2025-07-09T15:29:33.757Z","Abuja","Android","25-34"
"8adbddf0-df66-4af0-b862-3ce828b3e4c9","2025-02-15T10:19:11.692Z","Kano","Web","18-24"
"65624462-c1d8-43fa-a1d5-a6bdf29987e7","2024-07-05T13:59:51.633Z","Kano","Web","18-24"
"878914e0-4390-4f7f-892d-a955859888ce","2024-08-25T02:55:16.906Z","Lagos","Web","25-34"
"09591792-42b8-46ae-be21-7157a94fc409","2026-04-13T15:25:53.025Z","Kano","Web","18-24"
"36d77113-4cad-41ac-82b3-866e913726ec","2025-11-19T14:03:10.500Z","Ibadan","Web","18-24"
"8180b8a5-69e0-41b0-b739-a2058c35e2d1","2026-05-25T01:20:26.113Z","Kaduna","Web","25-34"
"e24be798-11f5-452b-8c75-ead8c30fcb93","2026-01-26T13:32:58.627Z","Kaduna","Web","45+"
"c2524613-b618-443d-aeae-6ff66ccb15b1","2025-03-14T14:27:59.648Z","Port Harcourt","Web","18-24"
"1c4ff81b-a818-43af-912d-a4942424261f","2024-08-11T02:28:26.974Z","Lagos","Android","35-44"
"ed68a2d6-cd10-4183-826b-4bb4c226c894","2024-06-26T11:34:49.477Z","Kano","iOS","18-24"
"bc0b1c45-6d59-4e60-bbf0-6d55987f4e84","2026-02-21T21:22:14.434Z","Abuja","Web","35-44"
"b94eeba3-d60a-4717-812b-3e5a5b6785bb","2025-06-16T02:51:20.281Z","Abuja","Web","45+"
"8ff0ea31-f492-400d-9b8a-e6ba0a130225","2024-11-03T12:07:58.572Z","Jos","Android","18-24"
"7e0be674-88d2-47fb-83c1-70d6e2944d57","2024-11-03T17:38:44.936Z","Benin City","Android","18-24"
"58448d01-9449-4823-a4e9-837823fdd2ad","2025-05-20T16:06:20.992Z","Lagos","iOS","18-24"
"8f7a845a-7db9-4e83-8a96-6750d8799de2","2025-08-19T13:33:10.134Z","Port Harcourt","iOS","18-24"
"494cf5a4-0584-4efd-a56d-7c5f536e141c","2025-09-19T20:42:14.198Z","Lagos","Web","45+"
"2996952a-928a-49c8-b0eb-d3d7d9daf044","2026-01-24T12:43:40.324Z","Kano","Android","25-34"
"92231ca7-18a3-4515-b89a-8c4555bf11d3","2024-10-15T08:43:20.343Z","Lagos","Android","45+"
"64bade58-74b3-451c-8a8d-a50725f3572e","2024-10-24T17:52:45.811Z","Enugu","Android","18-24"
"24687076-0f99-4d4e-aab5-34c05b45d849","2025-12-28T16:48:48.708Z","Ilorin","Android","18-24"
"829bb65f-157f-4181-8e61-e759dec74abb","2024-06-27T10:47:58.848Z","Enugu","iOS","45+"
"3e305eed-a00f-40d7-a3c5-f7aad2d8a569","2025-11-12T21:10:30.870Z","Kaduna","iOS","35-44"
"8cb9e921-1875-48bf-9f84-d037669361d3","2025-12-15T04:25:24.541Z","Kaduna","Android","18-24"
"3b5a4ccc-4cea-4c8f-80aa-a0d94a78c7bc","2024-11-16T11:16:56.380Z","Kaduna","Web","35-44"
"95888b3d-13ac-47c6-aa0a-0a272ae3dde2","2025-09-07T03:57:43.032Z","Port Harcourt","iOS","18-24"
"520bdbf8-d9aa-44d0-b443-e93f6841d901","2024-07-24T21:02:56.084Z","Ibadan","Web","45+"
"cbd34230-da28-46de-9cdc-57a84768efaf","2026-05-01T19:13:53.478Z","Enugu","iOS","45+"
"014e3d5f-6d2a-4ea1-a72e-955ca0791f11","2025-10-10T20:39:35.916Z","Jos","iOS","18-24"
"1337723b-677b-461e-9074-645b4fef2dbd","2024-09-05T23:05:24.358Z","Kaduna","Web","18-24"
"aa67ef45-b520-4133-8fd1-0ff1d1d66335","2024-09-20T01:51:10.907Z","Jos","Android","25-34"
"670761e9-7b0a-4656-9390-968c8e69caab","2024-07-25T05:37:13.555Z","Ibadan","iOS","18-24"
"eec29c17-1fb8-494b-aa94-a15a4d460a78","2025-06-17T13:51:38.116Z","Kano","iOS","18-24"
"337d8a5c-90af-47af-b2eb-54386478d08c","2026-01-22T13:58:36.213Z","Port Harcourt","iOS","25-34"
"ac55128a-7a3c-4989-8c09-4e2e8fde7d73","2026-05-10T08:29:50.479Z","Ibadan","Web","35-44"
"a6c7ae3b-7fb3-4b6b-9364-f6e23aa7aef0","2024-08-14T17:03:53.073Z","Kaduna","iOS","45+"
"20427bb1-da63-4000-bd9a-ad4727c80d91","2024-08-24T01:55:48.170Z","Ibadan","Android","18-24"
"08fc5765-e304-42ce-a4d2-da4ac1defb72","2025-02-23T05:19:23.091Z","Port Harcourt","Web","45+"
"3f436fc4-053b-4611-bf6d-61bab7a81448","2025-04-12T10:03:40.757Z","Kaduna","Web","25-34"
"6d3b8497-51e2-471a-bb0c-00a4e250a7ee","2025-03-26T12:28:27.165Z","Jos","Android","35-44"
"d07f3750-d84b-415c-ba8c-7b46c0b8cc4d","2026-05-14T03:52:40.997Z","Port Harcourt","Android","45+"
"e2326595-a22d-489c-8a36-f667d7f355c6","2025-02-14T08:57:51.820Z","Benin City","Web","18-24"
"252b54bd-3cd2-4fb0-9549-28e3493924b3","2024-10-21T00:40:04.003Z","Kano","Android","45+"
"b4e63299-115d-4e5c-92ad-57f8dd7a3d37","2024-11-04T14:03:21.977Z","Port Harcourt","Android","25-34"
"49fd6279-cba0-4d97-b052-3ed1ccbd9586","2026-02-11T14:02:16.414Z","Ilorin","iOS","25-34"
"0e78646b-07ac-4b22-819c-c7d7bc1cb7e3","2025-05-20T21:26:56.004Z","Enugu","iOS","25-34"
"4dd76cb2-b21a-4444-9105-99f3641c4dbd","2024-08-13T07:51:24.088Z","Kaduna","Web","35-44"
"9a77fe36-b0d2-4f6f-8171-055b9937e9f3","2024-10-18T03:09:43.127Z","Ibadan","Android","35-44"
"ad29cd8d-20d2-429a-b7f9-0268af8fb739","2024-07-28T03:34:51.132Z","Kaduna","Web","45+"
"27e5a531-a721-42df-acdc-fae9e8d186a3","2025-08-25T17:44:34.975Z","Port Harcourt","iOS","45+"
"1e50986e-8058-4b27-ac2b-3feb80ae06e9","2025-07-05T10:05:23.180Z","Kaduna","iOS","18-24"
"f99f1fc2-8f86-4984-8141-b59fb28ac436","2025-09-05T14:16:27.341Z","Benin City","iOS","35-44"
"24983fe9-a68d-42dc-8093-c8c314b48428","2025-06-07T19:56:41.806Z","Benin City","Web","45+"
"b1e632ac-1054-4a09-af24-50fe210f9590","2025-07-05T18:05:27.132Z","Enugu","iOS","25-34"
"2af7f293-6f95-4ffb-a0ce-5416211d9627","2026-01-06T09:34:55.515Z","Kano","Android","35-44"
"3ee31de9-302d-4d24-8987-ee20feb0c7fe","2026-04-02T10:20:45.677Z","Ilorin","iOS","25-34"
"c2e479a2-416c-4603-bdb0-26eeaf709b78","2025-10-15T09:57:07.956Z","Ibadan","iOS","35-44"
"c8dbc96f-ed09-42ad-b52a-d6491e6e8381","2026-04-15T05:12:10.338Z","Ibadan","Web","35-44"
"17df0e79-ff6a-4100-abff-6cbc40d36663","2024-10-07T10:47:44.395Z","Enugu","Web","45+"
"9061ba3d-989a-470d-a098-0c3da073f898","2026-03-12T21:45:12.130Z","Jos","Android","35-44"
"ba308a1d-5cff-4fad-8dd6-e6f944ba4104","2025-12-04T20:55:41.056Z","Ibadan","iOS","45+"
"c90fe780-c463-4046-ab86-a472eda9d630","2024-10-13T04:56:46.348Z","Enugu","iOS","25-34"
"a2d9e83f-fc8e-47a8-ace6-3e55149e55de","2024-11-23T16:55:03.348Z","Abuja","Web","35-44"
"bd2c2b44-98de-4a73-872c-dc6ff9d5e86a","2025-02-22T13:29:28.203Z","Port Harcourt","Android","45+"
"70d3eb04-6c71-4377-b668-239e582de013","2025-12-20T23:12:22.755Z","Ilorin","iOS","18-24"
"5ad9327d-ac6e-4ab3-8255-063f94833933","2025-07-22T16:02:50.294Z","Ibadan","Android","18-24"
"55e6a0ca-a464-4caf-a1cc-214a94f1691d","2025-09-25T23:49:36.711Z","Abuja","Web","25-34"
"ec3f669e-be61-45ae-85df-9777f9f82f59","2025-05-07T22:40:49.990Z","Ilorin","Android","45+"
"e54d23e5-3776-4ba1-b976-d78eb65d61cf","2025-01-21T14:50:59.894Z","Port Harcourt","iOS","18-24"
"908c9ff7-4caf-45d9-bdae-d450fe78c586","2025-03-15T22:46:24.333Z","Kano","Android","35-44"
"421098c8-79d3-457c-ab57-9b88c6a62b68","2025-04-26T06:16:30.649Z","Lagos","Web","25-34"
"eca1733a-2b3e-410c-8d0d-874f47d35eb5","2026-01-02T23:05:58.908Z","Lagos","Web","45+"
"35ceffcb-19c2-4e2c-907c-209b64732eef","2025-04-06T01:15:51.971Z","Kaduna","Web","25-34"
"36f44890-5f7a-494f-a959-fe0a818c7d91","2025-05-01T14:17:33.591Z","Ilorin","iOS","35-44"
"a82aba9d-f171-48a2-aae8-f26d9df61857","2025-03-21T16:29:32.570Z","Jos","Android","45+"
"11204caa-ac7b-48e0-8ad2-426edae62a93","2025-07-24T05:22:25.822Z","Kano","iOS","25-34"
"46762ae5-7104-49af-8fc7-fd2411229394","2024-08-20T22:37:03.710Z","Ibadan","Web","35-44"
"c039cb44-f814-4d96-83ef-eaf2dca82edc","2026-03-28T11:46:37.084Z","Port Harcourt","Web","18-24"
"0d811986-912c-4aa2-a807-797d1f08f07c","2025-05-29T16:37:18.126Z","Lagos","Android","45+"
"fbf65c6e-6514-4f5f-a180-4a0dd68f8fcd","2025-09-15T19:13:23.468Z","Ibadan","iOS","35-44"
"d47a0afe-3725-4648-a528-06b9e8d65952","2026-04-06T03:21:30.795Z","Port Harcourt","Web","18-24"
"2ef65879-f36e-4519-8fe8-231e8f67be63","2025-07-11T10:39:21.967Z","Lagos","Web","25-34"
"72843d3b-41e3-4020-8189-692523c5a507","2025-10-03T06:14:43.973Z","Lagos","Web","18-24"
"1f461ac7-d608-46b3-a6ce-c1d04f74e5b6","2026-03-19T11:32:47.069Z","Benin City","Android","25-34"
"1b222111-bfe4-43b9-8cbc-dba53fe77aef","2026-01-27T22:17:06.174Z","Abuja","iOS","45+"
"4f577ffb-5f9e-4878-af79-167fae72b7cf","2025-03-27T11:34:19.482Z","Lagos","iOS","35-44"
"8386a8b1-2513-4e2e-a7a7-0354b6236f5a","2024-10-07T02:36:17.061Z","Kaduna","Web","25-34"
"ab6f67b7-5e5e-4676-ab7a-970651ca3b1d","2025-05-05T06:02:33.809Z","Benin City","Web","45+"
"e9671a63-fdc3-4017-948a-4ad285acfc9f","2025-01-16T01:12:35.731Z","Ibadan","iOS","35-44"
"cdfd1ac8-0bf3-4d9e-94e6-957fdd6b9fac","2024-10-02T11:49:45.768Z","Ilorin","iOS","18-24"
"49081806-9d03-4b8b-bebe-10fae5afde82","2024-11-24T19:30:55.226Z","Kaduna","iOS","45+"
"f35337a5-e0d6-4a28-b442-40904657d904","2024-08-17T19:37:52.806Z","Kano","Android","45+"
"2e14aadd-361d-4aa8-a321-959b2e3aa141","2024-11-03T11:50:19.947Z","Abuja","Web","18-24"
"654787e9-f87f-41d1-b9ec-b92dda38ba29","2024-07-15T19:45:04.809Z","Kaduna","Android","18-24"
"1c76b40e-30bc-436b-ac24-72f4ada04c2a","2026-04-25T09:19:37.036Z","Lagos","Web","35-44"
"d48c93fe-8d12-4397-add1-7cba7a403994","2024-12-17T12:15:09.634Z","Abuja","Android","45+"
"06a893b8-614e-4f0f-9f9d-2e270376bc60","2024-12-06T10:49:26.282Z","Ilorin","Web","45+"
"0a0e7e81-de0e-47bd-aa16-7c5fe4b5f3a6","2025-05-07T18:27:08.383Z","Port Harcourt","Android","45+"
"be467f65-d5d1-4bba-8287-3469a444a862","2024-10-16T17:39:12.033Z","Ibadan","iOS","45+"
"c7342a8b-68e9-454b-a32f-94a7e90747e7","2025-01-18T07:47:38.633Z","Jos","iOS","35-44"
"6a7db920-d0fe-4abd-909f-584a1e6fa09e","2026-01-04T21:45:52.814Z","Kaduna","Web","25-34"
"fb8e13ea-3cb8-4efd-9df1-dc49f5fcb668","2024-10-12T00:19:26.527Z","Enugu","Web","35-44"
"91bee7e2-7e13-4c32-8e63-708d5f5f85ed","2025-08-24T18:44:29.761Z","Ibadan","Android","25-34"
"0acac30a-8ac7-4f1b-a5ed-c3e81d1ef1aa","2025-12-23T01:11:03.340Z","Jos","iOS","45+"
"64b74bf2-00e8-4ca8-b87a-4c3b1f15dda1","2025-01-20T14:36:33.997Z","Port Harcourt","iOS","35-44"
"0f2cb83a-3061-4f3a-a352-e738a2db8e46","2025-11-04T18:29:35.919Z","Kano","iOS","25-34"
"65eb3705-d085-4068-a531-eb55dd04f5ca","2026-04-11T07:32:21.497Z","Jos","iOS","18-24"
"922760d9-f497-4721-bb43-c3a31fe1a763","2024-11-11T19:26:23.538Z","Kaduna","Web","25-34"
"7a5ccea8-132d-4a67-bd82-b8c8e30ea770","2024-06-09T22:31:39.706Z","Ilorin","Web","25-34"
"5dd59aad-79d1-4577-809d-e7a2ba11c5ad","2024-09-17T23:02:35.115Z","Kano","Android","35-44"
"7515db9a-4d2d-4d72-bf34-fb83863ed8ed","2024-09-18T19:53:12.957Z","Lagos","iOS","25-34"
"10603659-8909-4cc3-84f6-0e79243fd7c5","2024-12-29T07:07:06.026Z","Jos","iOS","18-24"
"f4ffeb85-3b19-4f4b-83b8-f0ecce516043","2024-10-23T09:33:29.661Z","Port Harcourt","Android","25-34"
"a8c8835a-dfb5-4a78-bf74-decfa32987d9","2026-04-19T14:10:10.248Z","Ilorin","Android","18-24"
"5b24f0ea-1688-4136-b7b8-4489552544a5","2025-08-18T14:36:04.180Z","Port Harcourt","iOS","35-44"
"9c05ce0c-a22d-402a-b0c4-d6083158d1b5","2026-03-16T06:25:17.903Z","Lagos","iOS","25-34"
"7b2540f4-9193-402b-851e-060fba1f207a","2025-07-30T01:06:47.980Z","Benin City","Web","25-34"
"6e523415-c337-48a2-bb03-bfc58b3c33e0","2026-03-30T20:36:18.019Z","Benin City","Android","45+"
"9c1e5174-967a-4779-a42c-ea0b951144aa","2024-12-01T11:03:10.770Z","Abuja","iOS","18-24"
"d7179b35-c3b5-4b98-b643-17fe1af49de7","2025-01-29T04:25:01.743Z","Ilorin","Web","25-34"
"e4e52386-9e4b-47e4-b3fd-dccc43326ce2","2025-12-12T18:03:18.883Z","Ilorin","Android","45+"
"6769df6c-beac-4668-a842-d28a61b338ab","2025-01-10T14:42:54.388Z","Abuja","Android","35-44"
"6044d405-425a-4e5b-84ac-871401f16ccc","2024-08-18T12:28:23.836Z","Port Harcourt","Web","18-24"
"88836b7a-5c37-4eba-8485-8ed9f4a97719","2024-08-16T11:05:23.571Z","Port Harcourt","iOS","18-24"
"de2106fd-5049-4594-8054-42173c290097","2025-02-11T09:18:51.377Z","Enugu","Web","35-44"
"ab6e8f47-6f5d-4c5f-87b7-d24ad49d32f0","2024-10-30T11:52:03.754Z","Abuja","Android","18-24"
"2fe1b3b4-9a03-4f59-a426-65f181b73568","2026-02-01T08:28:20.225Z","Ibadan","Web","35-44"
"9a381476-e34b-4b91-a208-67f64462e71d","2026-02-25T23:39:49.914Z","Ibadan","Web","35-44"
"2fe2b0be-802d-4d3f-890e-f546bedc240e","2025-01-07T19:43:40.158Z","Benin City","Web","45+"
"e89af88c-2d5f-4281-8774-3e4224b0b3c0","2025-11-19T11:27:50.652Z","Ilorin","Web","25-34"
"1e3923a3-547e-4f2f-9050-990e7b0e7caa","2025-02-04T11:06:51.484Z","Abuja","iOS","35-44"
"4afe23c9-ff56-41d5-9e41-085c5b887455","2025-05-04T18:28:21.196Z","Abuja","iOS","35-44"
"a4a0bc2d-05d2-4b26-9f67-2cc5169ec50c","2025-09-13T12:30:50.062Z","Abuja","Android","35-44"
"21dae581-d69d-4f44-b373-022b5b58ca51","2024-12-08T07:34:41.746Z","Port Harcourt","Android","35-44"
"cefb4522-f48e-477e-a305-3f35936eccdb","2026-04-13T08:26:30.007Z","Benin City","Android","25-34"
"c15d2ee7-6a1d-499b-9509-4bde8f3b4dcb","2024-07-17T13:13:43.763Z","Ibadan","Web","18-24"
"a51b6f37-8f26-4bd8-b2c4-5607f99b905e","2024-06-07T09:46:15.814Z","Enugu","Web","25-34"
"14cf3578-fba7-41e8-a9c3-fdc008cc8968","2025-03-13T22:59:41.822Z","Kaduna","iOS","18-24"
"cb7bcc90-d8e2-4893-b2e8-3f946e31939b","2025-01-20T05:29:50.675Z","Port Harcourt","Android","35-44"
"64b727ab-ac51-4c6d-a0e8-8f79ff314956","2025-02-22T09:54:34.645Z","Enugu","Android","45+"
"5a29409f-09fe-44c0-b1c4-8ef52dbbfabe","2024-08-10T16:25:50.233Z","Benin City","iOS","25-34"
"b38fe679-02fc-469c-bb97-1c7699359645","2025-03-28T17:56:31.293Z","Ilorin","Android","35-44"
"44d34fe7-d771-454c-acc5-1d8f3f9fdb29","2024-12-22T00:25:49.158Z","Kano","iOS","35-44"
"86c6690c-fe1b-476b-8691-404a9463d314","2024-07-03T13:58:25.765Z","Port Harcourt","Android","25-34"
"0f98cc04-feda-459c-90de-3a8b005f353a","2025-09-16T03:19:12.027Z","Ilorin","Android","45+"
"0a8c0c86-2002-4be9-a0f4-bea596b43bf4","2025-06-05T04:30:16.076Z","Kano","iOS","35-44"
"8a927988-d9c4-4189-bd98-15d0816ca025","2024-11-20T18:55:56.966Z","Ilorin","iOS","45+"
"fd3e5782-4c68-464d-bf7a-24da921fbc59","2024-11-10T22:27:23.767Z","Lagos","Android","35-44"
"5437ba0d-4e79-48c8-bddc-14c77e2c4f9c","2025-05-08T09:15:28.024Z","Lagos","iOS","45+"
"47c1e0a8-b8f7-4063-aa98-944c6bf1a33d","2024-11-15T21:49:55.750Z","Jos","iOS","35-44"
"e475bc05-f00a-4f1a-989e-5a237fa80a2d","2025-10-28T21:12:30.664Z","Lagos","Web","45+"
"adddfe34-fd15-407f-8152-fe535bf4533f","2026-03-25T00:15:25.823Z","Lagos","Android","35-44"
"fd9edbb9-a0ff-486f-95e2-87dcb4e832cf","2025-12-09T09:26:16.605Z","Jos","iOS","25-34"
"99cbec45-1059-4ef0-a4b9-5ca90228649b","2025-04-07T21:26:10.341Z","Kaduna","Android","18-24"
"7ab5ba96-1519-40c4-9e30-fa2011839b3b","2026-01-02T08:33:05.028Z","Jos","iOS","45+"
"c3a7b7d5-e362-49f5-9e07-6db0bf99d826","2024-09-06T15:39:36.499Z","Port Harcourt","Android","18-24"
"4378c256-144f-4ecd-b5b5-c8cb60dc79a3","2026-05-11T01:25:55.076Z","Port Harcourt","iOS","45+"
"c4c03e01-130e-4b14-9c89-2e2e54fec78e","2025-11-09T14:28:50.668Z","Benin City","Android","25-34"
"8cd27442-7ad3-4d2b-a526-ec3db47feb32","2024-10-11T16:46:21.760Z","Port Harcourt","iOS","45+"
"e6939cdd-83fa-46ef-b1bc-41bde8112f21","2026-04-27T18:14:31.471Z","Port Harcourt","Web","35-44"
"d864f608-5684-49d9-8600-5ffd9f3007d4","2025-02-01T13:26:23.533Z","Ibadan","Web","35-44"
"c27a7144-8c90-4f33-b1cf-5a222bc5d205","2024-12-03T19:33:25.272Z","Ibadan","Web","35-44"
"9346c569-a4c0-4ea9-b01a-569ee65ce1e1","2025-02-23T17:03:13.287Z","Lagos","Android","25-34"
"fa3cb12d-0971-411f-b205-ded9f8c81a66","2025-03-06T01:51:58.817Z","Ibadan","Web","25-34"
"654027a4-1c49-4880-9c91-433a4a6a0832","2025-05-26T15:53:26.151Z","Jos","Web","18-24"
"b3a9a768-36b7-495a-a530-4812056788bc","2025-01-13T09:16:43.928Z","Jos","Web","25-34"
"316bf016-7b7b-4ae4-a171-fdc233e7f6bf","2026-03-29T06:39:24.168Z","Benin City","Android","25-34"
"c62c6536-eeba-438d-b908-cf179d8774f1","2024-09-16T00:12:32.141Z","Enugu","iOS","18-24"
"4feacb5f-c290-4384-92be-4a6fcd9103f5","2024-12-22T14:55:34.888Z","Port Harcourt","Web","18-24"
"76e04b17-5e58-489d-81af-25b42331ebee","2025-11-18T07:56:10.457Z","Lagos","Web","35-44"
"4261f652-d14e-4469-babc-34ee1cc02325","2025-12-30T05:58:58.919Z","Benin City","iOS","25-34"
"1cc1163b-c161-4444-8387-789ece4e765f","2025-10-18T15:07:43.682Z","Jos","Web","45+"
"3b028db2-e83f-4140-85c0-676f2c160681","2024-07-08T13:10:07.697Z","Kano","iOS","25-34"
"c0aa27d1-83dc-496d-8dfa-38fec43bdc50","2024-09-11T17:12:42.977Z","Abuja","Android","45+"
"c0f00c13-c820-47ea-9934-88b4882ce219","2026-05-02T19:05:20.156Z","Port Harcourt","iOS","35-44"
"f7964ee9-9c39-45ab-92ee-7182e639a0b5","2025-02-19T15:06:54.678Z","Kano","Web","45+"
"b7942bb3-4dca-4f65-8e9b-2f1b77627679","2024-10-25T00:46:20.494Z","Port Harcourt","Web","35-44"
"060607d7-111d-4de9-9bd9-ff3eb10ac3ec","2026-01-18T18:39:48.547Z","Port Harcourt","Web","35-44"
"454cf7dd-d989-4d28-9d6f-6b2087105c3b","2025-11-15T01:11:33.934Z","Jos","Web","25-34"
"20bbcbe4-8f81-48b1-8b8d-a14bcf12d7ab","2025-07-30T11:46:12.728Z","Kano","Web","25-34"
"83f51481-d7b6-4e05-8cab-7f7882868b3c","2026-03-16T15:02:59.708Z","Kano","iOS","18-24"
"716e3da0-b753-4f38-a304-c3f1deac2192","2025-03-10T04:27:01.271Z","Benin City","iOS","35-44"
"0d82d085-8f49-43c5-8839-97dd4adad425","2025-11-26T14:09:21.497Z","Abuja","Android","45+"
"edc3f0c2-6c41-4447-bbb3-447f95f29c42","2025-04-06T01:08:03.901Z","Jos","iOS","18-24"
"dabccd54-b4f3-4b26-bcbd-d04382e4cc61","2025-12-20T11:31:11.040Z","Jos","Web","35-44"
"42519aa5-889d-489c-8647-f6dd32467c3b","2026-05-17T11:16:23.556Z","Benin City","Android","25-34"
"e8f421cd-5bf7-4d2f-a286-797f0c2c7a32","2025-08-23T07:01:11.497Z","Ibadan","iOS","18-24"
"dd4d9ce0-fa28-4ea8-a35e-5d82b46ba5ed","2026-03-13T09:12:04.286Z","Jos","Android","35-44"
"a57ff068-d6c7-4768-b45c-a7f99c5fcc24","2025-12-09T01:08:58.170Z","Enugu","iOS","18-24"
"68e8809a-3a3f-4a2d-8ccb-7e0c1b591672","2024-11-08T02:45:29.943Z","Kano","iOS","45+"
"ce9c68ec-3187-420c-a88d-f2e89e4a0b05","2026-03-24T11:03:56.074Z","Abuja","Web","35-44"
"82f32992-5a19-40fa-830c-2e99551aa1f8","2025-09-09T22:13:21.262Z","Kaduna","iOS","25-34"
"ed8afccd-9243-4110-91ec-cd4a5d4d5587","2024-07-27T01:01:56.686Z","Port Harcourt","Web","25-34"
"6af5e92e-6064-47e8-9f8c-847ed499c672","2025-09-01T13:48:52.831Z","Enugu","iOS","35-44"
"34f6a1cd-239c-477f-a922-8981abb9bd90","2026-01-11T16:05:44.588Z","Benin City","iOS","35-44"
"ce67ea24-4724-4347-bcfe-dba74d4081ae","2025-03-07T21:57:49.472Z","Port Harcourt","iOS","45+"
"3d862d65-cc68-4eba-95f5-be0ab4ce71d4","2025-05-15T21:11:57.837Z","Kano","Android","45+"
"697654c3-4690-4fd7-9f74-1bc436780368","2026-04-23T21:00:20.601Z","Kaduna","Android","45+"
"cb52cf64-fcfc-446b-8463-0dfeadf484f7","2025-11-09T20:10:10.003Z","Benin City","Android","35-44"
"ba03f43a-70b3-410f-807a-74e8298c2329","2025-04-10T18:20:41.129Z","Lagos","Android","35-44"
"a8cfa773-17c4-4d9c-a97a-b5112202eed6","2025-06-23T18:21:11.738Z","Kano","Android","45+"
"87481efd-0699-4957-948f-6c074415f70d","2026-04-21T05:14:09.278Z","Jos","Web","18-24"
"767b2fc9-bda7-402e-b2b8-7b900fef0fb5","2026-03-16T14:08:11.987Z","Kaduna","iOS","45+"
"ebcfdf28-bfa2-481d-988c-2633169dcc39","2024-08-29T06:50:19.077Z","Kano","Web","18-24"
"baa9879e-adf7-44b4-af3d-fc7b5cdc6f62","2026-02-27T00:38:52.639Z","Lagos","Android","25-34"
"0fb0cdfa-bd40-490e-80e4-0052cb3b718f","2024-07-24T13:55:22.090Z","Abuja","iOS","25-34"
"38250ff8-9119-424b-b1f4-4728f5f6c6c0","2025-09-25T19:55:42.511Z","Abuja","Android","35-44"
"f882e3c1-01b0-4543-89e3-60b735f16c38","2025-02-15T19:09:39.722Z","Ilorin","iOS","35-44"
"1699df2d-74b1-4e30-aac0-a732ee90a724","2025-02-03T16:44:09.708Z","Jos","Web","18-24"
"3053a1c9-21bb-47fd-b73e-b0d2511dcc59","2024-12-01T02:34:15.611Z","Abuja","Android","35-44"
"c5f0663c-a857-4978-8d67-7cb83e0cb8bc","2025-01-01T15:40:42.954Z","Benin City","iOS","45+"
"72dfb8b9-f471-4a9b-a6e8-ad41683e5c79","2024-09-20T06:31:29.701Z","Port Harcourt","Web","45+"
"68a64115-5166-4888-9a24-202921a78d26","2025-08-14T05:14:20.823Z","Jos","Web","35-44"
"04946a71-6757-42f1-b76b-164357ef4d05","2025-06-08T23:01:05.142Z","Enugu","Web","35-44"
"cd16dcea-e85d-4db9-a6d7-58cdd3a3cca8","2025-07-03T06:21:23.068Z","Lagos","Web","18-24"
"239f2afa-4f6e-43a8-ba6e-9b6b19d4335b","2025-04-30T23:21:25.187Z","Benin City","Android","25-34"
"259dd81e-0f49-4cae-8c5b-48ac79eaf5ee","2025-05-20T08:38:42.356Z","Jos","Android","18-24"
"090db66a-4dcd-4954-b51a-162392dba1a3","2024-09-16T18:45:51.095Z","Abuja","iOS","18-24"
"d0d1b823-c043-4834-9b63-b8775e6ad9ef","2025-09-14T00:48:53.462Z","Lagos","Android","45+"
"3e56197f-fb8a-424c-8118-2266163211b8","2025-06-17T20:19:58.610Z","Ilorin","iOS","35-44"
"1e0e5cff-ece4-4bf5-8d6a-08712f1222fb","2025-05-23T03:31:10.319Z","Port Harcourt","iOS","35-44"
"a08fa888-6352-4640-8b1b-3f35cf91517e","2025-11-04T05:43:29.979Z","Enugu","iOS","25-34"
"2d80d95b-5b78-4335-8bb0-a303b906e9ea","2025-05-05T00:40:56.954Z","Enugu","Android","45+"
"d3b099b7-8428-4a27-b2df-6bdd45a5923c","2026-05-05T15:50:50.497Z","Kano","Android","35-44"
"ee984145-fea8-4986-b43a-8c05f409bd90","2024-12-19T16:32:14.149Z","Ilorin","iOS","35-44"
"1b48940d-b236-4243-92bb-fd9e860c8609","2025-06-24T14:25:51.108Z","Benin City","Android","25-34"
"2c63b1d9-a759-4961-a02c-ad9aa10de7d6","2024-10-29T18:52:16.930Z","Enugu","Android","35-44"
"5988cc19-73c7-4d4b-84dd-df926312b060","2026-02-13T10:23:50.470Z","Benin City","Web","25-34"
"cbd5cdf8-5f57-4a1f-ada0-cfc17422d7fd","2024-09-08T17:52:17.124Z","Enugu","Android","45+"
"f6701bdb-1cc0-4489-8a12-5a1e80fd82af","2025-01-30T09:22:22.395Z","Lagos","Android","35-44"
"cf2824d0-b7bd-445d-924f-9d4d9215d940","2025-05-04T17:53:44.324Z","Enugu","Web","18-24"
"dc429783-74ba-4deb-ab22-ed3c32a65a3d","2025-07-09T09:51:49.278Z","Kano","iOS","25-34"
"b1cf72bf-83ad-47d7-bced-b39a1807662c","2024-12-20T21:50:29.746Z","Kaduna","iOS","35-44"
"022617ed-635b-4ad1-90dc-e100fbf9b773","2024-08-30T16:42:59.561Z","Lagos","iOS","25-34"
"bea1093d-a1ba-4b95-956b-c3d20784281d","2025-08-05T01:37:56.527Z","Abuja","Android","45+"
"9fe0594c-d163-450e-a17e-26b60a97bc44","2026-04-19T10:49:52.526Z","Benin City","iOS","18-24"
"a44e1bd3-dad2-4e6e-99dc-966a07756f3f","2026-05-08T01:18:09.706Z","Port Harcourt","Android","18-24"
"a18787da-3bb6-421a-acd7-2f5f098cd33f","2025-12-02T17:28:01.943Z","Kaduna","Android","18-24"
"5a685241-b315-48b2-b246-cbcdb0fb378e","2025-10-21T11:29:28.055Z","Lagos","Web","35-44"
"acc1f2c4-24ad-49e1-bde3-fe083d362407","2026-04-14T08:16:07.122Z","Ilorin","iOS","25-34"
"20508e3d-b448-4295-bf15-facce5229cb2","2024-10-31T14:22:50.762Z","Port Harcourt","Web","45+"
"750facb7-d294-47a8-ba72-0b3ec4e4c564","2025-12-29T05:00:34.732Z","Kaduna","iOS","18-24"
"48a79a55-f3a7-4b16-98de-9d3e64e8ca95","2025-11-11T17:06:06.143Z","Abuja","Android","18-24"
"be7c5d83-89f5-4ca2-a2a3-b20a9454a1ef","2024-08-28T12:49:20.875Z","Port Harcourt","iOS","18-24"
"b3d0acc8-b1b4-440a-842a-3bb13764125f","2024-06-21T03:36:45.383Z","Benin City","Web","35-44"
"24856baf-f786-49e1-b1ea-c4accd0f6761","2025-07-02T21:31:50.053Z","Ilorin","Web","35-44"
"d799823c-3a2d-4bf6-b511-7172c6fa08c0","2025-07-26T20:48:06.096Z","Abuja","Android","25-34"
"3cdcbd15-8b15-431d-8f63-aef1eb23b8da","2025-03-17T15:38:11.032Z","Jos","iOS","25-34"
"867b555f-aeb3-4aa0-9cbc-5180902c686c","2024-07-30T05:19:42.483Z","Port Harcourt","Web","35-44"
"6311b01f-38b2-4031-998a-55576c6d7de8","2025-03-17T23:31:08.302Z","Jos","Android","35-44"
"cadd7838-de55-481b-8151-e61447dde67c","2026-04-14T03:13:24.844Z","Enugu","Android","35-44"
"b329abd8-6672-4009-83e1-fd6f17112a4f","2025-03-04T06:35:49.350Z","Enugu","Android","35-44"
"66185af1-087a-4ef3-947a-1a126c319126","2025-08-06T10:39:09.757Z","Jos","iOS","45+"
"eebd7bc3-667f-4c5e-9edc-2d7c17d6f8cb","2026-03-24T03:54:56.101Z","Abuja","Android","18-24"
"cc8e849f-98b2-41fb-b0cd-0e9e1615d267","2024-11-03T07:55:27.219Z","Lagos","iOS","35-44"
"6846414a-6b79-498a-b515-9c267e6c71ee","2026-01-31T07:41:24.498Z","Lagos","Android","25-34"
"2a66bc2b-1c36-4fe6-a082-f03f0c42f11c","2026-01-06T09:42:06.096Z","Port Harcourt","iOS","45+"
"bae433e5-fbea-4967-94fb-a086c98fce63","2024-11-09T00:09:08.879Z","Port Harcourt","Web","25-34"
"652a31a1-236a-4cd2-b165-602a8e5777ca","2024-10-04T21:12:34.587Z","Benin City","iOS","35-44"
"a0449f6d-613a-4f14-9f15-a5aaefd2de33","2025-09-20T16:28:25.532Z","Benin City","Web","45+"
"473ae6e7-85f5-461c-8541-868aaad2a15f","2026-02-05T03:54:11.053Z","Benin City","iOS","25-34"
"76b705f7-f5df-4b81-af19-dcf78df6b333","2024-06-01T14:59:16.764Z","Benin City","iOS","25-34"
"4a86a7cf-dc0f-41b5-a6dd-e16d93dee6fe","2024-09-15T01:46:52.474Z","Jos","iOS","45+"
"bd451ce8-1cce-41c8-823a-a996a9358e42","2024-09-12T03:46:40.780Z","Jos","Android","25-34"
"db4c1660-6c49-4e12-a6cf-e2d487e600d2","2024-11-26T08:29:50.566Z","Ilorin","Web","18-24"
"d6e059e1-d9a1-45ab-bf4a-8e17dfa70553","2024-11-21T20:20:50.265Z","Enugu","Web","18-24"
"c4b6bf29-b00c-4f3f-81bb-3ddc7211033b","2025-12-10T15:09:48.151Z","Lagos","iOS","18-24"
"35d4b088-0045-48f1-bd06-aa89903cf9ea","2025-02-07T06:02:52.446Z","Ibadan","iOS","25-34"
"5e937516-c1ec-40a5-98c3-2f6b4909734c","2024-11-10T18:20:18.611Z","Ibadan","Android","35-44"
"7203f4e6-ea23-43e4-8c3a-463d99b48fea","2026-03-23T17:02:21.486Z","Jos","Web","18-24"
"a26ec78a-28f8-48bf-9d2f-a833f36914d1","2025-12-05T02:43:58.734Z","Lagos","iOS","45+"
"d165af6b-6abe-4744-a516-7fd8ac36c8f9","2025-04-28T07:23:00.004Z","Lagos","iOS","18-24"
"a17afb4a-546a-453b-ad12-35c9eb627bf8","2025-12-24T13:44:22.758Z","Jos","Android","35-44"
"89125ff6-c229-4081-8e98-afb971aa38d1","2025-03-04T00:43:04.239Z","Port Harcourt","Android","45+"
"04c017cb-528d-46e8-8f7f-d22d3a8d6dd8","2025-06-03T04:49:29.922Z","Ibadan","Android","18-24"
"879159e4-96f5-4747-ad6a-918a9cb96604","2026-01-21T07:16:04.316Z","Enugu","iOS","25-34"
"bf5cac89-941d-4195-a4f2-d151a416a8fa","2025-07-28T12:25:10.569Z","Jos","Web","25-34"
"f4b760ca-68c1-47d9-84dd-935182a4912b","2024-06-17T04:46:04.761Z","Lagos","Android","35-44"
"49e5a576-b6ed-4c0a-b957-3232789ee69f","2025-12-01T20:40:26.803Z","Benin City","Web","35-44"
"fd5051c9-87ee-4565-82b8-b66572172c96","2026-01-10T12:19:57.331Z","Ilorin","Web","18-24"
"d3ca3be1-e5ed-4942-b5bc-9919142a7dbd","2025-07-09T09:48:48.656Z","Jos","Web","25-34"
"b3c885ae-5fc6-43f3-a657-0293745555a3","2025-07-03T01:07:22.871Z","Enugu","Web","25-34"
"abef6084-0829-457a-a418-6443005fc3d6","2024-07-05T02:25:48.808Z","Port Harcourt","iOS","25-34"
"7814565e-9c0d-48de-9406-bfee6891f75b","2025-11-29T08:25:28.993Z","Ibadan","iOS","18-24"
"e4c3ef90-61a6-4db8-80d8-1a3127adf167","2026-04-07T01:45:24.582Z","Kano","Android","25-34"
"0f868767-3418-4221-8407-25eb224fb55d","2026-02-17T04:18:55.322Z","Kano","Web","35-44"
"1177e98e-c05a-4de5-98a4-11dfc5431abe","2026-04-09T12:59:33.354Z","Ilorin","Android","45+"
"d9d8dce7-f866-4050-a42d-d70ab94ddf06","2026-03-01T23:11:20.670Z","Ibadan","Web","35-44"
"2f7e904a-632f-4842-90de-21388d1e4325","2025-10-04T03:59:30.271Z","Benin City","iOS","45+"
"fd6e0869-e70c-4ca0-bc5b-a12b5a188eb9","2025-05-14T08:58:48.291Z","Lagos","iOS","45+"
"19f8159e-45cb-4919-9f00-2677dd8a0ed0","2025-08-07T21:51:30.014Z","Benin City","iOS","35-44"
"6f44e0a0-d040-4ad3-afbd-88844a037564","2026-05-15T03:44:14.585Z","Jos","iOS","35-44"
"031ad179-ae0c-4ab2-94f4-1ab7dcccea97","2025-04-23T09:19:41.005Z","Kaduna","Android","35-44"
"ba25c7d3-07fd-45ff-b1d4-2f652a749460","2025-07-23T12:46:35.481Z","Kano","iOS","18-24"
"e28fb4b3-70b9-43d8-969a-ac87f0cf01a1","2025-12-23T11:19:23.963Z","Enugu","Android","25-34"
"81e160ee-72a7-4ec7-aa42-ed7c0094ebee","2025-04-15T02:24:53.327Z","Enugu","Android","45+"
"6c16ea4a-c066-45c3-8e63-d1097379552b","2024-11-26T23:25:45.714Z","Kaduna","Web","25-34"
"13176844-d144-4fca-bfbd-1a91b87e91dd","2025-08-08T22:18:33.522Z","Kaduna","Android","18-24"
"c066d2d4-e16b-4614-b8a6-314aa22dabb7","2024-08-31T00:54:26.828Z","Lagos","Web","35-44"
"955ce278-99be-4f19-9238-12d249fbf254","2025-12-12T17:17:05.340Z","Ibadan","Android","25-34"
"63642840-3969-4243-ae67-50727673516c","2024-11-08T20:38:43.927Z","Jos","iOS","45+"
"802d514f-60ca-4fd3-88c7-5cfec6a63142","2024-06-10T09:46:47.705Z","Port Harcourt","Web","18-24"
"f9c2b481-8c78-4f3d-9b2e-8be9d412d36a","2026-03-16T06:19:20.066Z","Ibadan","iOS","25-34"
"f56cdb87-2a30-4003-a55b-b29339557431","2026-03-14T18:08:30.204Z","Ibadan","Web","35-44"
"f81f68de-aff7-46a7-b14b-8bd44e2409f8","2024-07-26T00:47:48.405Z","Ibadan","Android","25-34"
"8ac25157-8746-48ef-a271-b2dacc05b183","2026-02-10T11:47:13.006Z","Port Harcourt","iOS","25-34"
"3a5a0e8f-fbbf-4394-b441-5e3fc495852c","2025-12-12T00:08:28.508Z","Kano","Web","35-44"
"3e3f930d-828e-4d80-be7c-d4c5d8d8e537","2025-04-25T03:55:39.018Z","Port Harcourt","Web","25-34"
"1d909883-7507-4b4a-a8c4-1c0a4f931c3e","2025-06-30T12:47:24.416Z","Kano","iOS","18-24"
"a3c82e74-51c1-445a-bceb-6cb5a32e465a","2026-05-13T00:10:34.883Z","Port Harcourt","Android","45+"
"6bf30e96-73ee-454c-88ad-4174ce9b6c93","2025-07-16T10:10:21.443Z","Benin City","Web","18-24"
"c471fd69-3582-4921-aa7c-046f9e9640ef","2025-06-06T22:54:59.606Z","Benin City","Web","45+"
"7ed1aebc-d72c-4bd4-b858-db389c4499d0","2026-05-17T08:37:49.191Z","Kaduna","Android","18-24"
"a5331e3d-c09c-4243-abc9-9de5a7c18a64","2025-08-05T23:44:13.410Z","Port Harcourt","iOS","35-44"
"6abe5523-3153-46f1-a0a7-35f801005ba9","2025-12-01T22:20:34.137Z","Ilorin","Android","35-44"
"659799d8-dd0a-4f5d-9d31-76de08f2fa32","2025-01-02T23:16:49.649Z","Port Harcourt","Web","25-34"
"859b9277-e920-4177-b5ce-95927a43714e","2025-05-15T12:55:46.266Z","Kaduna","Android","25-34"
"0f1fd778-37ce-486e-a8de-3723d8e7b621","2024-05-29T10:15:10.883Z","Port Harcourt","iOS","18-24"
"38d5bfd8-46e7-4dbe-b572-0eafe778d87c","2024-11-29T19:07:26.180Z","Kaduna","Web","35-44"
"1a2003b3-db79-4cf5-905e-baf4f21d77d6","2025-09-04T19:30:26.224Z","Kano","Android","25-34"
"5cb15f0b-6adb-4361-86a1-99a285bd3638","2026-02-01T14:15:55.713Z","Ibadan","Android","18-24"
"017fd4af-0226-41b9-a1c8-9f966fb57192","2025-06-12T21:45:00.984Z","Enugu","iOS","18-24"
"0c12883a-e8b0-4ce5-a7a5-20c0a8a3c14a","2025-05-01T02:01:52.880Z","Ilorin","iOS","25-34"
"b862c8f3-ab22-4781-9b2c-2bd9b443fc03","2025-04-12T21:35:56.984Z","Abuja","iOS","18-24"
"5749ae78-239f-4bb3-b98f-6c414edf6535","2025-08-19T07:37:15.251Z","Port Harcourt","Web","35-44"
"74f373b8-fee3-409d-93af-a000c1b45c82","2026-01-28T13:07:54.781Z","Jos","Android","18-24"
"bafd79c6-3429-49d4-b98b-163ae83f4510","2024-12-02T03:22:40.174Z","Ilorin","iOS","35-44"
"3a5a8bba-f130-40d9-a59b-4eec7c448ea8","2025-11-14T06:37:34.464Z","Kaduna","Android","35-44"
"8886938e-07c7-46e8-bfc2-50d1ca426604","2025-05-27T04:58:00.506Z","Abuja","iOS","45+"
"5ee59f65-692b-463f-b041-b6b22af4423a","2024-10-09T03:06:54.860Z","Ilorin","Web","45+"
"d71c8fe9-1c75-4767-8e26-86892ddcf5f9","2024-07-23T20:19:48.337Z","Abuja","Web","35-44"
"577f13ac-98a6-4fff-b73a-543394026761","2025-01-18T13:30:30.715Z","Abuja","Web","35-44"
"382891c5-71b0-4c2f-af07-e93c4a4c5838","2025-02-25T23:07:22.900Z","Benin City","Web","35-44"
"6013d587-86a1-46f7-8502-e21691ce7eb8","2026-04-04T09:26:27.762Z","Enugu","iOS","45+"
"739a30a3-227d-4c64-b080-a147ed2becc9","2024-12-18T20:59:04.012Z","Kaduna","iOS","18-24"
"9c768ec8-3364-4d3f-9846-b1447a207ecc","2025-06-07T16:49:43.008Z","Lagos","Web","35-44"
"8d2b54de-e2bf-40ba-a6a5-3147a1a267ea","2025-06-25T23:17:09.639Z","Abuja","iOS","25-34"
"11e3d2bd-97ba-49b2-bbb2-0becf8016d00","2026-05-24T14:32:27.626Z","Abuja","Android","35-44"
"f735ee53-c312-450d-8a15-89aa61d64d58","2024-08-31T23:33:23.628Z","Lagos","iOS","35-44"
"2310cbad-89aa-4b2d-a01b-8f2940638fee","2025-12-18T20:45:09.095Z","Kaduna","iOS","45+"
"5344340f-4587-4f98-9ab3-f217308e6f75","2024-08-19T17:42:28.242Z","Ilorin","Android","18-24"
"9cbe61ce-1edc-4f8b-851c-6234383b0ed7","2024-07-01T05:21:05.433Z","Ilorin","iOS","45+"
"8a20ee29-2194-4597-90ce-0860d25d228d","2025-06-05T18:20:18.983Z","Lagos","iOS","25-34"
"8829ddcf-7c37-48a3-90fa-dfdfd1624624","2025-04-12T20:20:47.110Z","Ibadan","Android","18-24"
"51e046e6-abf9-43f6-b826-956a4eedf233","2025-04-24T15:26:21.240Z","Kaduna","Web","45+"
"54407e22-4d84-4cbf-85f5-ef4599df2048","2026-03-12T03:26:57.029Z","Kaduna","Web","18-24"
"26a37392-5ff7-4368-8358-07ed90a501d8","2025-09-10T05:10:44.606Z","Benin City","Android","18-24"
"ee52c5c5-f6ba-49fd-a02d-5aa384d45537","2026-05-24T08:59:36.274Z","Enugu","Web","45+"
"cf97c97f-dbe9-4895-9942-8d49cfbbb845","2026-01-01T23:12:26.199Z","Enugu","iOS","45+"
"348e0bad-90d0-4186-8df8-c4d8d3eb830a","2025-06-28T13:29:24.646Z","Ibadan","Android","45+"
"bbd651d0-874e-4ffe-84bd-1bc1dc01e330","2024-07-12T11:00:26.817Z","Enugu","iOS","18-24"
"7c2a6145-4baf-4b7a-80b7-1befde84589d","2025-10-27T07:04:59.769Z","Abuja","iOS","35-44"
"39352ec4-e1ba-4ab6-b9a1-9f75d7bbf5b9","2025-07-01T07:11:46.247Z","Ibadan","Android","45+"
"c0c062b2-e7e0-4d51-bbfd-3ac92d0d9bbd","2025-01-03T16:20:17.014Z","Abuja","iOS","18-24"
"ac710257-2206-4724-9967-1f0d7a9b21b5","2025-07-28T07:53:57.747Z","Ilorin","iOS","18-24"
"fee2a697-eefb-4c02-a7e6-56bd16d847bb","2025-04-27T13:03:50.992Z","Port Harcourt","Web","18-24"
"f49726ab-0f66-4163-894d-73dc8c679c07","2025-04-19T20:02:38.697Z","Jos","iOS","35-44"
"5916f806-1063-4d17-89d8-8e7689a20b3f","2025-09-20T03:31:04.053Z","Lagos","Android","18-24"
"d5a65e84-0c5c-4520-96d8-f2c6e1b52264","2024-12-15T03:46:55.008Z","Benin City","Android","18-24"
"41faec27-aa42-496d-9213-b4e65b9a85fa","2025-06-29T08:18:23.318Z","Abuja","Web","25-34"
"8e40738c-6501-4253-b516-5426ddda06e8","2025-06-04T16:32:59.930Z","Port Harcourt","Web","18-24"
"2bb9d679-8531-455c-836b-95ecd3981f49","2024-05-28T02:31:53.631Z","Kano","Android","25-34"
"21d5421a-248a-462b-9ccc-db5ba1b705cf","2025-04-29T07:32:16.981Z","Lagos","Android","35-44"
"36985ab6-b3cc-49da-9d1f-605a5e0e4568","2025-08-15T03:45:11.377Z","Ilorin","Web","45+"
"4bf7fc40-7743-4c30-8e4a-c63171b9b32e","2025-09-02T20:47:14.090Z","Enugu","Android","18-24"
"35021262-ebc7-4c43-b228-7249bc2a9ef2","2025-06-06T01:52:58.857Z","Jos","iOS","35-44"
"34164dfb-2adf-480f-8491-ee86eb0bdba2","2026-04-13T13:16:33.269Z","Kaduna","Android","45+"
"8cedd37a-caae-4890-a13b-8656b74954cc","2025-06-05T19:58:48.643Z","Port Harcourt","Android","45+"
"1ac5a0f1-1371-4b11-9250-32ab0c12f1a1","2024-10-25T14:31:40.453Z","Enugu","Web","25-34"
"e662945f-a97c-47d3-a4da-6a7702a4c114","2024-10-22T05:41:53.714Z","Port Harcourt","Android","45+"
"3c215461-a3ca-4fbb-ba48-03032f2b1329","2024-10-16T04:15:37.088Z","Abuja","iOS","18-24"
"a925b097-dce0-4398-8ac2-0dccce2f026c","2024-12-06T17:18:04.140Z","Kano","Android","45+"
"a2fa8c54-ee9d-4720-b102-1257553c7646","2026-03-12T15:26:05.145Z","Kano","Web","18-24"
"78d23098-40ac-4437-bfd6-348716d023a6","2025-03-12T07:08:27.319Z","Ibadan","iOS","45+"
"69182663-fec7-4894-9093-c54f27918542","2024-11-07T10:11:59.589Z","Ibadan","Android","45+"
"671c40b4-fc30-4bce-8551-06b3bfaef3a4","2025-08-07T16:45:14.670Z","Abuja","Android","45+"
"37036b78-fdb0-46ff-9813-539c844239bb","2025-12-08T21:38:53.487Z","Port Harcourt","Android","25-34"
"05aa6118-2ff3-48d7-8d9c-29132df7018c","2024-11-21T06:56:04.702Z","Enugu","Web","35-44"
"55380503-c098-4594-9b08-2890e333fe07","2025-01-22T05:35:56.066Z","Abuja","iOS","35-44"
"643e2722-60b5-4b58-9db5-26365090cd12","2025-10-16T00:59:08.807Z","Lagos","Android","25-34"
"74f80959-9577-4f1c-bd18-0353eec3d677","2024-11-01T09:36:38.269Z","Kano","iOS","25-34"
"22c2064b-99dd-46a3-be1c-780eb586300a","2026-01-26T04:00:50.294Z","Benin City","Android","35-44"
"a68304ed-f404-4271-898a-3a21e2d807db","2025-10-11T10:33:53.087Z","Ilorin","Web","25-34"
"07bf28a5-d9b9-4030-b409-d3160b09e5d6","2025-10-11T15:02:31.283Z","Enugu","Web","25-34"
"a4688b5f-ed10-46c6-8fc5-85cece1880f5","2025-05-26T12:31:56.156Z","Abuja","Web","25-34"
"2f037407-3453-4fc6-9fea-195151722f6f","2024-09-11T10:52:57.526Z","Jos","Android","25-34"
"cf67f1d3-c297-41c1-8ce7-49d5d4ce9dd3","2025-12-15T08:04:51.683Z","Jos","Android","35-44"
"c575cdd5-fa09-43c0-a122-b4aebefefdff","2025-02-11T15:42:12.220Z","Kano","Web","45+"
"59bf1ccc-6470-44d5-a5e2-7e23c5243e68","2024-07-13T12:13:05.304Z","Enugu","iOS","18-24"
"7369f51e-8bd3-4954-93d5-17a24aa151b6","2024-12-04T02:26:36.669Z","Port Harcourt","Android","18-24"
"85f8e049-209a-4917-a8e9-698af7c1b586","2026-05-04T19:00:46.565Z","Abuja","Web","18-24"
"3f8de732-afcb-4c9b-9a22-f8071d67f02b","2025-03-01T05:41:07.104Z","Benin City","Android","18-24"
"8e58d13d-5d85-4b31-bd0e-20bdaa29b5d9","2026-01-30T05:09:15.473Z","Jos","Web","45+"
"50c20db9-d67d-4d44-9778-6e35f9313d55","2025-07-16T06:09:24.623Z","Kano","Web","35-44"
"55aa6288-9461-4fe7-8689-65e361c3d7e6","2024-11-08T12:48:34.143Z","Benin City","Web","45+"
"16254e97-0a31-43c9-bc0b-43f8dc239cad","2024-12-31T12:22:36.300Z","Kaduna","Android","18-24"
"7cb1c5cf-80cb-4d9d-8893-b7b67ca8e505","2024-05-30T12:21:20.552Z","Jos","Web","45+"
"121d8583-1484-448f-959f-82023413a589","2025-07-01T19:07:42.496Z","Enugu","Android","35-44"
"525853a0-9acf-4607-af4b-cd6e9473efc2","2024-10-18T06:14:26.125Z","Port Harcourt","iOS","45+"
"57ca8fc7-3c0a-4d93-93e1-16a3b6fb4762","2026-03-06T04:14:14.257Z","Benin City","iOS","45+"
"835e30d3-c6ba-416e-8321-aa4fc77dab59","2024-11-19T14:17:30.944Z","Kaduna","Web","18-24"
"8841d7fa-888b-43fb-ac32-926d64b272fb","2024-09-06T03:27:43.772Z","Ibadan","Android","18-24"
"470283fb-1384-4291-bfee-afb2a29e2562","2024-07-03T22:48:00.634Z","Kaduna","iOS","18-24"
"203c256b-559d-4082-ba02-2e5b395f655f","2025-10-08T04:13:49.213Z","Kaduna","Android","35-44"
"3320b3fb-022c-4335-bf50-24148b6bf607","2024-09-15T09:13:15.988Z","Ibadan","Android","25-34"
"c3f33fbe-6564-4920-add6-74f427b1100c","2024-06-07T14:59:34.612Z","Ilorin","Android","45+"
"f1798ec5-61e9-4e4c-8ccb-5d3f854961d1","2024-06-18T13:37:16.347Z","Port Harcourt","iOS","45+"
"2869acdc-d8ac-4f77-9fbd-de88bba850eb","2024-10-07T13:28:51.123Z","Benin City","Android","35-44"
"d44cc71d-d098-458e-898b-1e36602bbb6b","2025-05-03T05:16:53.459Z","Lagos","Android","25-34"
"43fb213e-c508-46ac-8aa6-780dd9fc6a62","2024-07-16T19:55:54.431Z","Abuja","Web","45+"
"451ba659-216a-4b7d-a970-cd654f4c5145","2025-10-31T02:43:34.432Z","Kano","iOS","18-24"
"e3a55f93-182e-4c04-8cd2-d7f6bdc39e59","2024-10-12T03:07:40.351Z","Port Harcourt","Web","25-34"
"34f5db1f-3755-4f86-86fc-b4e4d9b150ea","2025-10-17T16:07:19.138Z","Kaduna","Android","45+"
"50bc2757-c640-4b1b-b146-ac92ac5e2c0e","2025-07-04T00:03:02.271Z","Abuja","iOS","18-24"
"906537b8-7433-47e8-bba7-9446e2ab19c4","2025-10-04T06:20:09.522Z","Ibadan","Android","35-44"
"b782885a-4ef0-4dd6-9525-8c48eff3bf51","2024-12-24T22:02:26.009Z","Enugu","Web","25-34"
"94c6192f-bcf3-4340-9647-d9a214d7afe4","2025-02-22T07:00:40.829Z","Kano","Android","45+"
"b0938219-55cf-4f99-971b-512b58f09cb7","2024-12-28T03:47:31.624Z","Port Harcourt","Android","25-34"
"18307edd-9015-4c65-8efa-ded9dc1b1c82","2026-05-02T22:41:22.802Z","Port Harcourt","Android","35-44"
"f3ab3e28-f2f7-4a31-a1c6-890fdcdc8e79","2025-09-14T06:17:08.909Z","Benin City","iOS","18-24"
"0d7be62f-dfcb-4bd0-a9db-423568577751","2025-05-13T17:26:20.879Z","Port Harcourt","Android","45+"
"a0bfabdd-6361-4d24-b60e-fd4a765f2ae6","2025-08-11T16:08:50.985Z","Abuja","Web","18-24"
"c0ca517f-2114-4afb-aaa0-7055e89ffb0f","2026-01-25T02:50:33.680Z","Kaduna","iOS","18-24"
"bb3ff008-78d4-4f66-bf76-05bd10b4f915","2025-06-13T19:18:01.901Z","Enugu","Android","25-34"
"a214cbca-e210-47bc-b466-2c99d4b042fa","2025-09-17T01:30:59.119Z","Jos","iOS","35-44"
"e0c8b7fa-4783-4d37-bc96-e43824a9810c","2025-07-08T23:54:08.770Z","Jos","iOS","25-34"
"bd7447e3-6d9a-4b3c-8121-a7c86300a0c6","2025-07-02T11:08:26.815Z","Ilorin","Android","45+"
"28f4d16e-4535-4281-8649-48ec4de481cd","2025-11-28T02:38:01.820Z","Jos","Android","18-24"
"8c9a6efb-1dae-4b4b-b034-792673b8f52f","2026-05-20T00:36:50.746Z","Benin City","Android","35-44"
"10c2bcb1-ef9b-47ff-b1db-56f971baf31a","2025-06-26T07:03:33.116Z","Benin City","iOS","18-24"
"76eb5cc8-7bc2-44af-a596-83d97ed26764","2025-07-08T11:54:34.731Z","Kaduna","iOS","45+"
"a65a2e3d-ede6-4ec5-8208-d448ce6ebd81","2025-02-27T12:34:40.072Z","Ibadan","Web","45+"
"5bf5aebf-9786-465a-8e4e-faa2c2384f27","2025-01-01T17:50:08.800Z","Benin City","Android","25-34"
"71745613-5e59-41a9-9919-2fd7d1801356","2024-11-29T12:51:03.305Z","Ilorin","Android","35-44"
"a7716f6d-8368-4a9d-8b73-fdab11d26c34","2025-10-06T18:39:33.558Z","Port Harcourt","Android","45+"
"0820b4e1-2851-4e90-8717-e47f85c0a0cf","2025-02-23T14:34:25.860Z","Abuja","Web","45+"
"b068255c-0c37-472d-b57f-ab5ce6069432","2024-07-18T03:15:54.505Z","Enugu","Android","35-44"
"de721568-8313-4451-9c97-5a7bf7deedc1","2025-07-12T04:34:15.471Z","Ibadan","iOS","18-24"
"14ae8525-8fcc-4882-b6d3-7a6d4f2a9a1e","2025-12-18T16:20:08.772Z","Jos","Web","18-24"
"ed5f6b83-29fc-469c-95e8-3be9532bbb68","2024-12-11T03:50:06.242Z","Ibadan","iOS","45+"
"10edf0ff-671a-4b7f-afb1-ae7c524559ab","2025-08-20T12:24:13.611Z","Port Harcourt","Web","45+"
"edb49722-b204-4a3f-a7d1-9a91f7a6ada3","2025-02-08T08:53:59.612Z","Abuja","iOS","18-24"
"24641bde-4521-4de5-800f-24634b7ce842","2025-04-20T06:45:38.481Z","Benin City","iOS","18-24"
"b352cd1c-968b-493b-b313-a1520e360c03","2025-08-29T06:56:18.694Z","Lagos","Android","18-24"
"694217b4-6a6b-4f33-a52e-c8de8d685638","2024-11-05T21:03:23.732Z","Abuja","iOS","18-24"
"f9c98152-065d-4694-b4a8-29e8ca5b72cb","2025-07-07T19:43:57.304Z","Port Harcourt","Android","45+"
"c0744bf0-2bc7-4c62-ba53-ee51a2c4410c","2025-06-30T11:10:30.725Z","Kaduna","Android","25-34"
"8dd522bf-503e-4e70-b9da-66c30d5f5d98","2026-01-07T09:49:51.542Z","Lagos","Web","45+"
"d1d5ca2a-1100-4898-97fa-95e9d7d73fa5","2024-11-21T10:43:01.397Z","Enugu","Web","45+"
"f7acdcc7-eb19-408f-8cb6-db098e7bed88","2025-11-29T22:15:33.243Z","Ibadan","Web","35-44"
"49e55409-621b-4dc5-97de-84659c16ab4a","2026-03-30T17:26:01.305Z","Jos","Web","45+"
"aef1a5b0-75e6-4d4c-bcaa-3053710a4bdb","2026-02-25T02:42:46.363Z","Enugu","Web","45+"
"afb7a8bd-00d7-419c-be6e-6b735a57bd5e","2025-01-23T12:14:19.702Z","Ilorin","Web","18-24"
"9f32433e-7558-4ef9-9f80-cd4c746c613e","2026-05-07T18:10:23.595Z","Abuja","Android","18-24"
"f1c4f151-0549-4f2f-9237-ef139d530c2d","2024-10-01T13:04:05.031Z","Ibadan","Web","25-34"
"de7b8f99-2fe0-463b-adbb-a50dff151d78","2024-12-26T02:54:08.246Z","Lagos","iOS","25-34"
"e0a41a02-f4b6-4d48-a264-796de030c36d","2026-03-06T01:43:26.593Z","Enugu","iOS","45+"
"f17e2a9d-2093-4e3b-a164-bcc6d83378fb","2024-09-22T15:12:20.552Z","Jos","iOS","35-44"
"08bb8a5d-12be-4a9f-90bb-91ade7056965","2026-05-01T23:52:48.893Z","Port Harcourt","Android","25-34"
"cfd28fb5-7132-4784-8bdb-03f59b88e617","2024-10-30T01:56:57.881Z","Jos","Web","18-24"
"d771f2e3-4dd9-40d3-a6cf-242aac682606","2025-04-16T15:52:06.124Z","Enugu","Web","35-44"
"d0a46118-86c2-48da-b81c-7adad0ce0653","2026-01-18T22:16:57.922Z","Lagos","iOS","25-34"
"d23db0d0-ca5c-4de5-8b68-b680fbdaa7c1","2026-02-06T06:22:59.486Z","Ilorin","Web","25-34"
"13efe304-dbed-48a8-ae0f-2fb29949927a","2026-04-15T07:47:16.953Z","Kaduna","Android","35-44"
"2cb8bed0-8773-4deb-b1b4-f59f4f2ebd58","2025-09-21T03:20:43.751Z","Lagos","iOS","18-24"
"39d5265d-a3d7-445f-a1fc-e08190949af2","2026-01-17T00:21:04.845Z","Ibadan","iOS","18-24"
"33943762-f700-4e05-b6d2-c9b2cfbaa528","2025-12-18T01:50:47.746Z","Enugu","iOS","18-24"
"0e6dab43-de88-46e2-be6c-79cfce2b3c93","2025-12-02T11:49:08.971Z","Enugu","iOS","18-24"
"6948bcf3-5e16-41d8-9d8a-05e957bf520e","2025-09-27T16:05:03.669Z","Lagos","Android","18-24"
"257ecbad-ec0b-4cc9-8e9a-6eb1b6ad9e37","2025-01-30T10:49:56.570Z","Enugu","iOS","18-24"
"d6df9ff6-5397-41ff-8da4-1f481b7074bc","2025-06-08T14:20:05.041Z","Ilorin","Android","18-24"
"d7c27aca-9673-4099-a4db-f34e90fbb4e3","2024-08-24T01:07:20.583Z","Port Harcourt","Web","35-44"
"e95bfd61-10f4-42fa-935b-126d85412443","2025-08-31T04:39:22.297Z","Lagos","Android","45+"
"1d2c2aa4-a85e-4c7c-90a3-68d27d508f13","2025-01-05T04:13:13.797Z","Ibadan","Android","25-34"
"827acb7d-e5c1-45fe-a271-568c613fd2ac","2026-05-04T17:38:53.085Z","Lagos","iOS","25-34"
"5259bf6e-8929-44ec-8321-608eec0a3e21","2025-03-21T15:23:40.429Z","Ibadan","Android","25-34"
"f7c1f7fe-37a7-4761-b527-eb8bb5b1297c","2025-07-14T22:12:03.577Z","Abuja","iOS","25-34"
"66e79142-ec00-40cc-a103-ce98308a98e4","2024-10-29T21:44:32.902Z","Kano","Android","45+"
"aac6df1a-d882-4d65-8f57-76bd10a21eef","2025-04-21T02:12:45.271Z","Ilorin","Android","45+"
"c2343b11-3a19-42c2-82b3-f4f32bf91aeb","2025-01-24T15:17:51.029Z","Lagos","Android","45+"
"8594d8f5-2b60-4cf5-9e57-a508f3559071","2026-02-05T08:21:18.853Z","Lagos","iOS","35-44"
"9be0c488-ccad-4bd9-956c-d0f0efa11932","2025-04-12T22:10:48.445Z","Ilorin","Android","45+"
"a7a39e93-c5a5-45c6-a61e-530696dd202c","2025-10-27T17:10:41.181Z","Kano","Android","45+"
"3714e077-8224-4df8-9282-f884b507477e","2025-08-14T19:23:13.143Z","Enugu","Android","18-24"
"f14d6ba9-2590-465c-ba69-547f1e243615","2024-06-11T14:58:02.955Z","Jos","iOS","25-34"
"c7e42623-f2f4-487c-a04b-95f8a0830263","2025-04-02T22:03:00.695Z","Kaduna","Web","25-34"
"5d36d13a-d544-4a39-a412-4628da6c5edb","2025-01-21T12:42:22.185Z","Jos","iOS","45+"
"ba3622e7-d53a-42d7-afd6-21aa58d32f31","2026-05-15T06:28:33.348Z","Lagos","iOS","25-34"
"ca707835-71bf-4884-a0f0-584530d586e3","2025-09-02T06:32:26.679Z","Ibadan","Android","25-34"
"491919d6-c9c3-40fb-b9c3-66e0b2ac9f78","2025-11-17T11:04:58.219Z","Lagos","Web","45+"
"34654b12-33e2-4d73-a43f-45fe3d3041cd","2026-05-10T06:01:06.798Z","Enugu","iOS","45+"
"287db773-4417-4983-9fc2-229ba3a990fb","2025-01-24T17:15:54.528Z","Enugu","iOS","45+"
"8a04b8ea-b197-424e-a2c7-2620e20e995e","2024-12-22T02:24:43.875Z","Jos","iOS","25-34"
"a75feee2-3bf9-43b9-9e79-638c6163e466","2025-11-08T20:15:10.052Z","Enugu","Web","25-34"
"7033eb79-5061-41bb-b807-ebdcb4d770b0","2026-05-18T19:46:03.329Z","Ibadan","iOS","45+"