transaction_id,user_id,timestamp,amount,transaction_type,payment_method
"f9df9bdd-ebb8-499e-a2fd-cd91122fe71b","687cc0b3-b049-4313-ab78-65b7bcae9297","2026-05-25T01:57:10.957Z",114374,"Utility Bill","USSD"
"fc4bb071-4839-4fa8-b904-f28bde23dc1c","ae11dad6-5f14-4fda-bf4b-8e33798be995","2026-05-25T09:38:56.084Z",126476,"Betting Wallet Top-up","USSD"
"3e9b4607-5014-442f-a3dc-f29fd75db9fa","a5c3f7e5-7b23-4930-aeb6-6f45a45bcf89","2026-05-25T01:52:11.333Z",15869,"Betting Wallet Top-up","Cards"
"9af3c8a1-cce7-4221-a757-d920d9031f17","3d9570fc-f645-4084-bf1d-c8ff83831ca3","2026-05-25T08:09:24.988Z",26474,"P2P Transfer","Bank Transfer"
"3c3501cc-033d-4f5f-892b-02b75bbbb0e1","0eda73de-8967-4101-a1b8-0c5f6e001c79","2026-05-25T12:11:36.923Z",73269,"Airtime","USSD"
"12c67ef8-43ea-43d4-9bb6-6af7c54e9614","72255d16-e0c0-4b47-8c92-330dee4f6c24","2026-05-25T05:06:51.806Z",25368,"Utility Bill","USSD"
"79478b00-8562-449e-a1b0-76a93f1c8e6e","0b947051-25cf-4330-b1bc-3cfe9686fdee","2026-05-25T12:21:34.268Z",141318,"P2P Transfer","USSD"
"3a084590-4a96-4a1a-af03-98b1ea27019c","3d023e13-3296-444d-b861-5cbd4b83ffe1","2026-05-25T10:14:28.555Z",58320,"Utility Bill","Bank Transfer"
"ec4eac59-fd91-4040-b009-f50bb39e9adf","e82c9974-8c3d-4810-a928-c96c34ba18d0","2026-05-25T05:03:02.051Z",137184,"P2P Transfer","Bank Transfer"
"71e6258c-8f48-4285-b098-b9a52e6d752e","a14ce860-48d4-4075-9b18-37eb8098afc2","2026-05-25T12:42:14.093Z",15670,"P2P Transfer","USSD"
"41df1488-813c-4de3-aca5-5a3f45f69a9f","1326dd97-629a-4181-9e13-4b987ed887e1","2026-05-24T18:19:43.964Z",66448,"Utility Bill","USSD"
"77cc3901-5ceb-4017-b131-97805ababc5f","8251e488-3edc-4775-be84-a7904a13c83d","2026-05-25T15:10:42.976Z",35451,"Utility Bill","Cards"
"c0bc756b-dd4a-4231-90b8-e06009dd4c54","7ace4527-70ea-442e-939f-d7a9b0c01566","2026-05-25T03:38:37.400Z",77720,"P2P Transfer","USSD"
"42af22fd-01c6-4229-91e2-1dbbe71cc8b1","a010792c-63a7-4f45-b270-8f098188148c","2026-05-25T08:23:04.806Z",87696,"P2P Transfer","Cards"
"1d6411ea-3010-4b6b-bcd6-9da4efa91321","86c31e63-99ac-4477-be26-e1c9e6c2b054","2026-05-25T15:09:41.013Z",96011,"Utility Bill","USSD"
"c8d56527-f659-48e7-a302-89f3a4adfad0","852c0a4e-3c0d-4f00-8701-d27b1a327896","2026-05-25T04:26:58.832Z",38885,"Utility Bill","Bank Transfer"
"307cc685-6ad5-40f8-9edd-4bdac4b8d3e3","c3f59aa1-8344-4a62-84d4-e91879358240","2026-05-25T06:24:30.170Z",22574,"Airtime","Bank Transfer"
"02fdf480-afdf-4036-9048-7dcf315fee70","0a743347-00ff-422c-9c97-75b849faf13f","2026-05-24T19:56:59.783Z",69651,"Airtime","Bank Transfer"
"f1111fbe-ba94-4355-9b2d-7b7ab307535c","ef51ff6b-e0be-45ca-a740-8f8940f96523","2026-05-24T17:08:53.573Z",100359,"Betting Wallet Top-up","Bank Transfer"
"fe404acc-49b6-4880-975e-0fc5698d98db","fad29c25-51f0-4e3f-9655-98a04c2cc111","2026-05-24T21:34:08.966Z",115479,"Betting Wallet Top-up","USSD"
"6fd0fed7-e48f-4bf1-890c-9e2f396d7c39","b816e219-8f58-42d9-9693-b1907a7192bc","2026-05-25T12:07:36.979Z",11199,"Airtime","Bank Transfer"
"2654f74f-b566-4a80-bcfa-6607e21d1a98","2f8dafb0-00ff-40ee-b061-24a3960eadac","2026-05-25T05:52:05.401Z",67937,"P2P Transfer","Cards"
"55102019-4296-4879-abcf-e8130eb7b349","ff6c18d7-6fd2-4bd6-97fa-728c567e0a0c","2026-05-25T01:12:44.391Z",121782,"Airtime","USSD"
"f23b7e0c-22e8-4a57-9182-e487f23ce5be","1ac28478-4eca-4aec-b201-66db02afc0cf","2026-05-25T11:47:08.054Z",101461,"P2P Transfer","USSD"
"74edc2cd-1e98-49e7-9b31-8440e7349c63","de3ee89f-3711-4b19-8057-da06cde6d04f","2026-05-24T23:12:30.904Z",120994,"Airtime","Bank Transfer"
"f7ab3c2c-cbbf-4aa9-b192-19126dbf3f78","6b0a7df7-3f7b-410f-8274-ec52f1a74ff3","2026-05-25T12:14:59.294Z",12940,"Utility Bill","Cards"
"4b9bb2a8-a34d-454e-912b-0aa37da165f3","99d085cd-90b8-4efc-a463-8ec0cfc94dd5","2026-05-25T00:38:01.173Z",132890,"Airtime","USSD"
"5466f64c-f1e4-4501-94fd-96b2e9867936","5073c2e7-8af0-46e5-83e0-279212236d09","2026-05-25T02:46:55.171Z",104362,"Utility Bill","USSD"
"3b8baeb3-da12-49af-a49c-0d2e3eda6eae","852860dc-a3dd-4642-bdbe-a351a4282674","2026-05-25T11:11:06.396Z",43226,"Betting Wallet Top-up","USSD"
"173d5ca2-e982-426c-97d5-2c7e6ffc03cb","ce9e63e1-232c-4acf-9fc4-ed827796fe76","2026-05-25T10:12:57.158Z",41834,"P2P Transfer","Cards"
"e865833f-ad31-48a2-9774-7cb68eb4304e","5302c0c6-7575-457c-b78b-3e9afe0fc77e","2026-05-25T03:44:58.028Z",19255,"Airtime","Cards"
"45033578-ef0c-4f05-938d-3f1420060428","c500876c-6d80-425c-ae1e-256b55c5407d","2026-05-25T10:23:19.930Z",69021,"Utility Bill","USSD"
"5288aa70-91d2-4855-ad7a-2f68fe296885","4996b3d6-5d0c-47ef-b307-4531271b4777","2026-05-24T23:27:46.474Z",106686,"Airtime","Bank Transfer"
"10f70699-6956-4a5d-8b26-ee2f0ee3b259","373a52f6-7210-4d2e-abd4-6b830c4279e9","2026-05-24T20:15:52.143Z",51528,"Betting Wallet Top-up","Bank Transfer"
"e4d3b569-f70e-4109-b6da-eb304755d96a","46cd90d0-3229-49e6-916e-dc0a3225472e","2026-05-25T15:01:21.082Z",109859,"Betting Wallet Top-up","Cards"
"b127e36c-b303-4e43-a248-2990662a747c","160005be-f0a9-442f-b443-5a8a28b0ee04","2026-05-24T22:46:39.110Z",83337,"Airtime","Cards"
"02e6eaef-b423-4784-b08f-171245bf8e47","eec8aeb3-0bd3-4565-a598-47edeac45b35","2026-05-25T07:41:35.430Z",46480,"Airtime","USSD"
"73477d6f-f68a-4075-90db-b2489d343529","6524c43e-7cd1-4e4d-8a9e-f0c802c1aae7","2026-05-25T07:21:59.731Z",68132,"Airtime","Cards"
"c5a850a9-5631-4361-94ed-9f6750aa097d","2381725d-03b5-4a0a-92f7-a28757654a2f","2026-05-24T20:05:13.148Z",41196,"Airtime","Cards"
"01fda13d-5f0a-4a84-804a-0de4284586cd","47a1b9e0-ceaa-469b-8b3a-9a9f925a5049","2026-05-25T05:51:04.836Z",61658,"Utility Bill","USSD"
"02e3100b-d49b-4f6a-84a2-5dc31118d418","6c9a7e55-9bfd-4bfd-b90b-1d52521717cc","2026-05-24T19:47:59.674Z",97659,"P2P Transfer","Cards"
"65d3f361-4cbd-4d8e-9f28-11b427cdcdad","03439974-8c33-41ca-a815-057932fdc1c4","2026-05-24T16:59:31.370Z",53388,"Airtime","USSD"
"04237edc-70bc-46ec-bbd2-339cc08e327d","bbe2094b-7f4c-4a21-8106-be6df31794cb","2026-05-24T22:44:28.170Z",20336,"Betting Wallet Top-up","Cards"
"c49e9473-a7e5-45a1-8631-1996b805d359","d08c0b21-70a8-42e1-a9ff-fa218e4ff1a3","2026-05-25T12:53:12.285Z",115888,"Utility Bill","Bank Transfer"
"a5693fa8-ddfb-47f0-b197-696d887b6f53","01641caa-c6c4-4561-8d4f-e13b09734f18","2026-05-24T16:11:34.177Z",46249,"Airtime","Bank Transfer"
"b9358056-9711-45d7-8cb7-2243f41bca11","c27685e4-ced2-4c90-956e-8d88d092d815","2026-05-25T05:53:00.167Z",88188,"Betting Wallet Top-up","Cards"
"3c35224b-f41c-4b19-a64b-d1877344e81e","1df65b95-c180-4e0f-a1f7-2c3f9538c9fe","2026-05-25T00:43:58.128Z",116444,"Betting Wallet Top-up","USSD"
"389ba21e-ada0-4175-b600-0ae9c93bc91e","81b7f4c3-a56d-420b-801a-653731c0bbe2","2026-05-24T23:49:37.079Z",124684,"Utility Bill","Bank Transfer"
"5f5b84ec-5cdd-44ff-bbd2-703ad28ead50","b171a9f3-6480-4737-993a-2bb4a68430e6","2026-05-24T17:17:02.136Z",137121,"Airtime","Cards"
"5e4801a6-e359-4e0c-b08c-1033e99e8e71","bc8d7d75-0c43-4a70-9559-c499f0953b04","2026-05-24T15:53:46.166Z",82947,"Utility Bill","Cards"
"e1349734-3c1a-4408-8d3e-f926c3f6d170","7e0544f6-20f9-4ca7-9eb1-9ecec598b77f","2026-05-24T21:30:35.798Z",6934,"Betting Wallet Top-up","Bank Transfer"
"281e6d63-40a5-4db7-8e1e-a2091d866d96","5c2e6d8d-4fb3-4445-828f-ebc1277aa6f3","2026-05-25T07:32:41.546Z",79931,"Airtime","Cards"
"e8db8a91-ec90-44ab-9f43-01b1fff469ca","c7073969-fea1-4c05-9160-173c600728ed","2026-05-24T16:28:11.959Z",110075,"Utility Bill","USSD"
"32d6d45e-72f7-479c-925a-8b18a9cbd218","f5c93bd1-1e59-4de0-a65e-93d3c53659a3","2026-05-24T15:56:40.203Z",136050,"P2P Transfer","Bank Transfer"
"b0b54a1e-38a1-4e72-88de-24f53ffa505e","822bd22c-9b7c-4e07-bd83-f88fa6ded969","2026-05-25T13:29:35.594Z",103281,"Utility Bill","Bank Transfer"
"3c1e03c4-e08d-4696-a708-878085e6cd4a","542c0ff7-b146-44f3-a0b7-70830f19658b","2026-05-25T01:04:40.405Z",107849,"Airtime","Bank Transfer"
"5ea83f3b-8974-4e69-829e-a75b115ef2ec","8c9d25bf-81ea-4b24-b932-48acad452d4c","2026-05-25T02:39:51.953Z",60683,"Airtime","Cards"
"3e348982-609e-4b86-b09a-aa0fd6d87c3e","0e1bc54f-76a4-4207-83a9-704f8ee48679","2026-05-25T09:00:50.183Z",53137,"Utility Bill","Cards"
"dec72cd5-0204-4ce7-b1f0-2167d953d30d","d6a6b06f-cec4-42cd-8024-b57a215fe8ab","2026-05-25T04:19:30.356Z",116099,"Airtime","USSD"
"c5d1e3ab-aab6-4b2a-9ef7-a5b804e6568c","e894c766-e476-49ea-ac94-8054454953ed","2026-05-25T04:37:40.696Z",149894,"Utility Bill","USSD"
"84439a17-d465-4898-88f6-74df4309111a","5cb3d490-50c2-4799-bc3e-d1cb764bc3ae","2026-05-25T07:40:51.325Z",18022,"Airtime","USSD"
"60ef44a0-ec54-4033-8169-50e66d2d1712","da345cf6-5053-45d8-acbc-e12f877674f8","2026-05-25T10:45:42.159Z",148721,"Betting Wallet Top-up","Bank Transfer"
"ebf85c13-18ea-48f2-998d-b592ffab5433","815fc5ab-449a-478d-a3f3-66067637bc0e","2026-05-25T08:10:47.735Z",17092,"Betting Wallet Top-up","Bank Transfer"
"4f64f313-b003-4da4-9518-d6a3bf98315e","d2111e9e-d175-42ac-9ebf-832e603992a8","2026-05-24T16:13:48.736Z",35074,"Betting Wallet Top-up","USSD"
"b4815725-f8ee-436d-a730-b51f5d450a5b","05ad2fbf-e7ab-4d16-9e31-cd47ca5f8e20","2026-05-24T16:19:53.794Z",97718,"Airtime","Bank Transfer"
"ad2f3efa-4faf-4ce1-a79f-365dd7427c24","ee6c1a61-ed5e-4dd5-928b-af132079eb24","2026-05-25T09:33:14.877Z",71842,"P2P Transfer","Cards"
"a7c9ee1f-0e2f-4dfc-ada6-b079b3fe7fe7","da9926cf-cff7-412c-98ca-97711411b81e","2026-05-25T08:06:12.113Z",100374,"Utility Bill","Cards"
"2c346a34-4242-409a-807c-6897c87bb6e8","fb771e7a-51fd-4c6d-83eb-def2dc065b0b","2026-05-25T04:31:37.044Z",78530,"P2P Transfer","Cards"
"0ae3414c-4028-448c-9235-4a9787bb6445","058063eb-0c8d-4e12-aa4a-2e5b0e683ea6","2026-05-25T03:01:39.867Z",67419,"Airtime","Cards"
"dc45650b-efe3-4765-8c69-80683e27a483","fd9f268b-0358-42cc-8827-69ceb0ff142f","2026-05-25T05:09:41.462Z",41659,"Airtime","USSD"
"09eddfc9-1c07-4081-8de2-cae1053547d9","f5f31ac8-4c2e-475a-838c-76ebf582ed91","2026-05-25T11:40:49.298Z",129347,"Utility Bill","USSD"
"d0231779-406b-43fe-9bac-e1419e598e66","8badb1f6-6b2a-4c82-9a56-a92a3fc49ff4","2026-05-25T10:25:24.445Z",76623,"Betting Wallet Top-up","Bank Transfer"
"cf064b2c-c73e-43bf-8add-1863b178f3be","0e3a150c-9cfb-4671-8138-e622a16ef744","2026-05-25T03:23:42.911Z",10829,"Betting Wallet Top-up","Bank Transfer"
"363769ce-8805-40ee-b584-5d82ce4812e2","9e55d35c-02e8-4daf-ac94-86c6e0c48a27","2026-05-24T15:38:26.837Z",71069,"P2P Transfer","Cards"
"10db4599-e406-44d2-8aea-58c79f9bca35","1874233c-8900-4f3e-ab46-892000f668c2","2026-05-25T09:54:58.460Z",133767,"Utility Bill","USSD"
"c2c789ee-a1e4-46fd-9505-fa5cfc7a1f1a","53eac481-f4ec-41bf-afca-34efcd225a81","2026-05-24T19:51:55.935Z",30506,"Betting Wallet Top-up","USSD"
"7cf32597-ac03-4992-8ecd-1bc1e06ddf34","df2d7071-8690-4536-8a66-25e1c3f99164","2026-05-25T06:50:20.312Z",122841,"Airtime","Cards"
"cb21d8c3-d9bc-485d-ad0c-007f8b2f4269","83191fc9-6de8-4b27-a64b-168489b1ebe4","2026-05-25T13:29:17.706Z",125708,"P2P Transfer","Cards"
"0410687b-8a5f-467c-a1b3-14bc7c74c70a","d10eb104-f4ff-49a9-b467-ff3cb80ead15","2026-05-24T23:58:34.167Z",75205,"Airtime","Cards"
"2ee5d13f-c0b6-47c1-9bcc-50bed4f81f26","580426e9-af7b-4d0b-baed-77458ffb736a","2026-05-25T07:02:48.472Z",84124,"Utility Bill","USSD"
"ec45ac66-5a6d-4a65-b57d-dd0e7f93aaa6","fc5e3fb0-2e61-4a3a-a323-41fd5bed02ce","2026-05-24T23:03:21.597Z",83561,"Betting Wallet Top-up","Bank Transfer"
"3cdb22a8-69ff-445d-a6a3-f3391e23bfe2","b3a2ecf5-7e91-489b-9f61-696ca184d101","2026-05-24T18:02:17.236Z",43371,"P2P Transfer","USSD"
"385efe33-f916-4120-9b82-6950eba5cb46","6433ad42-6aa0-4fee-9158-7a44cbe425c2","2026-05-24T15:51:25.304Z",149197,"Utility Bill","Cards"
"f768a282-8c43-4c9b-bc07-60d06cb5d78c","1157f1c7-f2b3-4320-b4f3-06331c9c9978","2026-05-24T17:39:12.308Z",101417,"Utility Bill","Cards"
"6d6dd0ec-77a5-48aa-8fa8-27a10e993796","c9f467d0-b023-4ec6-85c1-c5eb79aa7b83","2026-05-25T07:46:45.814Z",46818,"Airtime","USSD"
"a9e89335-ca6f-4433-a48d-d49de449ee76","d8445e88-fc3a-4265-9b07-9712462fd6a6","2026-05-24T23:46:18.340Z",52938,"P2P Transfer","Cards"
"e1b11db0-94be-4b5b-af61-76f09041233f","50b9f30e-49bd-45ad-9468-7d6567b0c869","2026-05-25T00:49:29.273Z",59479,"Betting Wallet Top-up","Bank Transfer"
"a81473fc-7892-4daa-886c-84ee578169a3","7572ae20-4a19-4a3c-8514-780819f057b9","2026-05-24T20:37:59.180Z",124625,"Betting Wallet Top-up","Cards"
"40437fa9-6e12-473f-a64f-7eb7b58b56d8","36409050-331f-47a4-83f0-2f4e73c40783","2026-05-24T19:14:30.954Z",61421,"P2P Transfer","Bank Transfer"
"c7af743d-4d5d-42b7-89d0-b99adb7e26e4","6cf80bb6-f75f-4942-ac62-4ab33a3ef537","2026-05-24T19:48:48.500Z",22340,"P2P Transfer","USSD"
"e548b173-3185-4eca-a2e6-283c6c618186","1cf27a72-61fc-4cb5-96bf-d63ba33eba97","2026-05-24T15:13:22.543Z",131764,"Betting Wallet Top-up","Cards"
"67e99659-05b4-4c8d-9221-46e02c60bdbf","b43d2dd5-9c17-44e2-a9cc-441f31366f16","2026-05-24T17:56:01.663Z",84915,"Betting Wallet Top-up","USSD"
"db92b973-7b94-4374-9927-786a0c83c118","c1b0edaa-cb25-4c3b-b31d-b5e023c1aca5","2026-05-24T20:25:15.166Z",114234,"Betting Wallet Top-up","USSD"
"5eac10cf-0355-4b96-8e8d-dea6bba6ba09","1aa478cb-e11b-4dcf-ae28-dd7b549e37d8","2026-05-25T09:48:29.636Z",87268,"Airtime","USSD"
"10a44895-abd4-44cb-ada8-8a1359eb91ee","b08abe25-de61-4569-b63a-668286966623","2026-05-25T14:03:26.894Z",9327,"Betting Wallet Top-up","Bank Transfer"
"50e85699-3191-4ab3-b4ca-8912075b7c7d","77e9259f-78f5-4cae-92b2-7681234ec236","2026-05-25T10:54:13.866Z",26071,"P2P Transfer","USSD"
"384324d8-5a53-4c4b-950d-8821b81842e2","c1f75aa9-36d7-4b8c-a0d8-c8dadc5ac9f9","2026-05-24T18:24:28.420Z",145103,"Airtime","Cards"
"f87f99ca-52a0-44b6-bace-d9f3bde7c19b","a6d4e715-2ac1-402a-a854-b6a1f0233c7d","2026-05-25T00:15:52.929Z",80564,"Betting Wallet Top-up","USSD"
"75e3fac1-546f-4b89-8778-f38968be9ebd","dfb8f989-8da6-4751-a19a-db099c192c7d","2026-05-24T15:41:46.492Z",53572,"Airtime","USSD"
"b22ea5dd-9896-4a60-a5cb-395ba6c35c4f","82d840b3-38b9-4b73-a43b-d7a36cd108ad","2026-05-25T09:47:06.865Z",94149,"Betting Wallet Top-up","Bank Transfer"
"df12c319-c50d-42cc-87f1-cfd85929ad32","05db8e2d-2647-40d5-a175-5177952cedb1","2026-05-25T02:39:27.980Z",34243,"Betting Wallet Top-up","Cards"
"21fa6a95-b063-4393-9e63-17ff41a7116d","e6947b63-886e-40a1-b7c5-48352951ef6e","2026-05-24T23:29:44.821Z",29490,"Utility Bill","Bank Transfer"
"23fe4736-d34e-4907-91e9-bb9705eb8571","a07ecf39-1ece-4c0c-b5e9-5079efe1c8e3","2026-05-25T07:53:42.662Z",121532,"Utility Bill","Bank Transfer"
"b4b87e04-3d24-4563-a8b5-6b88e5479814","ac1d445a-532f-4b04-b0c6-d9826facc1c6","2026-05-25T03:46:05.397Z",126104,"P2P Transfer","Cards"
"a60e8974-938d-49d5-8a6c-2bef83ac2be6","dbbe10d5-44dd-4bf8-af54-f660d4704fd3","2026-05-24T18:59:57.516Z",96552,"Betting Wallet Top-up","Cards"
"54701987-3169-415c-9c5f-76a8d20f93b0","f5df39cb-2665-4663-a98a-7c58c5de8f69","2026-05-24T21:57:04.683Z",126519,"Utility Bill","Bank Transfer"
"edcbc5e3-8271-45e5-bc2f-afd4b4266070","2b28a5df-0682-4ef3-bf28-fc2c47b10d0b","2026-05-24T23:03:49.018Z",84829,"Betting Wallet Top-up","USSD"
"e40a93cc-7124-418d-a587-b318adf30622","3de55e69-58d5-476a-8e97-f475c71cfc75","2026-05-24T20:12:46.740Z",103558,"P2P Transfer","Cards"
"b25aa961-b5ae-4b31-8529-f9873ce977c1","2bb868a5-a9d7-4f9f-93ca-1c50cbee85a5","2026-05-25T12:08:55.833Z",87936,"Utility Bill","Bank Transfer"
"80da1a43-5ac8-4985-8e55-3fd0fdedcfab","9b961134-e5c8-446a-828b-97d046f1a1c8","2026-05-25T03:17:49.074Z",76343,"P2P Transfer","Cards"
"152722c0-94f8-4f80-92ea-236d8cc4b609","6796228f-2a34-48d7-b2a5-c02e08bb83bf","2026-05-25T10:28:06.921Z",85498,"Airtime","Cards"
"99ef6d53-4637-41a3-8437-4bc306a2a640","d996cb57-bda0-4420-81e8-39ee125a1ed6","2026-05-24T17:33:44.687Z",126514,"P2P Transfer","USSD"
"fe9d45ef-72df-4ee9-92f4-d7baafcb41f9","efb103af-6666-4ddd-b89a-6ec27218c06f","2026-05-25T09:12:51.048Z",6609,"Utility Bill","Bank Transfer"
"86816bfb-0a0d-42f5-bbd1-fddfba6d435c","9bfc5962-16e0-4a5b-a6bd-3a1d3157d327","2026-05-24T17:35:40.986Z",13826,"Airtime","Cards"
"52114cec-7f74-4939-95f1-cf6ce18ade72","d09734b8-6347-4b5d-b21f-69d8e53529b0","2026-05-24T19:54:03.990Z",147343,"P2P Transfer","USSD"
"feb1989d-8c02-47b7-9b4d-77432d1e7503","8f716b88-41ae-4599-8b89-dfc8384296bf","2026-05-25T02:30:15.473Z",70789,"P2P Transfer","Bank Transfer"
"5f57fc55-ca9d-4bb2-91e3-df6e2296b854","857e1c92-11fa-4d71-b21d-ab68c1b3f600","2026-05-25T06:49:44.753Z",149004,"Utility Bill","USSD"
"132b61b0-ae8b-451c-bd81-0c721fe434f8","c862d89a-c46e-4fc3-ba3e-e29790ccc1ff","2026-05-25T12:17:43.745Z",57419,"P2P Transfer","Bank Transfer"
"d5e3e576-fcda-41a1-980a-5c9fd6bdab27","bf3efd9f-d351-4b73-865e-0f5ea75763e7","2026-05-24T19:46:14.935Z",100668,"P2P Transfer","Bank Transfer"
"efa3f01b-a78f-4c2a-adcf-5cd8107daf50","3ff226e3-97d9-4ff8-a953-39e22f2f8edf","2026-05-25T12:40:39.264Z",25153,"Utility Bill","USSD"
"ba34d258-e31e-407a-9831-27ecc786067d","994e43bd-6903-44b5-861b-0e5af20c3c38","2026-05-25T07:19:30.934Z",8802,"P2P Transfer","USSD"
"8305fc2f-87c4-41f1-a9c4-09930f5443bf","1a86f226-acd3-47e1-b2f9-0f0294fbed2c","2026-05-24T20:25:34.755Z",133248,"Airtime","Bank Transfer"
"7ba12032-fe3e-4492-b95a-a86b6131ed19","65b5c174-754f-4cdf-8c9e-c974756e018e","2026-05-24T22:18:32.117Z",75238,"P2P Transfer","USSD"
"4b28dc82-39a9-4754-8072-af43419e6ab5","11ba14af-2dee-4a6e-8efd-ba86bf075be0","2026-05-24T19:07:14.328Z",128026,"P2P Transfer","Bank Transfer"
"2a070801-9082-441d-aca8-4972659233bd","b6e2c258-be4f-45a2-8399-a9e51461c366","2026-05-25T02:46:50.120Z",44735,"Utility Bill","Bank Transfer"
"0d73c1c0-2f1e-415a-a305-f4035df419f3","c19b124b-cc48-40ee-b8b0-9ff698928f7b","2026-05-25T13:03:25.922Z",115751,"Betting Wallet Top-up","Cards"
"b19abeb6-016e-452c-98d1-ca53393303d1","d69abdd2-1e69-492c-88b4-f8a1a5ff6af7","2026-05-25T01:51:37.791Z",82604,"P2P Transfer","USSD"
"2c3c8278-8cbc-4cb3-9bab-55885b88d101","74a17bae-fc82-49a0-810b-8a2e114e06d4","2026-05-25T03:18:43.757Z",119278,"Utility Bill","Bank Transfer"
"b606f920-344c-4e00-8fa8-55275ca637c0","6bc81f2f-2789-4acf-a21a-82c4d26d517e","2026-05-25T02:56:57.917Z",122880,"Utility Bill","USSD"
"219dee5a-bfec-483c-a1ad-9d2991b5a364","65c3f413-7454-4703-b9db-06b53f88b939","2026-05-25T04:54:07.490Z",39967,"Betting Wallet Top-up","Cards"
"bae3edb0-059a-42f8-bd1f-cf63aedddb7f","3c1f362e-2429-44f8-b447-d36a1d2a92b5","2026-05-25T02:59:16.810Z",93015,"Betting Wallet Top-up","Cards"
"f47acd46-f7ca-48d4-948e-ce5cc4c358ae","1549a81d-abf5-413a-9526-b5afa3f22c05","2026-05-25T09:24:52.618Z",57181,"Utility Bill","Bank Transfer"
"8bb6e348-f8d9-460d-b935-693a7d7a9165","0eb6cbc3-2f34-493e-a0aa-95c20b385db1","2026-05-25T08:09:27.414Z",112427,"Betting Wallet Top-up","Cards"
"791646a6-6860-4f95-84b2-e65a9795afd0","5435172e-1627-46aa-b38c-0fb3a7ee10df","2026-05-24T20:34:06.515Z",82350,"Betting Wallet Top-up","USSD"
"ce8d4c2a-fa64-4a72-9cdd-777657c55054","f80c6057-2bdb-4d2f-8af1-a50547354def","2026-05-25T06:28:59.690Z",36736,"Utility Bill","Cards"
"3619b316-bf62-4ed8-81da-02e3b7ef5c92","fefa270d-291c-428a-a7b8-f8b22ae89392","2026-05-24T20:12:45.843Z",137211,"P2P Transfer","Bank Transfer"
"906bd540-a31c-4f9a-9236-133f4e4d0d9c","50e0579d-49b4-4f69-8450-e78912264154","2026-05-25T00:25:00.611Z",77523,"Airtime","Cards"
"3d6b9cd9-c6e7-47a5-97ba-8ffa88580312","b99cdfe3-e2bd-4285-9fd1-156f466e73cb","2026-05-25T08:52:11.233Z",69341,"Betting Wallet Top-up","Cards"
"638b64f2-a4c2-456e-a072-2fd67b16b2c3","c1e50bb4-c2d1-4f02-be18-85b6225915b3","2026-05-25T13:52:41.946Z",135523,"Utility Bill","Bank Transfer"
"44e8e6ba-2eb6-4e0e-9767-486162b1a613","f812ad56-9f7b-42ed-88a9-cf8f91ceaed1","2026-05-24T16:07:56.271Z",97096,"Utility Bill","Bank Transfer"
"ca729f68-8319-448a-bc10-f1ca5450104c","bd690235-0f7b-4b94-be87-2a97d566c689","2026-05-24T16:29:04.852Z",126654,"Airtime","Cards"
"5eae7a36-9a1c-4234-81c0-16de5991e787","f5b986b3-149f-4588-9602-ee37e30b60a4","2026-05-24T22:05:23.262Z",51575,"P2P Transfer","Cards"
"bd96fb09-9578-4448-b644-89b94a2f1978","a32bf80e-f54f-4403-9985-7b4431d9956a","2026-05-24T16:00:22.093Z",16616,"Utility Bill","Cards"
"02619404-ea80-43ed-b633-9328a9d3a327","17d6cc23-aefb-4e50-b047-4879a78a0107","2026-05-25T14:28:59.891Z",77588,"Utility Bill","Cards"
"a8d58070-312a-47e8-82ec-a337c291bf1f","b581b3c3-babf-4b72-ba02-7453f173a32e","2026-05-24T17:17:44.901Z",57109,"P2P Transfer","Cards"
"1fffb8c2-20a9-4e7c-91e6-3e458269c827","bc018941-9fb8-4469-b1f6-9a112a7bdf29","2026-05-25T08:07:39.488Z",137733,"P2P Transfer","USSD"
"384ea4f0-ccde-4ab9-baf4-4c911fea7924","76b2ba36-a2b3-45ea-8145-971f42390ee1","2026-05-25T04:08:32.504Z",128843,"Utility Bill","Bank Transfer"
"d52419b1-881c-4283-837b-d1961d5eb77b","586d2885-efcd-4971-9908-777a8c237039","2026-05-25T00:53:57.540Z",145516,"Betting Wallet Top-up","Cards"
"5c443730-7ecc-42fe-bcce-8bdd74ac1765","32e0a765-1a2f-483d-8cc2-22c81cc9b43b","2026-05-24T15:57:20.433Z",128992,"Airtime","Bank Transfer"
"3ae41a55-c8e8-4792-a01a-5fdd52f4d56d","50dc3877-73ae-4419-aede-5fe95ae89b01","2026-05-25T13:21:45.247Z",16460,"P2P Transfer","Cards"
"c3776ba1-6482-4320-8f1c-77929bec0155","f4892c1a-6720-4918-930d-c23f12e5014e","2026-05-25T11:32:12.525Z",84178,"Airtime","USSD"
"9653f5e8-d4c5-479f-801e-24d1faf1fe54","eff029ed-412a-4581-9d64-4d169191a169","2026-05-25T07:00:08.888Z",90807,"P2P Transfer","Cards"
"a222d28c-d8aa-434d-b981-7d8b7e8fc19e","3b612b04-5792-4141-97af-95bfb555c0b3","2026-05-24T19:52:02.854Z",99953,"P2P Transfer","USSD"
"0c4a3326-3030-460d-aeb9-d7872053c666","8d1d8557-283a-4a47-a59d-6b46506be5e7","2026-05-25T03:06:02.571Z",136312,"Betting Wallet Top-up","Bank Transfer"
"a0d7bafe-deb0-4e2b-987a-b1a9788cd120","95f57a30-2c28-42ae-9f9f-9a9c484862dd","2026-05-24T18:40:16.407Z",50674,"Betting Wallet Top-up","Bank Transfer"
"962f73d0-9893-4887-94f7-86137fad90e9","030e6e90-6181-47a0-9088-5e4bf833862b","2026-05-24T18:31:21.652Z",28552,"Betting Wallet Top-up","USSD"
"bd8e7fb1-8041-41f3-9afe-381a98cf7f5e","4c0202bb-b2d9-49c3-91e8-3823a41b3084","2026-05-25T13:15:19.317Z",31672,"P2P Transfer","USSD"
"acaaf43c-29a7-4c9a-8b5a-f11a4808c588","dae7c4df-46ee-42b5-823e-19a3ac91bdab","2026-05-24T22:42:28.751Z",135939,"Utility Bill","USSD"
"b6ea36a3-ace2-4535-9d68-d1cd6f936776","3ab64671-9116-471d-8675-770dfb9d7e19","2026-05-24T20:03:19.865Z",3037,"Utility Bill","Bank Transfer"
"7203950e-3674-4d41-868c-2e732530fd74","31776e06-4f68-4928-87c1-a33dc9db13cc","2026-05-25T07:23:23.346Z",148243,"P2P Transfer","USSD"
"ad3cb8bc-3301-4f00-a504-c246b97aeb1e","8673ac57-a498-46d9-b648-e286b9fa27ec","2026-05-25T09:53:06.601Z",13455,"P2P Transfer","Cards"
"2beb4316-e92f-4b17-9cde-9835e8c34926","7b13a348-2367-43e0-9901-d4d03355bb1a","2026-05-24T21:35:48.434Z",147792,"Utility Bill","Bank Transfer"
"68007bb6-c90e-4f11-adc8-4acb8f101f66","43d9e3a5-b297-4198-bf4c-c62d097def67","2026-05-25T08:15:26.336Z",58684,"Utility Bill","Bank Transfer"
"a7ad23cf-12cf-42f8-9e7e-fa4935b7f3c5","3797a7c6-bb4c-4b25-b0f0-84d28e288888","2026-05-25T04:48:34.038Z",18587,"Utility Bill","Cards"
"b40a2610-a0b2-4e9a-a0fa-1329ce1ebb27","bf7a0fab-8d0f-4877-a9b0-ad2e801cebfc","2026-05-25T07:26:53.558Z",45848,"Betting Wallet Top-up","Bank Transfer"
"59222d43-f5ec-4ed2-9924-4c68db936b8e","e19949e4-f93c-4efa-b65f-948f9b866de3","2026-05-25T03:15:14.669Z",43056,"Betting Wallet Top-up","USSD"
"6e53c219-7322-4db4-ae16-3c961cb646b0","81ca6b6d-6b49-4e28-a2a1-bd3df273cc42","2026-05-25T08:05:20.979Z",56800,"Airtime","USSD"
"131436d6-dfd6-4663-ae9e-9519a00d3211","ff3e5859-e0a6-42a6-8d3e-0228ac0ef796","2026-05-24T15:52:33.192Z",71998,"P2P Transfer","USSD"
"28b41340-6b2c-44e7-8c72-ea1d9d57ad97","ac3580b0-b82d-4b13-8546-e8ab93fb63e8","2026-05-25T01:12:22.144Z",143355,"Betting Wallet Top-up","Bank Transfer"
"031b1cb7-dcb5-418f-93d0-1447b193df1f","e26e8430-d205-479d-be3d-a121866357c5","2026-05-25T11:13:56.876Z",4293,"Airtime","Cards"
"6682ea49-2f81-4b69-be4d-151761461520","1a7adc04-f86f-43ca-8f25-1768906687f8","2026-05-25T11:25:55.570Z",30071,"Betting Wallet Top-up","Cards"
"a346b674-c7ab-40b2-a4fc-e78c61656882","c9b63f27-4f11-49bf-acf2-0b76692a711d","2026-05-25T07:46:37.511Z",2449,"Betting Wallet Top-up","USSD"
"a62281cd-7c81-41c4-a5c2-a6846fbe6f54","753652aa-dca0-4a33-841f-1bf3b4aca4df","2026-05-25T01:36:48.196Z",85409,"Utility Bill","Bank Transfer"
"4664ad73-35d2-4325-bc8c-859754a3c3de","29eb8b4f-8cc0-462d-8785-8695d84af7e0","2026-05-24T23:16:30.175Z",19760,"Airtime","Cards"
"8f1d6142-7089-4db1-88a8-23ad895a5295","d541ab92-9526-45fd-bc2e-fe4a6e928862","2026-05-24T21:13:30.769Z",69248,"P2P Transfer","Cards"
"fbe046fe-939d-44d7-87bf-31921adb2c00","53d76ec7-7cba-4aaf-bc74-835b6225a034","2026-05-25T03:20:09.540Z",100524,"Utility Bill","Bank Transfer"
"35fb142f-6017-448f-b3cf-dd6a1f5b033e","ca7a13f3-ee00-45cf-a151-29b5afa74cfe","2026-05-25T13:49:38.866Z",63845,"Betting Wallet Top-up","USSD"
"08f85880-e5dc-4028-a76f-e28b6aa6dc92","b8b78cd8-48bf-4243-ba01-e8b967837c0b","2026-05-24T22:36:43.357Z",74574,"P2P Transfer","Bank Transfer"
"86c9cabd-01d5-4110-80f4-fe67a415f1b2","2ce6d790-0a08-48ae-8e75-182dcbd3ee74","2026-05-25T04:33:43.028Z",56354,"Betting Wallet Top-up","USSD"
"d1171724-07f2-440a-91e0-b259a9323bcb","53dba55d-45b7-45ac-8708-b9b628122767","2026-05-25T12:23:34.821Z",121998,"Betting Wallet Top-up","Cards"
"bf3ff117-cadd-49ba-8390-5057df62dd21","d8f030ea-18ac-4f6b-a908-1f02586aaea8","2026-05-24T15:48:21.464Z",88756,"Airtime","Bank Transfer"
"26004ee5-378f-43cf-8462-747eb4ab2036","e3b1b7cd-ac46-4894-be8a-01fa0daeb22f","2026-05-25T14:29:41.126Z",118639,"Betting Wallet Top-up","Bank Transfer"
"778a1b03-a80b-4231-a5e1-4d07b0a8d7b0","2ce46ea0-f800-4c49-b246-40b0a9d88ab6","2026-05-25T04:18:19.213Z",77991,"P2P Transfer","USSD"
"c7223fba-1d08-45ca-a7ac-4eb9d1206690","37c50831-abc0-4159-80cc-5e32b4a50905","2026-05-24T17:59:07.954Z",15618,"P2P Transfer","USSD"
"d2fa63e5-64c7-4d2b-a0b4-155c1472900d","b4d18a1a-e7e2-4bc5-85a1-103ce6f84748","2026-05-25T09:51:48.365Z",38530,"Airtime","Bank Transfer"
"bbb5ffba-afe3-4e39-8a6b-c9a7fe1e77ab","2eea4d9e-fb55-4b21-aad1-9951c7a2e8e4","2026-05-25T01:56:18.091Z",45943,"Betting Wallet Top-up","USSD"
"b2417f9d-fcd7-4faf-b978-2173d1a53f4d","71666d29-1ed2-4c95-9339-8d5b48b34a3c","2026-05-25T11:08:34.017Z",32840,"P2P Transfer","USSD"
"4326ca1a-e8df-4144-97ff-e7612b4aa571","5946e5d7-8806-4f0f-9e55-ae514407b159","2026-05-24T16:47:24.638Z",65799,"P2P Transfer","USSD"
"b6f2158a-62f0-4471-ba31-0f7284dc3be5","08f0e6f6-09b4-483f-a0c6-f2ca3e3383f2","2026-05-25T06:45:16.072Z",35003,"Airtime","Cards"
"a7415cf3-eaf4-4fed-b76b-574e5188ee6f","d0ef4ff4-7335-490a-bfed-73c61d46f10e","2026-05-24T20:14:33.905Z",70941,"Betting Wallet Top-up","USSD"
"a87cb0bf-8544-4142-a501-8ba6bc2439eb","79f140d5-934c-4e51-9401-1e960515113e","2026-05-25T10:30:14.050Z",52960,"Airtime","USSD"
"72c06b20-507b-4df0-9143-8b5a02534b97","36bc8386-e897-4a30-bb15-269557e88711","2026-05-25T10:59:45.107Z",128354,"Utility Bill","USSD"
"f0e12d33-1e63-4c8e-9e44-c1f5458a7e09","634f8506-2fa1-4aa8-84ce-da76f9b3c42e","2026-05-24T23:56:18.508Z",17192,"Airtime","Cards"
"2ea0e283-c088-46e5-8244-15ca4e12035a","1605acd4-ba55-4f78-9cb7-8d6594e1c28f","2026-05-25T11:05:42.466Z",28416,"P2P Transfer","Cards"
"a5817b70-22a1-4c1c-bdbb-c8f179dcd11f","05273ecb-270e-4832-bc2c-0a2a92b32c4d","2026-05-25T08:53:33.654Z",123075,"Airtime","Bank Transfer"
"5d99d531-096d-49a8-ac7b-178deb294eb7","d9fbc59d-0739-4545-bf77-f3052e15600e","2026-05-24T20:16:50.059Z",53157,"P2P Transfer","USSD"
"af0381f9-99f0-42e2-9d18-aea60ef85de3","daa2fc6f-1242-4392-9625-b395289bd55f","2026-05-24T18:42:16.547Z",94824,"P2P Transfer","Bank Transfer"
"05c2c727-2e45-4dfd-9bbf-10641e676d0b","3d7a41bb-6a60-4528-ac23-a0c1b75914d9","2026-05-25T02:05:21.743Z",143020,"Airtime","Bank Transfer"
"23b1c023-ad67-42be-98fa-f1853603efa0","0cd5cbc3-b227-497f-a2f7-d1e8dc3bbc8f","2026-05-24T22:42:53.069Z",7945,"Betting Wallet Top-up","USSD"
"bd9e06cb-3b14-4bb9-a344-a43b8290086c","d32af41d-f89a-488d-9ef6-c78240bbc5c4","2026-05-25T05:20:39.044Z",103052,"P2P Transfer","Bank Transfer"
"45837543-fda2-4fd5-9d05-48533f85c9e0","02665d92-6229-4fb9-b455-3e26a3d70b2d","2026-05-24T17:20:49.002Z",135255,"P2P Transfer","USSD"
"fb589e71-6cdd-4494-9386-f610ec67cb93","3c409cc4-bff8-4b14-b9b2-10962dcf72f7","2026-05-25T02:32:39.057Z",69963,"Betting Wallet Top-up","Bank Transfer"
"106677eb-9424-4882-8135-39e02ab9dc22","cd4ed5d1-89e3-4bf1-b9cf-8c9ac7d19570","2026-05-25T14:49:11.390Z",103713,"Utility Bill","Bank Transfer"
"6ae77740-f4ad-42c0-a3b0-3aaa86fb7fe8","921890f3-214f-44db-a4e7-6331835a591a","2026-05-25T14:29:50.341Z",80169,"Airtime","Cards"
"b8bc73c1-e807-415e-8c7c-c7fef08479ca","96ff7aad-08fb-49a6-83e1-b76ff4ec5ec3","2026-05-24T15:17:03.180Z",38854,"Airtime","Cards"
"9ea74c7f-4150-44ad-af73-1d28c4f58fcf","96b85ce7-c15a-4932-b4d1-2de420bb6869","2026-05-25T01:55:05.158Z",105436,"P2P Transfer","Cards"
"42e789be-b3e1-41a2-a159-e4079f54a4a6","de71fccc-850a-4453-9f8a-3249cc49eb38","2026-05-25T00:12:12.767Z",131384,"Utility Bill","Bank Transfer"
"c146d15a-a140-46a2-9d73-304eae52ff24","5e5da784-ff3f-449b-b96a-f00a8fd50969","2026-05-25T01:56:36.873Z",48585,"Utility Bill","Cards"
"805b7f52-a522-440d-8992-6f5a3df56c55","b51cb30a-690f-4a95-ab30-4f80311bd9f7","2026-05-24T18:24:30.067Z",2284,"P2P Transfer","Cards"
"ae180fa2-b37e-44fb-b16e-89c40d0fde8b","a3462fe0-2553-41bd-9399-902432311931","2026-05-25T05:36:31.224Z",24924,"Betting Wallet Top-up","Cards"
"224b3a43-a7d7-4d3e-98e9-dc1253bf1618","bae36954-988f-4431-9d33-efbb9ff6908c","2026-05-24T16:44:09.681Z",104059,"Betting Wallet Top-up","Cards"
"cccce8ef-4846-490c-a35a-a6e1704bf9bf","7060b142-9a27-4f6c-a603-fbf8e9675f19","2026-05-24T16:25:19.818Z",62228,"Betting Wallet Top-up","USSD"
"471a8a87-6704-4de5-a780-21d4f18506d9","c8a9a615-084f-409d-9864-9b584ee524b8","2026-05-24T21:33:45.887Z",67413,"Utility Bill","Cards"
"741b0923-0bd4-43e2-8cd2-a8ad382e806a","2abe6895-2764-44be-951e-2f2e0f457738","2026-05-25T13:29:17.103Z",59365,"Betting Wallet Top-up","USSD"
"e420c279-39dc-4ed8-bb58-f8870df1650f","d0bf5a82-abbb-4596-b078-ccea55edfa2c","2026-05-24T16:13:57.854Z",122458,"Airtime","Cards"
"26f5cfff-87c7-4f86-b379-cdd890acf2a6","3532afc5-8f46-414b-b92c-2d96c787cd4d","2026-05-25T01:45:07.478Z",97575,"Utility Bill","USSD"
"7c784995-cb53-438b-9734-a94f19fa1ead","fcbefb13-f0f5-4a40-b127-c3970d837e44","2026-05-25T00:12:36.015Z",32986,"Betting Wallet Top-up","USSD"
"e9366827-84af-40a6-8561-384cdfac3404","b1b9b08a-ef6b-47fc-85e6-5d28b18596c5","2026-05-25T04:09:53.951Z",146175,"Betting Wallet Top-up","Bank Transfer"
"c528da90-eee4-48f2-8c4e-86af2ce5cf0e","e2080ba3-9c5c-45b9-970f-5a4f6a265950","2026-05-25T12:18:33.959Z",97718,"P2P Transfer","Bank Transfer"
"7258c1aa-2c0c-4481-a540-4c71afaf1ff2","1232340a-b761-43e4-be18-6315124f00c4","2026-05-24T18:35:08.062Z",115288,"Utility Bill","Cards"
"cca47b14-65c5-4f83-98cc-837c2b2e2a0b","3653b430-40fa-417e-a12b-0eea78551a97","2026-05-25T02:34:58.427Z",66226,"Airtime","Cards"
"ac093d1c-3507-4dc2-a82e-7a35c39b79f0","90eac923-42c4-4605-8cf5-14e083f43dda","2026-05-24T19:04:33.295Z",78622,"Airtime","Bank Transfer"
"3e402b7e-f3b8-412b-9790-98a1b8cfece3","844a7073-b351-48a6-92f4-5c5a44c8ceed","2026-05-25T03:47:20.485Z",134713,"P2P Transfer","Bank Transfer"
"fef0f6d7-a857-49c2-89a8-844d0c264acf","975797b5-5096-4629-89af-9521b54ba8dd","2026-05-25T12:24:13.282Z",61513,"Betting Wallet Top-up","Bank Transfer"
"28076ded-2ebf-457a-b05b-4e25c1abb289","9385ec39-b1ba-4ed0-8b35-cbc555afa8e9","2026-05-24T22:14:31.722Z",64126,"Betting Wallet Top-up","USSD"
"d0cdb7fa-e2de-4867-aea0-2b0ea0ee546c","70829365-d5f2-4e8e-8c5c-db32b53dc7fb","2026-05-24T21:23:26.768Z",149024,"Betting Wallet Top-up","USSD"
"71fef7ba-3ffc-47ff-a772-b97b182e42d2","3bc62827-ea1b-400a-b78e-56f1db32e4c1","2026-05-25T02:59:37.325Z",14542,"P2P Transfer","Cards"
"f6e75439-10f1-44da-9ba8-3afef64ebc93","eb388a39-8e9f-420d-bd20-48db7766191e","2026-05-24T22:40:39.244Z",75699,"Utility Bill","Cards"
"1bd04d83-7c7c-41eb-b2fa-4ada4c2c26e3","2e724648-8562-4af2-a757-8b11d9cbcc51","2026-05-24T16:48:00.862Z",101734,"P2P Transfer","Bank Transfer"
"eb037892-b9c5-4438-8714-fb2da00ca962","06bca9f9-c52c-46e0-9793-23cec0d2c8f6","2026-05-25T03:03:27.407Z",88104,"Betting Wallet Top-up","Bank Transfer"
"e535b2ce-ef3e-4717-9e15-e744bf78af3a","6b0e61ce-618e-4a12-8c03-d59350213393","2026-05-25T07:13:59.751Z",126394,"P2P Transfer","Bank Transfer"
"202c9e08-01d1-4bb2-a0e7-188858191a2f","343c8fa3-2e14-4f84-88bd-90a3c5ca0054","2026-05-24T18:24:49.640Z",27463,"Betting Wallet Top-up","USSD"
"94f9a4e6-2024-4292-b3d9-7023ac483817","9f42ade8-91fe-4fd8-91d7-d2c3f4dd2f11","2026-05-25T00:34:28.222Z",50425,"P2P Transfer","Cards"
"0d636827-2a63-41e6-9b23-4e063896286b","c1878f83-eade-4e28-994e-b61893fc48eb","2026-05-25T06:43:51.171Z",58498,"Betting Wallet Top-up","Cards"
"d806654f-88bd-4ca3-bc2e-21520b7110ad","cb16e7f3-c58e-4302-b7a4-e5e8951a1400","2026-05-25T12:11:09.632Z",54005,"P2P Transfer","Cards"
"10a0e9ab-f2a8-4d6c-9760-f0418c87649d","c8466119-70d5-4dfd-8b0a-310e484a71ad","2026-05-25T02:55:53.833Z",110793,"P2P Transfer","USSD"
"85d79774-761d-4d37-80c1-aeac25bb4f5c","ec46a3b8-ec69-44b8-afbd-587837659d06","2026-05-25T02:43:55.244Z",107416,"Utility Bill","Cards"
"2a1148c5-6d05-49a2-90d5-4eee02deea32","33f6bc62-7d3b-473c-9a5e-43e28111b7c8","2026-05-25T10:42:33.140Z",22491,"Utility Bill","Bank Transfer"
"6a368eba-5944-471b-b0f7-5c721964686e","2c9e2438-48f0-4575-ac18-b2526c41e1a0","2026-05-25T10:22:37.251Z",141378,"Utility Bill","Bank Transfer"
"dfe67ca6-81c6-430a-b7e8-7bb0597fe540","a53ae2dc-944e-4247-bb61-c90b52f90ef8","2026-05-25T00:47:31.083Z",140996,"P2P Transfer","Cards"
"a515006d-815d-420b-8130-e80887a722d8","a49246fa-c689-49d1-91c2-63bb483da7c9","2026-05-25T06:09:16.989Z",112893,"P2P Transfer","Bank Transfer"
"8ef1750e-fa4a-4c8b-88b2-edc435345b22","fd01bdaf-cfeb-4965-a73a-ed39b89919c7","2026-05-24T19:49:19.273Z",128464,"P2P Transfer","USSD"
"50a2fc9b-33ec-4b38-aee8-e17642263348","dec2f07b-4f95-4d1f-8ee1-c754a15a9501","2026-05-25T05:18:28.389Z",47195,"Airtime","USSD"
"b94f5fbc-4b8c-498b-b12d-48c5191e4589","bed08105-7e57-455e-86b1-6e6658319176","2026-05-25T13:15:52.147Z",97432,"Betting Wallet Top-up","Cards"
"9951e695-4159-44fa-b71a-fe9f2230c7c5","e3585944-ed5d-4e66-8d5e-da3d50038de1","2026-05-25T14:40:33.032Z",109449,"Utility Bill","USSD"
"0d9c1976-2e42-4dd6-a5aa-46a38b188996","8e2444cb-be70-4be7-b769-fdc582ec9299","2026-05-24T18:13:34.513Z",138089,"P2P Transfer","Bank Transfer"
"d5e274a3-490a-492a-a9df-5e562bb25eb5","c1a5e5c2-cc8c-441e-b875-75ccd767622b","2026-05-25T04:06:23.771Z",26205,"Utility Bill","Cards"
"742391a5-11a0-453a-802c-1d47f44b9393","45115e6d-7cf8-42c3-9cef-e11c8d8aaea7","2026-05-24T22:05:12.032Z",20613,"Airtime","Cards"
"df310b34-3e3b-480d-957f-22b00fbc129b","b6618dcf-157f-4105-81b8-9de86b63c9ce","2026-05-25T01:20:20.809Z",143255,"Airtime","Cards"
"48b15ded-d1b3-48f9-b357-2d2d7a333ce0","07568b5e-251d-4f90-93ee-7806f1edcc03","2026-05-24T19:57:59.546Z",131651,"P2P Transfer","USSD"
"45df2dd4-2b34-4904-9746-81677f367747","d29a1cd2-a64b-4a63-afb6-15bc02fd575c","2026-05-25T10:42:02.829Z",112370,"Utility Bill","Bank Transfer"
"f948d31b-5fbf-460f-912f-538a5551a09c","ea80c876-0b82-40b8-81ca-1a2da41ed028","2026-05-25T07:07:00.811Z",70051,"P2P Transfer","USSD"
"557e1749-d697-4814-82fa-2b2c5c235c91","cbbbc4cc-f5c1-4d99-b92c-f5c883919694","2026-05-24T17:27:40.657Z",92119,"Airtime","Cards"
"e4a130cc-7709-4587-9f5a-1fbd1c0373b8","12ad843e-9cee-446d-88e4-1e81642f8b2d","2026-05-24T21:37:17.674Z",108922,"P2P Transfer","USSD"
"16e726da-66b5-4727-aa45-d297fa2fa4cd","13586664-05f4-41bc-bf62-b61c011e1878","2026-05-25T04:53:55.329Z",125417,"Utility Bill","USSD"
"91fa162a-dcf4-42e9-9d21-f5bba73f58bc","92d43654-5025-4989-ad0f-bcabe01198e2","2026-05-25T12:34:32.150Z",52095,"Utility Bill","Cards"
"723063ca-1eab-419d-86d2-1144a6de9092","cb26f08c-13f2-4270-a7b4-33b618dd104a","2026-05-24T22:07:24.201Z",132573,"Airtime","USSD"
"6f274314-51d7-4047-aac3-8bb951f40786","dd2aa62d-c16b-47be-9a17-2988c56695e7","2026-05-24T17:30:55.403Z",6126,"P2P Transfer","Cards"
"1dd6a682-d8a6-49bb-ab1e-e7cd9d58d42f","9eb6d208-4746-4282-8308-94736c5a0b5b","2026-05-25T07:52:49.622Z",26734,"Utility Bill","USSD"
"8972b9a4-4746-4903-b579-55e321387826","6afb3c74-c432-49c6-9ec6-776de32bf69b","2026-05-25T06:06:26.232Z",100616,"Airtime","USSD"
"912221ed-576a-4f20-ae9d-a6b73c1c9cfb","62d7acd4-b56b-4945-bbfa-46c23fae7694","2026-05-24T15:40:49.905Z",6805,"P2P Transfer","Bank Transfer"
"2c40ec77-26af-4ffe-9638-10b3f9579074","c8994a54-0c88-4f6e-8b44-a63b819395f5","2026-05-24T17:53:17.348Z",7927,"Betting Wallet Top-up","Bank Transfer"
"4e3cdfbb-7b93-42c7-b01a-76e4838b4f15","f78dffb7-1a21-460d-b323-528d94e929eb","2026-05-24T20:06:47.405Z",49788,"Utility Bill","USSD"
"fa3bf780-530f-4e57-9ad7-3324be1c15cc","4488fa9a-5b14-4947-965f-81d9d73de5bf","2026-05-25T03:31:50.075Z",56853,"Betting Wallet Top-up","USSD"
"8713a181-b9a9-4f63-9496-f033f163df09","593d250b-362b-4ade-980c-e8dd4b1ce8f6","2026-05-24T18:34:23.756Z",21708,"Utility Bill","Bank Transfer"
"95161eb7-3fa0-43e5-9a9b-bd62c2acfd0f","77b0acfb-2df2-403d-b40f-02ac90494fba","2026-05-25T12:44:41.233Z",146558,"Utility Bill","USSD"
"85353fc7-793b-4b0e-980d-b4a671aa9078","1717372d-4e9c-4d2b-a6fd-8469c5ceee39","2026-05-24T21:24:57.028Z",82287,"Utility Bill","USSD"
"8f3e4d8a-30a1-44b6-a906-9dd022e814e1","925d21fa-88d8-49d1-84c5-f7c56e7cb822","2026-05-24T18:07:49.999Z",38653,"Utility Bill","USSD"
"ef66e620-4da9-4eb2-bd47-454f2381e0b6","f264e6d0-8e92-4da3-9f3a-e925c8edc3d2","2026-05-25T05:18:22.561Z",148236,"Airtime","USSD"
"2049891d-beac-4021-bac6-43c0b5784786","533bae3b-6e8b-48e8-b3d2-19757c342649","2026-05-25T12:03:16.751Z",30278,"P2P Transfer","Bank Transfer"
"fc4db188-96ad-4b61-a52d-16b99599530b","5d5127a0-cb12-4ada-8674-e54607d85a5d","2026-05-25T12:08:43.137Z",70550,"Airtime","Cards"
"a7d2eb98-e3ed-497d-919f-2212a2c7636e","a7ab6e23-5254-4e77-b09b-5a1d708f8984","2026-05-25T15:01:34.739Z",105336,"Betting Wallet Top-up","Bank Transfer"
"0ef589d2-efdb-4fa1-86d6-1a7401024e6a","579c6884-9609-4288-8647-8e21de50e9fe","2026-05-24T17:06:50.868Z",9560,"P2P Transfer","Bank Transfer"
"6f94f5d8-8a51-4499-8495-37a226ba99f3","737f7794-14d2-4b91-80e3-462672bcb43a","2026-05-24T19:07:12.779Z",65430,"Utility Bill","Cards"
"77928987-3299-4e14-b24c-578f9b141670","de4497d5-e4b4-4007-be57-be6734d6d9df","2026-05-24T19:14:50.088Z",109838,"Betting Wallet Top-up","USSD"
"04aef7f2-27af-4499-af44-1c285018f217","5d5df2a8-8063-4da4-9150-7307c53c47f9","2026-05-25T06:12:55.720Z",34710,"P2P Transfer","USSD"
"75f13584-8028-4a8b-b762-e3ef149884f2","8ac94584-250d-4974-8b8a-24414a8cdb46","2026-05-25T11:49:29.732Z",148373,"Utility Bill","Cards"
"8fceec47-326f-43fd-ab1a-88369ce9498a","87bba774-3930-437b-87cd-654b85bd2da0","2026-05-25T10:44:54.016Z",91818,"Airtime","Cards"
"ed9fd364-54ee-4341-a515-ec8a50c498b3","e13d9d15-81f2-4a26-94a2-66594f2e93d7","2026-05-25T11:39:20.854Z",132945,"P2P Transfer","USSD"
"36bfacf2-9981-4cf6-8be4-c9a7f8355438","56d1f13d-1567-4bff-88e8-2c6872e2675a","2026-05-25T12:50:29.703Z",146722,"Utility Bill","Bank Transfer"
"9790fc71-7ef9-4307-b40b-4dec21a5757c","ec6d8cae-86d0-4676-a67d-eab5a0c1e3e0","2026-05-25T14:05:52.682Z",55352,"Airtime","USSD"
"ab36c34f-8411-40f1-87f2-533503742fe9","1a683a36-d159-42a3-a189-9a463620f2c2","2026-05-25T09:28:01.197Z",43270,"Betting Wallet Top-up","USSD"
"661cc887-57c9-44a7-bca8-db6e790b85ea","733a9432-0ec1-4365-bd61-4d6baba37a14","2026-05-25T13:27:00.133Z",48915,"Utility Bill","Bank Transfer"
"9c400886-26c6-4a3d-93aa-68bcf9d0f840","e53200d6-525a-4189-b3fa-8b70597993a6","2026-05-25T01:58:09.184Z",96085,"Betting Wallet Top-up","Bank Transfer"
"4866fc7c-145b-4a6c-9087-96fe0ca4ac00","81e82e35-bf02-4219-9a60-05b54c74d18f","2026-05-25T02:04:41.059Z",14578,"Utility Bill","Bank Transfer"
"d16eabe4-566b-442a-867d-0e0b237d21dc","ed13bd3f-9638-458e-bb0c-82bcb008b539","2026-05-24T15:12:27.157Z",54657,"P2P Transfer","Bank Transfer"
"d7790e41-3b8e-4fd5-9b36-3c10794e1ddc","0c8384ac-7937-4253-80bc-95b931cf2540","2026-05-24T18:53:55.457Z",22927,"P2P Transfer","USSD"
"958f3463-120e-4b9d-a69e-002251150147","bf759c93-a4da-47c4-9df2-5227673fc1af","2026-05-24T22:44:56.418Z",93527,"Utility Bill","Bank Transfer"
"0bbd7659-3ef6-4f14-92b8-14b14b8d475d","8ada9f71-fb5e-418e-8453-732c56b2c9d0","2026-05-25T02:45:51.260Z",120122,"Airtime","USSD"
"6c9c6c00-cc74-410e-b3a8-76bbe877b40a","09628bd0-cb74-45b6-ae4b-cfc41fb92fc6","2026-05-25T07:55:27.311Z",145206,"Airtime","Bank Transfer"
"9ddfdd4b-9b7e-4d74-8991-54315295b447","3168ac7d-b352-44b1-8d3e-00b051b18fbf","2026-05-25T07:48:55.162Z",139815,"Utility Bill","Cards"
"a489b6f6-2394-4793-914c-fbbddc8d1baf","98481096-ad1d-42f3-ab38-0df35ad2c93a","2026-05-25T05:21:06.814Z",27145,"Betting Wallet Top-up","Bank Transfer"
"745892ef-a170-41a2-a5fe-dfe090ffb79b","3f460ba0-0008-46ec-a683-e0cfcfe46214","2026-05-24T23:28:38.097Z",87687,"Betting Wallet Top-up","Cards"
"ca53db25-721f-4c5b-9e76-910f34d35727","883ae2ae-ead0-44b4-ab24-1a23b631d12b","2026-05-24T20:27:50.128Z",100184,"Utility Bill","Bank Transfer"
"506adc60-3860-4635-be2b-c1b9d0bff523","57b991b1-c1a6-4fe0-ad36-244511ad9680","2026-05-25T01:51:01.176Z",60609,"P2P Transfer","Bank Transfer"
"c1bcacbd-0857-4a2d-a932-a7092fd70400","8e779e9b-3dcc-4083-95c7-a87cfc5939fb","2026-05-25T04:03:12.086Z",93383,"Utility Bill","Cards"
"3135644d-b584-4358-8010-4e5598c0392f","b6e0f704-2b09-4027-b3ff-69652a72d060","2026-05-24T16:38:43.749Z",101782,"Utility Bill","Bank Transfer"
"782f5c1f-1860-45df-8118-8c4aab009d3d","4a462cd9-b1a5-4021-b2ba-dcab31c00237","2026-05-25T04:14:19.298Z",81277,"Utility Bill","USSD"
"954bc6dd-f988-4140-bd6d-540a9f208881","72999937-3cb5-4ff1-9c42-3d5a50a950c0","2026-05-25T13:29:25.032Z",84366,"Betting Wallet Top-up","Bank Transfer"
"39efa130-8603-439a-845e-92abab4212f4","63620000-6e44-496b-8574-1d6b4668c22c","2026-05-24T15:53:01.730Z",124924,"Betting Wallet Top-up","Cards"
"7eaab9aa-d085-49d5-92f3-3bbc8e773d0f","bbcdca16-5289-4a88-be19-b77e6a2e13dd","2026-05-25T00:09:19.984Z",138577,"Betting Wallet Top-up","USSD"
"66b8e96e-0775-4afc-8925-8061b019f3a7","5ad92ca4-e6e9-41c2-ae4b-272bc0337ebf","2026-05-24T16:50:04.426Z",117331,"Betting Wallet Top-up","Cards"
"378b59a2-4706-4888-a410-dd273e24e435","da57da41-9809-4733-bbb7-c2dba6248742","2026-05-25T14:40:55.188Z",106620,"P2P Transfer","Cards"
"7e269821-c49a-4b4b-ac33-8670d8d2d81e","fb892877-8ce3-43e2-9ab9-1746de7fd422","2026-05-24T15:30:58.151Z",123177,"Betting Wallet Top-up","Cards"
"2e6fc714-f569-46de-b54e-541044203a14","d6e43db8-3e76-4256-a102-d222fffee817","2026-05-25T08:34:59.222Z",95130,"P2P Transfer","Bank Transfer"
"1f10b115-4a5a-4a90-a81d-63e9e4e8e752","e2f44278-5c5b-4784-9d51-37201ddede92","2026-05-24T19:42:32.882Z",137701,"P2P Transfer","USSD"
"c74abc0d-e07c-4e05-80a6-cb1b7932a5a4","c60f8f23-e33d-45fc-b238-2d03ff002b5d","2026-05-25T03:45:01.495Z",61614,"Utility Bill","USSD"
"a11c2f00-f8b0-4d9f-b93d-8b3be7cfdf5b","cfd2f2e6-b3c7-42b8-a5cd-b52e43ef52cc","2026-05-24T18:32:55.854Z",33848,"Betting Wallet Top-up","Cards"
"ff74d1c8-0ebf-4873-a10b-04b3d42c7157","c1785d2e-7769-4d17-b64b-ef721b70783c","2026-05-24T18:04:45.285Z",36581,"Utility Bill","Cards"
"36205e9a-bd98-49b8-83be-759815b65c1f","a886580b-9a41-416c-bef0-301ba07fd4ad","2026-05-25T06:52:43.905Z",20884,"Betting Wallet Top-up","Cards"
"8b35c2a3-f491-4d69-a42f-b500a6a99966","a34d2a20-c253-45db-9396-3b39121cac6f","2026-05-25T11:06:28.533Z",44559,"Betting Wallet Top-up","Bank Transfer"
"e7f3d9d4-c260-4219-8255-17994d9d709a","50172d79-394f-48ba-b5de-7ea384af5a71","2026-05-25T12:05:57.050Z",41674,"Utility Bill","Bank Transfer"
"b6fec447-6b43-4480-ac68-375d44fce374","50e90d8a-b3c3-46ee-908e-7c2648da6a06","2026-05-25T14:47:34.406Z",49345,"Betting Wallet Top-up","Cards"
"ab5ef6b8-9cae-47a9-97c1-b1e86dbaa172","b95d905a-2425-4956-96a9-1a39206d3a93","2026-05-25T00:38:33.396Z",112828,"P2P Transfer","Bank Transfer"
"442c8055-be04-4b0c-8cc4-c9a4c8d95474","79afa7bf-a7b8-4466-a2ff-4de74c7f327b","2026-05-24T22:34:53.410Z",26843,"Utility Bill","Bank Transfer"
"a541b4b7-a4cf-4a3b-9223-d5ee6dc5df68","ee3e1d74-06dd-4127-808a-40b2dfaf58a9","2026-05-24T16:49:28.166Z",13462,"Betting Wallet Top-up","USSD"
"1abc6a0b-33ff-446f-b204-71017a025030","7c3ff34d-9b45-41c9-bbbc-cffbc640feb4","2026-05-25T06:05:57.900Z",132679,"Betting Wallet Top-up","Bank Transfer"
"b05b85f6-e23a-43c8-b01a-0c8204b2a42f","f2b7345a-b953-4712-b343-5766d18b326b","2026-05-25T11:36:11.368Z",59949,"Betting Wallet Top-up","Cards"
"00e4b6c4-2e07-45f5-bb0f-9e8365aec01c","b4e810bd-0a72-4361-8f47-25e04feb5c13","2026-05-25T07:23:08.964Z",100720,"Utility Bill","USSD"
"ed7a98ce-43a7-448f-a0c3-853d1a42a0ea","c534bab6-16bc-4a60-9590-5980a8461256","2026-05-25T12:01:30.490Z",28578,"Utility Bill","Cards"
"9fbb8dfe-d090-4aa5-b08d-9e93309a3929","914bc4af-6a53-4525-91f9-cd5061ca595b","2026-05-25T09:30:44.250Z",7679,"Utility Bill","Bank Transfer"
"df524beb-bfbb-431f-aaf6-abc3ececfb28","a9114afe-eb63-4816-be4f-d49592df2017","2026-05-24T21:00:39.521Z",96400,"Betting Wallet Top-up","USSD"
"832d6d58-9a1f-4ceb-b452-e346c5fc08c2","fe6145d5-c696-4727-a7cc-6881a0828b9c","2026-05-24T19:50:52.346Z",53230,"P2P Transfer","USSD"
"34c2d6a7-44d1-4cb2-a996-e6a40c0b1a5e","b3a2f444-e90c-4f4c-aee2-1c47d69dcb6b","2026-05-24T19:51:18.238Z",82578,"Airtime","Bank Transfer"
"a1972845-ba5e-4e3f-a034-b305eedc0add","3bd8882c-ae51-478e-a82d-6a52e30d43aa","2026-05-25T14:32:09.593Z",57968,"Utility Bill","USSD"
"e239a938-3af6-45b8-b075-e1546e388310","ebc7c24e-9029-4d17-85ac-7160dc6e2fff","2026-05-25T12:04:32.801Z",126896,"Airtime","Bank Transfer"
"20bfe4a5-3552-438e-9589-03c25cd1d054","2cb40fa3-c4c6-423a-beae-908f037b9e3f","2026-05-25T10:38:33.681Z",117727,"Betting Wallet Top-up","Cards"
"e88c504f-5014-4a32-88d6-228b190f7ef8","92738895-12c8-4655-9d93-e5672574f9d1","2026-05-24T19:07:02.723Z",31847,"P2P Transfer","USSD"
"90042389-6321-4d9d-a78a-e0ecc5e421bc","59c2d498-fdec-42e0-9e46-ae571c1e2354","2026-05-25T00:18:31.786Z",31275,"Betting Wallet Top-up","Bank Transfer"
"6ac1d1d3-c34a-4c35-b118-66e4d7b7f530","d440357f-c03f-4c50-b09d-045139e91b57","2026-05-25T09:22:30.311Z",79738,"Betting Wallet Top-up","Cards"
"b9535307-a56a-442f-8b6f-dbf64c8024a2","94dc4bd5-57df-4604-81da-8a79f3327fef","2026-05-24T16:44:32.225Z",80987,"Utility Bill","USSD"
"fd432f1f-cdec-4cf0-83be-bba6ca918006","6772e8d6-3ae0-41c5-a1fc-63e17f22df25","2026-05-25T04:52:45.361Z",91397,"Airtime","USSD"
"2cc23fc3-d167-4c13-89b4-bb37f3765258","6f04d042-f038-4a92-bd66-c22da4b532b4","2026-05-24T15:19:16.773Z",88078,"P2P Transfer","Bank Transfer"
"e9c3ea99-a77c-41c4-b49a-e849e2c53922","b35acc4e-249c-4636-9ca5-7331645671fa","2026-05-25T05:15:41.919Z",5044,"Utility Bill","Bank Transfer"
"dd27e910-59ce-4ca1-b36a-6cbf030c8c4d","a2763d2f-7c4d-4734-b5fd-23422c344ccd","2026-05-25T11:06:03.679Z",26291,"Utility Bill","USSD"
"e19b36b8-4a69-4bca-a4e5-ba6da217d3c6","85a2eb94-0ec6-4bf7-a778-7a769f2a94a5","2026-05-25T15:04:00.853Z",607,"Utility Bill","Cards"
"37bcc9f8-a191-40f7-9ff3-705d5ec5049c","25ce071f-353c-4658-8602-d21a29ecf181","2026-05-25T07:27:06.374Z",13840,"P2P Transfer","Cards"
"fd3eafae-391a-4b9e-8e47-d88556890288","c524829e-580b-40b8-8b35-ead385a8a073","2026-05-24T21:00:28.423Z",145999,"Utility Bill","Bank Transfer"
"73422008-596a-401d-9358-695553645b9f","7c76b434-9a1a-4c78-b519-bf8882e93c8f","2026-05-24T22:22:10.490Z",101946,"P2P Transfer","Bank Transfer"
"1e58338c-5ae2-415e-9997-17e35df4a375","53413609-a814-49b7-9d3a-dac518517ef9","2026-05-25T09:44:44.792Z",95673,"Airtime","Bank Transfer"
"3bc23b6d-0104-46cd-a476-43928fef16b7","1236d004-d69a-43c2-b54c-00341dc2b095","2026-05-24T20:23:25.374Z",92784,"P2P Transfer","Bank Transfer"
"054fc3f3-985e-4ead-9f08-0ffff2ad17b5","f999b17e-6469-4c7c-a871-9134a21f6b77","2026-05-25T09:40:12.145Z",1026,"Betting Wallet Top-up","Bank Transfer"
"c30dc437-61ed-4710-8371-0a3e11472c07","93b8e6b3-38db-4f8e-ac31-8771d36d0e38","2026-05-25T06:26:41.110Z",106522,"Utility Bill","Cards"
"4c05db22-4e6c-474a-a101-40f37264c776","e1678587-57b4-4a48-9899-bb1b179fb629","2026-05-24T21:47:00.569Z",48553,"Airtime","USSD"
"0b82f65f-7cf0-48ff-9ac8-5665b0a0119f","d70fc256-41d9-4483-9dc1-ef7c13636dbe","2026-05-24T17:22:31.482Z",23403,"P2P Transfer","Bank Transfer"
"a3fb0432-303d-4005-89e5-63aa707e6549","f7e8775a-2a4d-4d83-a94e-110257936cd8","2026-05-24T19:54:53.285Z",44470,"Betting Wallet Top-up","Cards"
"921aadc2-8294-4872-aa27-fae88999bde4","ba024d62-9f41-4b39-9f5e-84794a89656c","2026-05-25T05:23:24.287Z",35104,"Betting Wallet Top-up","USSD"
"d6cc41b1-b6f5-4a61-9a15-ec054a32894c","2439299d-1f3c-40ce-a1cf-5bc5407f59d2","2026-05-25T06:06:14.667Z",65133,"P2P Transfer","Cards"
"b5c66cd8-24a4-4336-b9e3-f22b55e44715","f7cb4ffa-1067-4ddd-a2f4-6dd6732045f0","2026-05-24T17:25:58.025Z",68290,"P2P Transfer","USSD"
"056ec36c-b671-4200-bde4-16495f5df683","877c6799-abf8-4952-95e8-c6300cb055a9","2026-05-25T06:09:34.193Z",142798,"Betting Wallet Top-up","Cards"
"ed73bcfc-a34d-42ff-be21-fa475daa1149","c00239ea-9634-4479-a2f2-7b8bcfa27a1d","2026-05-25T00:20:59.567Z",142650,"Betting Wallet Top-up","Cards"
"d5ee8c66-b1b9-4cdc-80cf-19a99cb0ace1","cd51c83e-98da-45db-a7c1-f32470e7fc58","2026-05-24T16:24:43.511Z",134591,"Utility Bill","USSD"
"ddf52a6e-b6c3-4da7-a71b-7f03d4d41845","c8a6d995-37e2-45dd-9a47-a42477b9ad76","2026-05-24T18:29:15.982Z",111350,"Betting Wallet Top-up","Cards"
"1542bd6c-3ea5-4318-99b2-a62017b7d0fa","1fe5f9ab-5e7c-4dab-9b23-6c16c1971d8d","2026-05-24T21:18:59.073Z",36290,"Airtime","Bank Transfer"
"29edb0ff-94ef-4b7b-a54c-e464d97cefca","87c8034e-dec2-4c0e-b69d-21a3d4b8ba30","2026-05-25T01:28:05.205Z",40525,"P2P Transfer","Cards"
"18d3a9db-0d23-4f27-a059-e1abc1b5f176","20fcf981-7cc3-4169-a554-47a261e658a4","2026-05-25T08:31:53.210Z",16290,"Airtime","Bank Transfer"
"7b84b5e1-0c0b-47b3-9ffd-c6df6641c8be","669f9efc-c341-4ad9-8655-1c78041c275b","2026-05-25T13:31:56.285Z",33671,"Betting Wallet Top-up","Cards"
"0d91b2df-943a-447c-8304-e78bdac12ac3","22e1df1b-3ccf-4481-8e09-5f128fbdd2bd","2026-05-24T15:33:12.360Z",101033,"Betting Wallet Top-up","Cards"
"b12b73d6-3ae7-4b8b-99c0-a174144deb60","ad7dce57-2b86-47b7-836b-603cddbeff0b","2026-05-24T18:48:09.188Z",52896,"P2P Transfer","Cards"
"4d1746b8-bd5c-4f53-a196-9673f26189db","824889b2-d065-4ed0-9109-15e31c4a1acd","2026-05-25T12:26:55.074Z",66790,"Airtime","Bank Transfer"
"a1536a09-4030-4c45-b7e2-22b098f78acd","05d8207a-1ed2-4874-96d9-97d7d01feb26","2026-05-24T18:20:28.953Z",6518,"Betting Wallet Top-up","Bank Transfer"
"930848f6-db44-46ca-82e8-49e31b34ea24","719117cd-77ce-4061-8515-d04bd144bf7e","2026-05-25T13:19:15.544Z",139539,"Utility Bill","USSD"
"f555afc8-cbd5-47e9-9fcf-a29144fe4871","8d15cb92-7b50-4389-8a71-e92f0ecde6ee","2026-05-24T21:08:56.498Z",38731,"Betting Wallet Top-up","Bank Transfer"
"40e26773-dab1-463c-b32d-831d9aa8b28b","babd957c-c71e-4028-b5b7-710aeb79e787","2026-05-25T15:00:22.636Z",52492,"Betting Wallet Top-up","Bank Transfer"
"2d431cb5-d332-43e3-8fcb-136de2424a3f","38b4d18f-3602-41c4-b6c3-f54343f9fde0","2026-05-24T20:42:51.112Z",38530,"Utility Bill","Cards"
"a49de38c-349c-420e-b7c2-ce5ab0f5fc13","1b8d2989-ca7a-4e75-b8a5-e0d1d2c35604","2026-05-25T04:12:28.138Z",62750,"Airtime","USSD"
"7e30931a-2266-435e-8643-fd56be77f176","c2268ef2-817e-4c53-9776-501745e85c46","2026-05-25T01:04:14.822Z",74482,"Utility Bill","USSD"
"d929018b-c564-433e-85a1-33c2bff9fe2a","0c33988a-a915-4e99-96e7-cd5800a33aed","2026-05-25T11:26:13.936Z",54308,"Betting Wallet Top-up","Bank Transfer"
"9802a456-6eab-465b-8522-7e191f550a11","e440d603-b80e-4671-8996-406810498cbb","2026-05-24T16:44:37.633Z",31946,"Betting Wallet Top-up","Bank Transfer"
"89a6f5de-44f8-476c-ba68-38a76f5108b0","3f50a785-8923-421f-b241-3e9609345833","2026-05-24T18:09:04.106Z",14390,"Betting Wallet Top-up","USSD"
"c1d5f6cb-dec3-4171-94ed-de0ef2c7400c","a9845803-a25c-4863-886f-18da253e1745","2026-05-25T04:58:30.388Z",142461,"Betting Wallet Top-up","Bank Transfer"
"b824b64d-994c-4644-b534-cf0b1626a55c","358ada3e-2713-4f12-8fcb-f3c17a28a99d","2026-05-24T20:30:03.312Z",16358,"Utility Bill","Cards"
"349b607f-231f-492d-a05b-c73f84f90813","62de1191-78f2-4216-a827-b61cbafcc27b","2026-05-24T16:56:21.252Z",96000,"P2P Transfer","Bank Transfer"
"bda05327-e78f-4b2e-b295-20b4ccdc643f","b4164ff6-e539-468f-a26b-23f40cb6bc1f","2026-05-24T19:09:37.568Z",129982,"Betting Wallet Top-up","Cards"
"60908157-6648-4851-9ca1-34a0717381e9","ec789217-c4fa-41bf-b43b-bf9777f31b5c","2026-05-24T20:33:26.704Z",49137,"Airtime","USSD"
"82cf6867-6a75-4bf1-9e87-222257b4dce0","9bacefff-8e61-43fe-ad08-645f56af2b07","2026-05-25T00:38:13.232Z",43584,"Utility Bill","Bank Transfer"
"36371b92-8ff4-4da3-9069-0447196886e8","bea402ac-b1a8-434c-98be-0f0b9ac9a5c5","2026-05-24T19:14:29.840Z",12055,"Utility Bill","USSD"
"602ebc91-1754-4d32-826f-1fc93e221d2a","bd24381f-c6c8-4ba4-a33d-1c330a422a13","2026-05-24T22:09:32.265Z",129865,"Utility Bill","Bank Transfer"
"0127961a-c54b-4adf-98c8-fa826024331a","8a2d8a1c-8d45-4170-a93b-873422036dbb","2026-05-25T12:35:52.656Z",46545,"Utility Bill","USSD"
"490c04e8-39c5-4799-b0af-7e3ddfcbcf85","7d635988-077e-4e19-b3d0-c915a9f2621f","2026-05-24T19:50:55.952Z",8827,"Utility Bill","USSD"
"d9ea5b88-e3ce-4a27-8d87-7db333cddd59","9958917e-84b6-49e7-8016-f67f9b0f3fc1","2026-05-24T17:34:00.254Z",77859,"Betting Wallet Top-up","USSD"
"c7b4c0d0-407e-4085-a303-b4b6208f1a3a","b51d8f82-9f68-4250-b265-56f70d77ce52","2026-05-25T10:28:03.955Z",21171,"Airtime","USSD"
"6ba4018c-ad83-43ea-a082-416791f07a16","8dd3a9f5-ef22-4678-ac7f-22a928cddb2d","2026-05-24T18:47:39.681Z",126555,"Utility Bill","USSD"
"cd863dd7-9cac-4448-9bed-9fbec079bbc2","11daa55f-8d98-405a-8367-52e34e8fb4c2","2026-05-24T21:12:24.720Z",112919,"P2P Transfer","Bank Transfer"
"0100c703-5958-4590-9bee-21eb5fccff41","85cee229-4b08-4e98-8ed5-f5b14e312297","2026-05-24T22:16:08.777Z",52043,"P2P Transfer","USSD"
"f2e506a6-f250-4545-8c42-816ac0aa402f","3ce8ea11-7ce3-4df8-813c-c45ff8c2abd4","2026-05-24T21:29:54.572Z",21113,"P2P Transfer","USSD"
"59a44bdd-5fde-4679-84b8-724118ac7dca","01d0ced0-7648-4103-b57c-e90326e16ad4","2026-05-24T16:30:10.853Z",2396,"Utility Bill","Cards"
"eab7c320-eb1c-460e-a5d0-a4e1d8cb8273","bd6745b2-e98c-49a9-baf5-0cd4fcd1d90f","2026-05-25T02:21:09.171Z",109280,"Utility Bill","Bank Transfer"
"f99cc3a7-483d-40b8-9699-6101defadbcb","6c6add35-ae8e-4d77-be66-46d165afa171","2026-05-24T22:56:44.092Z",126350,"Utility Bill","USSD"
"221dacd4-4b23-4a95-a38f-a81e78756923","abf30a22-fb1c-4f28-92d8-7e5e12847f75","2026-05-24T23:29:11.600Z",25741,"Utility Bill","Cards"
"1acdad24-6c5b-4e29-99b7-8c723c1f6de5","d890600b-f317-4398-bde1-92abd6dbf720","2026-05-25T07:33:25.763Z",147653,"Utility Bill","Bank Transfer"
"2b1f97f1-410c-4959-977a-8cbf45abcc15","bac4c0a6-7fe3-41c6-9fba-afa4a19f5d9e","2026-05-24T18:11:47.699Z",135633,"Utility Bill","Bank Transfer"
"58d1dca5-ce3f-4a4f-9bdb-f35f38b5e2cf","f1900df6-30c9-4df3-bdc8-7be572c218af","2026-05-25T08:10:31.577Z",111825,"Utility Bill","Cards"
"249194bb-7ba1-4de6-8669-6e44b96f8833","9793af3a-5c56-4b93-bea3-3340bf056adf","2026-05-25T07:39:32.606Z",140086,"Utility Bill","USSD"
"7d86192f-501d-427c-8dff-5e60dd6cabb1","0daefa84-518d-4ab6-bebb-9d5d183e7e69","2026-05-24T16:34:29.843Z",129840,"Airtime","USSD"
"571f08ef-5f10-4f38-ba87-a27d3b74510b","9c65918f-a363-4f94-a6fe-2eea3a4598b8","2026-05-25T11:58:47.303Z",107686,"Utility Bill","USSD"
"1aead512-48e2-4c7e-ad4e-fd6cc911579f","f5139489-2fd3-4772-bed2-849181eb5ecb","2026-05-25T04:42:32.563Z",143579,"Utility Bill","Bank Transfer"
"c3acc01d-e920-4c3e-a295-4e0e963fbd5b","e4a08e2b-07cd-45d6-94ab-152a11aa388c","2026-05-24T18:46:57.464Z",96131,"Airtime","Cards"
"5e882ef6-853f-4b7d-b8aa-d3e2dfee4f5e","f8ced9de-36e2-4173-a257-dfa368eba586","2026-05-24T16:03:23.329Z",88337,"P2P Transfer","Cards"
"4e051802-7ba2-4617-ad3a-67ae9b449953","9d5d4f04-50eb-4a3b-818d-e0e4f570d18a","2026-05-25T08:10:05.566Z",3914,"Utility Bill","USSD"
"a842a6cb-e4c0-49b3-bd72-0dc23cca3e3d","015ee7ac-ad11-41a6-8d5b-a2f3a461100f","2026-05-24T21:33:49.421Z",25548,"P2P Transfer","Bank Transfer"
"f6381416-3ef0-456f-b7af-6266d7add2d3","43b4d18b-33e1-4cfa-b859-6a51e15a2911","2026-05-25T07:37:25.695Z",20128,"P2P Transfer","USSD"
"4eda3440-5460-4d53-83fc-491efeb15b90","943646eb-9d5c-45c0-af1e-7d2b31f04e24","2026-05-24T22:54:29.492Z",32416,"Utility Bill","Cards"
"8505948f-955d-4ee6-afc7-9949ac1f2213","0b2c5a78-fd1c-4ba9-aced-caaa6836ef10","2026-05-24T19:53:07.917Z",58581,"Airtime","Bank Transfer"
"ca782e8f-b283-4a40-9125-ebe4fd9808bd","4d940200-cade-4fbf-8f65-c7d3dad724bd","2026-05-25T09:19:34.765Z",148071,"Airtime","Bank Transfer"
"3fdbee58-afb0-4693-9a93-b051ed11c743","f1f56c3c-42ff-4d47-9214-d8559c60751e","2026-05-25T13:39:48.985Z",69869,"Airtime","Cards"
"fa9bb7cd-7ceb-4371-a897-b18dc6671607","76b76408-2d60-4cd1-b6dd-bd33a835a485","2026-05-25T00:40:17.088Z",49686,"Utility Bill","USSD"
"1e09bd38-4f97-497f-b1e9-91083afe6c59","5e4cec55-4c41-4d2c-b5ae-1a1d8850a160","2026-05-25T03:42:36.568Z",61688,"Airtime","Bank Transfer"
"1c31cb8a-7e7a-4e84-b583-f21534e68e23","24bb48ac-8273-4ad0-95e9-efd4e130e064","2026-05-25T13:21:28.920Z",134654,"Betting Wallet Top-up","Cards"
"3b051b36-7de2-4411-8ebd-5b4da53bee36","3854ba9c-0fb9-4e9a-95cb-e2466b8246e9","2026-05-24T23:33:56.856Z",5262,"Utility Bill","Cards"
"b205ae76-d9ef-4e80-b71e-2e440eb1a841","241d742e-d3d3-4c3e-95a4-cf5d92b566a3","2026-05-24T19:16:37.427Z",71669,"P2P Transfer","Bank Transfer"
"ba5b4027-a3fe-4a50-aba9-0ab7c8ae6f4c","dd5cd4b6-32c3-4f95-b078-82a003bc1810","2026-05-24T20:17:37.268Z",2361,"P2P Transfer","USSD"
"b66fc22f-cf08-4cd0-8de3-7ae5e7781240","cee2947d-a488-413d-a39a-c4a271d041bd","2026-05-25T09:54:39.429Z",112951,"P2P Transfer","Bank Transfer"
"97c9c1f3-db3c-4712-8166-2d80cccf37bc","ffd9cdd6-516d-4ee6-86c2-2918ed05fe4c","2026-05-25T10:02:17.651Z",60222,"Airtime","Cards"
"90c09e4d-bf17-420f-b617-57d0935f37fc","afc7964a-6af0-4366-9210-52a1de065ddf","2026-05-25T05:27:12.211Z",17430,"Betting Wallet Top-up","Cards"
"6fe54cb5-0fc7-4708-8340-d31a383b832f","d9cf3a7a-3acb-4db0-8639-17da00d050db","2026-05-24T16:01:19.075Z",135718,"Airtime","Bank Transfer"
"a2302082-f542-4e41-b445-27366a1ebb28","ea8fb226-57d0-46cc-95dd-1c1300913055","2026-05-25T05:41:11.068Z",16142,"Betting Wallet Top-up","Bank Transfer"
"9166ef01-ac96-47c8-a78a-462d9e88f170","fc6569b7-94eb-414d-9da6-5dac8c18fcbe","2026-05-25T04:20:16.397Z",64734,"Betting Wallet Top-up","USSD"
"bf327e3f-95c7-4041-97cd-12fefdc2109d","585a8ce9-f789-4cd8-8016-a9d6dbb7fee3","2026-05-24T21:38:53.086Z",36494,"Betting Wallet Top-up","USSD"
"c6719313-f7f8-4683-bfaf-8134e08afef5","37b24a6e-7c5d-407f-9ce4-7f5cfb2ad8e4","2026-05-25T04:03:26.059Z",62285,"Betting Wallet Top-up","USSD"
"455509dc-4639-4d13-88b5-311fd629999f","463db8b6-5133-49e2-b008-630100b020c0","2026-05-24T23:31:28.324Z",135133,"Utility Bill","Cards"
"c6282f08-bfb0-44ed-b97e-1fb5048aea90","60b2e472-77e6-4cf2-adda-6a9a84c58482","2026-05-24T21:25:12.930Z",6357,"Utility Bill","Bank Transfer"
"4f3fdab2-fa00-4502-a674-c9312cee030f","531a70de-5aa3-41ec-8a3a-1cc52456e5bc","2026-05-24T16:12:47.683Z",27546,"Utility Bill","USSD"
"e1762b0b-654c-4a5e-9356-7ebf9a2be72c","20f05df7-a79f-4c8e-8043-c88b51a2e73a","2026-05-25T02:25:23.940Z",68405,"Utility Bill","Cards"
"9e7ae57e-cfd7-4d54-b8bf-a4e6dce8af3c","44dc9b4f-d3d7-4277-a446-acfbee7959bf","2026-05-25T13:07:03.565Z",41495,"Airtime","Cards"
"7baa503f-b9f2-4c9f-90f8-71686493b607","5c2ba553-cdbb-4959-bbd0-1362637c1005","2026-05-25T07:29:00.764Z",88467,"Utility Bill","Cards"
"9dc5d922-3596-44e5-8a97-17ed4edb4c0c","7df22aa4-b2d4-449c-b9ce-fac0672fba37","2026-05-24T20:11:01.978Z",12706,"Utility Bill","Bank Transfer"
"7d480226-0a21-4c46-a813-550763e1afee","6552440d-649a-4847-ba22-c8b4455cf36f","2026-05-25T05:13:10.462Z",140022,"Utility Bill","Cards"
"2ddfdc9b-26fa-43bf-806c-c60245a197f6","7a66a673-624e-4fef-a8d4-010ca14f8c2b","2026-05-24T23:24:23.674Z",60156,"Airtime","Cards"
"3454312c-4a7b-49c0-8958-69c5e8f15080","9e73b406-c54a-4f69-a57b-6c4ed28554c2","2026-05-24T22:43:07.350Z",16061,"P2P Transfer","Cards"
"b5f0efad-9946-4cc2-8287-86761ee709ea","6c586016-2bf6-442b-9684-ca569765ce2f","2026-05-25T10:06:24.572Z",44807,"Utility Bill","USSD"
"f0cdef9f-e948-47c3-a735-615edbc37dca","5e66ce57-2ff0-499d-bf9a-43f9d9b67248","2026-05-25T05:18:13.272Z",135788,"Utility Bill","Cards"
"e0b9bf7e-1cdd-428f-bd4b-5bd326a8351d","bd521281-0253-4ee9-b66a-9a96dbdb1838","2026-05-24T23:47:05.035Z",141969,"Betting Wallet Top-up","USSD"
"a9bb5076-efce-4073-b716-f48790a441bf","179db55c-112c-434c-ad56-206350c614e9","2026-05-24T16:39:26.234Z",103726,"Airtime","USSD"
"06045aa7-f09b-478e-a4f1-48c8d95eec4a","b0bcbc78-cd6b-4b69-912a-b92069feb64f","2026-05-25T12:30:28.562Z",26431,"P2P Transfer","Cards"
"7c27870e-62fe-40da-aaae-16f10be6a338","a26b6733-c6d8-4601-bbb5-ef52fc2c4967","2026-05-25T02:26:41.064Z",72874,"P2P Transfer","Cards"
"ae9d79a6-9b34-4a1c-9c27-1f28adaac406","090d88a5-3a88-4105-9e6f-41a1af10d612","2026-05-25T09:17:37.328Z",102247,"Airtime","Bank Transfer"
"dc5a7cee-1450-48fa-97ba-196155dc7284","bef99f5c-9b34-4f21-9807-b20253641c6e","2026-05-24T23:33:42.243Z",144351,"Utility Bill","Cards"
"5e6ddf70-8fd7-4969-8ea9-d5febdbc5b51","ac4dfe12-ec0f-405e-a9e4-bf6f78f765b2","2026-05-25T00:10:02.645Z",1836,"Airtime","USSD"
"d660dad2-a1fa-40e6-b2af-b9ada0eb4e73","05d964cd-81c8-4a6b-b618-321899584e3a","2026-05-25T05:25:27.632Z",58574,"P2P Transfer","Cards"
"80294db6-b9d4-4da1-83fc-ec2040284e87","61ae5059-96db-476f-ab0d-e43ef3c33c2f","2026-05-25T12:15:36.673Z",68709,"Airtime","Bank Transfer"
"7f2f41f1-ea66-4a1e-b617-aab1cacf4095","e6fb4d53-ec98-435b-aabd-13155d413bc7","2026-05-24T15:47:01.075Z",75033,"Airtime","USSD"
"4bcee7d1-9a47-46d7-a5d5-80359c833bc0","552fe052-dc79-4a0e-851e-7b8beee5bd67","2026-05-25T03:02:50.306Z",26886,"Utility Bill","Cards"
"5ad69803-96d6-4d6a-a3c3-fb7b6b46a3f8","c651ae90-b3d4-4c20-9201-d44565297fa1","2026-05-25T04:00:43.684Z",57580,"Utility Bill","USSD"
"9ba5682a-5837-4848-adee-7b583f0ee9f5","096f4b37-dd94-47b0-86ec-537ba4f5ba8b","2026-05-25T12:23:29.072Z",109886,"Utility Bill","Cards"
"51fbe420-3eb3-4946-9856-c89ec817cad7","1707ae17-73f2-4006-8e91-0acdd4f028f5","2026-05-25T11:42:28.511Z",124549,"Betting Wallet Top-up","Bank Transfer"
"625f917a-d297-40b8-953a-e93f1684043b","40f8f7fd-12ec-41bd-a734-d99764b960a8","2026-05-24T21:50:27.081Z",44467,"Airtime","Cards"
"885c2efc-c4f3-4ff2-afe6-100d8082b8b6","dc67c462-e40e-4e27-b8d1-fdc322a248ba","2026-05-25T08:47:23.877Z",92237,"P2P Transfer","Cards"
"f0f507c0-5ee5-4b5a-8b82-fa4496314c47","e94e36ab-1f2a-4dcf-8447-57714ba9b3d7","2026-05-24T19:35:17.359Z",131565,"P2P Transfer","USSD"
"8f481a8d-c44f-4561-8edf-cedfc1b5b1f4","533b5560-dc3c-430e-959b-a7766b4b10e4","2026-05-24T16:49:27.838Z",92527,"P2P Transfer","Bank Transfer"
"5de53ea7-2a4c-4a48-9a0e-a9d7d1dad414","eb504d60-901d-4301-bfca-cb261381c812","2026-05-25T08:07:44.828Z",94399,"P2P Transfer","Cards"
"93c0965d-9265-4a51-a514-86da04ffc411","d567dde8-3772-43d6-83d5-8e2a1ba17e83","2026-05-25T03:45:25.451Z",142739,"Betting Wallet Top-up","Bank Transfer"
"22b60130-43dc-483e-9e77-47077866af00","9e0966f5-d108-4f69-aa74-43fda0ea24a2","2026-05-25T10:40:22.604Z",90602,"Airtime","USSD"
"1d8c34ec-db56-4f99-b5bc-1ac79befd7bf","2ad498b6-43f3-40f6-aa6d-d03a4b3aab3b","2026-05-24T20:35:15.442Z",118391,"Airtime","Bank Transfer"
"8c13455b-d78f-45c7-8242-8871e9a33958","a9b27fc0-3b8a-4a1d-8828-d6014281a93f","2026-05-24T18:08:06.783Z",82852,"Utility Bill","Cards"
"4448356e-4f8c-4d23-9836-0e6d7ea27d98","93849ae7-f91b-416c-b6a4-119b7ee83abf","2026-05-25T05:51:22.197Z",27899,"Airtime","Cards"
"b2585d5a-d6ed-4968-a317-844f981fecfc","d26789df-c000-4e46-bcff-374d59478011","2026-05-25T07:42:34.418Z",12650,"P2P Transfer","Bank Transfer"
"c11a616d-1c1c-4747-9945-cf960d9848db","a60c02fc-5fb2-4f01-a33e-bcfdc6fa90c9","2026-05-25T00:59:44.696Z",50829,"Betting Wallet Top-up","Cards"
"f0ccc10d-1f14-44fe-8323-1327eaacc76c","2c468e23-f203-4438-90a5-614643bb36c5","2026-05-24T21:14:38.258Z",118565,"Utility Bill","Bank Transfer"
"2ffe4e65-11b7-4237-9e69-de2c6e3c612e","5ac08760-baf2-453b-b611-949cfe9788c2","2026-05-24T22:39:45.910Z",118760,"Airtime","Bank Transfer"
"7ef38a6d-344a-49e2-abbd-1150ba564f29","a37ee0c3-b4e0-46c2-bd3f-a7340fb49821","2026-05-25T00:23:16.985Z",139718,"Betting Wallet Top-up","Bank Transfer"
"42775c26-375b-48a9-8700-44a4de6c8f59","66b5257f-6126-4482-a43e-51409638db84","2026-05-25T00:52:50.389Z",35602,"Utility Bill","Cards"
"78870edd-0114-4647-9acf-57630f74642a","4d8243eb-d1ce-436f-b9fa-fa2a6ee82fe7","2026-05-25T09:02:28.175Z",134764,"P2P Transfer","Bank Transfer"
"b42a13dd-d9e6-497e-ae7e-2d9e24bc9cd3","885bc9c6-7013-4548-b4f7-976963106a14","2026-05-24T20:08:49.528Z",56974,"P2P Transfer","Bank Transfer"
"22a27ad3-7ca4-4d99-90b7-40e5066a23fa","4152a92b-49b4-4905-a6b3-e5feb236fc3f","2026-05-24T16:34:47.255Z",115786,"Airtime","Bank Transfer"
"3a0c6c68-6792-41f0-bf26-7d79d1d7907f","64825054-fe1b-499c-b59e-ff1384fecdf7","2026-05-25T05:28:28.947Z",18130,"P2P Transfer","USSD"
"1743e17c-c1b4-47ab-931f-b00afb668ba2","9f49d764-0326-44cc-91d9-a0c18c527b36","2026-05-24T16:09:50.143Z",26316,"Betting Wallet Top-up","USSD"
"f7ee6e6e-f808-4036-ab35-07662b6c254c","d24bb2aa-67d4-487d-8ac8-8df4be84f4fa","2026-05-24T22:28:03.180Z",59630,"P2P Transfer","Cards"
"2726f69c-bd29-4e38-95c2-33f5ecffcd50","4c84efc9-ddb2-45ad-9818-e81e61ee9d56","2026-05-25T01:37:33.225Z",67158,"Betting Wallet Top-up","Cards"
"b94accb5-5c5a-4d63-a0a9-fe05d4169c38","a419ac07-bdbc-405a-9686-0d1230479876","2026-05-24T22:06:30.253Z",15412,"Betting Wallet Top-up","USSD"
"c596e46e-ae79-42b7-bb4e-43605672aa11","23fee53d-4c4c-4653-9785-67418e5ca9cc","2026-05-25T01:22:52.102Z",104477,"Utility Bill","Cards"
"f8d22a50-14ef-4f28-b84b-033d7d9aa40c","101fe2ac-fd82-4347-89c6-c133b50206af","2026-05-24T20:57:20.866Z",80872,"Betting Wallet Top-up","USSD"
"39ad1442-98c8-4f6b-92e4-6a5651f25401","eb0997ac-4caf-4f1a-9a0a-86cfa55aa74e","2026-05-25T00:06:03.109Z",103013,"Betting Wallet Top-up","USSD"
"0abdaed4-6832-4ade-9e45-8c708339000c","fbde2547-1cbd-4d06-af8f-6315c76e35ce","2026-05-24T20:05:00.261Z",78638,"Betting Wallet Top-up","USSD"
"7b85b81a-c0b0-4905-a71d-54ad910461c6","58f9bdd2-c03f-4452-aed1-6b54cabc748f","2026-05-24T20:34:29.882Z",7181,"Airtime","USSD"
"e2daf69b-b4fb-450d-9089-8e575238ab5b","db78c9f8-e8f5-49ce-a228-fc534e7b407c","2026-05-25T03:04:58.128Z",102136,"Betting Wallet Top-up","USSD"
"b00d6af1-9ded-4960-af6b-36079bbd9192","1ef32afa-ba44-47a8-9081-cd581a18c497","2026-05-24T23:27:50.757Z",75192,"Utility Bill","Cards"
"2e184216-8beb-4ff3-af27-62ab02f07367","33866e33-157e-4a13-847a-df11bcec57d5","2026-05-24T22:22:03.340Z",71756,"P2P Transfer","USSD"
"f11e4329-2ad3-4dbb-98ad-8a62e644257f","3ce523ab-4372-49b4-b444-1575ced67ac5","2026-05-24T23:21:00.714Z",126400,"Betting Wallet Top-up","USSD"
"aeb33ab9-57ae-477c-8fb7-2eca430f6fea","51a88ea4-9c67-425b-bc10-8aeec52ab709","2026-05-24T21:50:03.557Z",74892,"Betting Wallet Top-up","Cards"
"d2a14a4b-75d3-4fbf-8b6b-1b59e25ef0f7","1c0c14b2-e255-4e6c-9036-7204fa2e0ded","2026-05-25T14:52:43.315Z",29370,"Utility Bill","USSD"
"dfe2027c-e73b-4436-b786-12ffd7364174","b9f3b2dd-58bc-4d11-a0a6-b56d8ee0e774","2026-05-25T05:31:50.670Z",55710,"Betting Wallet Top-up","Cards"
"92d5df65-237b-4a50-b2e7-9c1cef19eaae","648ffc9f-9988-4340-a475-651d3beaad6e","2026-05-24T23:19:17.939Z",146421,"Betting Wallet Top-up","Cards"
"40c4e241-de29-49be-8448-c6ba1911ac4c","bd20a24c-2987-4f63-9713-9d8a5fef7036","2026-05-25T10:22:22.595Z",129380,"Betting Wallet Top-up","USSD"
"83854be1-3815-41b9-baa4-e2ca98918da4","4e771dc0-e214-4bb7-b0e2-6a0ea09a3c17","2026-05-24T16:02:23.158Z",26792,"P2P Transfer","Cards"
"05b9b9c9-bb37-422e-85a4-f90950778cb7","d7a063f0-3f2f-465f-a9bf-774d3a2ee955","2026-05-25T00:05:00.792Z",3191,"Utility Bill","Cards"
"030d0da1-9e94-4b93-bbed-b667dcdec863","d889a55d-256a-463f-9764-f29aba6e1983","2026-05-25T03:34:32.225Z",137750,"Airtime","USSD"
"118e8cc0-c2ed-42b4-95cf-b54b71fdc0b5","83111e4f-9ecd-4a11-99a4-35fb28538b8e","2026-05-24T21:06:32.712Z",130773,"Utility Bill","USSD"
"68648e6a-75ce-44cf-a843-507b148b954b","35b17199-fb2f-4287-adbc-7d23cf274538","2026-05-25T07:05:13.542Z",9262,"Betting Wallet Top-up","Bank Transfer"
"4608c33b-89d8-473a-9bed-c990a1bdaf69","75a14fa0-650f-47bc-b15a-420bc6b1b1d5","2026-05-24T21:11:17.266Z",87068,"Airtime","USSD"
"4888e83f-7fb0-4ade-8aff-a538bed2ccf4","cecf029a-0a82-45c4-92f0-9ea4f42b1d4b","2026-05-25T08:14:31.990Z",125893,"Utility Bill","Cards"
"8f50a7e7-1474-4388-bb39-3ddcd7120486","680b55db-4333-4835-9665-d37ab3ebdffe","2026-05-25T14:29:34.046Z",48436,"Betting Wallet Top-up","Cards"
"3c9c0b0d-b9f4-4789-9365-cb50cf029743","975807f9-85cc-4800-ad4c-50068310b43a","2026-05-24T17:15:39.480Z",59494,"P2P Transfer","Cards"
"4a4561fd-e4e4-4c38-a0d9-896728d7aeb6","7e4ef93c-d09e-4e93-800c-cc2563090e7c","2026-05-24T23:44:37.944Z",97362,"P2P Transfer","Bank Transfer"
"182361a1-b634-4757-af34-574d58040e42","9829d5f3-421c-4a45-a080-527087b2fee2","2026-05-24T20:05:13.467Z",10535,"Airtime","Bank Transfer"
"8440a901-75b1-4413-93a8-0f819188e90c","3f4cf946-8ff9-4f53-b243-fa88f0b855fa","2026-05-25T05:28:24.048Z",127426,"Betting Wallet Top-up","USSD"
"cd349889-86cc-4bab-a4e1-5dd39b53d756","ded9d61c-0dec-48f6-9fa2-918af90b5cf2","2026-05-25T13:33:41.237Z",72303,"Betting Wallet Top-up","USSD"
"cd959712-c052-41ec-aebb-24fad7dbd65b","2badafaf-d587-4cbc-9c21-6444715ab29a","2026-05-24T19:58:53.542Z",96290,"P2P Transfer","Bank Transfer"
"9da9eff1-97a4-4ec2-ab8e-419dcceb15c4","8aea32cd-f07e-438e-aa6c-27cecfeb3670","2026-05-24T19:59:12.315Z",83152,"Betting Wallet Top-up","Bank Transfer"
"dcd70eb3-1f2d-44ba-9679-0d0832bf53a1","dd6bf4b7-031b-477e-8306-0d551ae9b65c","2026-05-24T22:48:00.046Z",80687,"Airtime","Bank Transfer"
"4de9bbbe-7424-4d1e-9091-6bd8a5b55e0d","51f06559-21ac-4430-8dd9-7836e01fbe9e","2026-05-24T21:31:18.996Z",51064,"P2P Transfer","USSD"
"5ccce5a6-7d54-43da-b76f-340898804181","21ad99c9-b515-4f8d-92bd-a9400cd0cb74","2026-05-25T01:13:39.256Z",84925,"Airtime","Bank Transfer"
"af727591-69ed-4a28-8aee-1abf2dddadcf","1b3ec4e5-3308-4ccc-9f99-18184d7a5cfa","2026-05-25T00:10:58.023Z",35601,"P2P Transfer","USSD"
"d0008a0d-2fbd-459a-9a09-7686caa93e63","09d38808-6660-4830-8500-2c08034a17e9","2026-05-25T05:55:02.019Z",68243,"Betting Wallet Top-up","Cards"
"7f2c5bb2-d31b-4057-b9d3-c9b623a9c7aa","c9ca7e93-f0cc-4f71-9e58-ba5b41e949f4","2026-05-24T17:15:49.478Z",75935,"Utility Bill","Cards"
"8149b52c-4e0e-4a7a-8ed2-7486448e8890","c23f0879-c790-4fc0-afb7-7ece1adea834","2026-05-24T18:51:32.258Z",73059,"Betting Wallet Top-up","Cards"
"89e63354-d9ff-4b56-9441-7f1d8ac7888a","644f4610-7674-4a76-83cc-586409c25192","2026-05-25T03:37:30.169Z",38765,"Betting Wallet Top-up","USSD"
"b25d2d07-bbac-4c35-b151-4a60815513b9","7ae39c9b-6d35-4e1e-9278-91e00101f8dc","2026-05-25T04:47:28.857Z",112175,"Betting Wallet Top-up","Cards"
"b8fb2324-b08d-4092-93bb-886a4153dd73","e0cd4d08-437e-4447-a099-ff274889b1b0","2026-05-25T10:56:26.361Z",58030,"Airtime","USSD"
"e3a5295f-8de2-4a6e-ac5e-9c9e3abc5f71","ec7e0ae1-20c3-4242-9378-f8b28bd80089","2026-05-25T11:30:30.733Z",99722,"Utility Bill","USSD"
"75680a48-8036-4d98-9542-3a118769b842","ccf3d4e6-84e7-4017-aec9-4c8416cd5087","2026-05-25T04:29:34.529Z",73820,"P2P Transfer","USSD"
"187f9033-3a8c-4e40-afc0-080672b80276","09705168-2ce9-4a37-8215-637dd7a3189d","2026-05-24T17:11:04.078Z",122523,"P2P Transfer","Bank Transfer"
"a6611f0b-b71b-4538-a51d-18902160ee5c","45acee6b-9dc7-41f2-9fff-4518758cc3c6","2026-05-24T21:44:00.030Z",127426,"P2P Transfer","Cards"
"3fa84c61-8699-487e-affa-00283c78da1e","a73efd78-2dee-45ad-89d7-e3220c0eec73","2026-05-25T10:49:47.106Z",57867,"P2P Transfer","Cards"
"9ed8f7f4-9e28-4105-a299-1b0a0b429df7","adc2da7f-d316-4e64-bc76-7a7e17bba904","2026-05-25T04:42:51.812Z",77182,"Betting Wallet Top-up","Bank Transfer"
"bd77e702-fec4-4a74-ae2b-2bc0ee380788","1ef2d37a-d64d-4d5b-b679-1de2b3ea35a4","2026-05-25T08:53:35.390Z",94182,"Betting Wallet Top-up","USSD"
"0878407e-1d53-4c6e-bc5d-00ef0a4f4578","a76d125c-19bf-4479-9540-6920390bdd6b","2026-05-25T10:35:21.249Z",121581,"Airtime","USSD"
"dbb4ef5e-0db2-445e-a0b2-c6544ff97ffe","7913b634-8e36-4356-95cd-925155612cc4","2026-05-25T11:19:15.778Z",42208,"Betting Wallet Top-up","Bank Transfer"
"36c11391-3db8-4630-89da-eb7829ff4441","b04aa5f3-bf7f-494a-ba49-0ae0c4169c45","2026-05-24T22:31:35.182Z",66201,"Airtime","USSD"
"6a0378f9-35e2-4364-b1da-cd6ab70dfe1c","452daea8-3d61-47b8-b825-ec61f5b8a80a","2026-05-25T07:16:53.042Z",78539,"Betting Wallet Top-up","Bank Transfer"
"3c8441ae-51e6-47d1-b37d-e123745460f6","5e33c2cf-b301-4665-a30c-2bfb6c75ff0d","2026-05-25T03:54:53.673Z",28187,"Betting Wallet Top-up","Bank Transfer"
"61c0196b-ce8d-49b8-a591-c2aeb9f8f24c","cb49c0c6-2fef-4208-adcd-eea76f14bc64","2026-05-24T20:27:48.550Z",46445,"Airtime","Bank Transfer"
"e968e97e-4128-4a15-bbcd-ab91277eb95a","c905a204-95a9-424e-b339-766bc2990374","2026-05-25T03:32:43.416Z",24431,"P2P Transfer","USSD"
"effa2055-e663-4eb7-85c9-3dd61dc4eb85","38728209-0026-4a7d-a5a7-4156594ab567","2026-05-24T23:08:38.331Z",130647,"Utility Bill","Cards"
"a3a517e0-690d-42fd-ae9b-a5de37fa2413","042b0128-4dae-4400-9f30-502f322ca500","2026-05-24T16:42:29.125Z",16670,"Airtime","USSD"
"3fc2766e-340a-40f0-b9ae-6af12b7e9530","fdb1c850-447f-4132-bb32-f34a8d148a6f","2026-05-25T01:32:01.067Z",47998,"Airtime","Cards"
"15666afe-5a5d-45a9-8e6b-fe758e65afe5","ea4bfd27-ac65-4b7c-911f-6f05d1dab079","2026-05-24T15:23:39.940Z",35690,"P2P Transfer","Bank Transfer"
"e1f6f340-c01e-44ed-869e-b58d908a7122","46369412-f65d-42ea-a3a1-0e2e2fcbc7ec","2026-05-24T21:09:32.327Z",135290,"Utility Bill","Bank Transfer"
"ce99ec35-9cfc-4a8f-9074-2264288d99ff","32ef48de-9e7c-484a-afbb-492400480748","2026-05-25T10:12:04.234Z",12663,"Utility Bill","USSD"
"2ad06f84-6160-495e-8e7f-fb9e44e96504","493bc47f-a7df-43e4-ba37-6f0e47b931d3","2026-05-25T11:14:06.387Z",31942,"P2P Transfer","Bank Transfer"
"0e17e2f5-52c4-4987-9e9d-6e20dd5a9f04","2e4c9c70-99cc-479c-9be8-0515c851283b","2026-05-25T07:57:18.859Z",105835,"Airtime","USSD"
"ba48d277-0aec-44e2-a5dd-ae327bd6cf9b","15aa5ab6-17d7-4517-8989-ac831fde45f5","2026-05-25T04:31:37.254Z",119740,"P2P Transfer","Bank Transfer"
"17286e16-ad6a-497f-9a5c-dbb9aad3b38b","4a4ac78b-2a1c-48b8-bb26-7038aa2ee515","2026-05-24T22:11:17.492Z",21402,"P2P Transfer","Bank Transfer"
"2e6e92d5-b2bd-45a4-a2d9-a6d1b2d65046","81d0a6a5-fc57-4728-883b-14f54850ea29","2026-05-24T19:15:16.981Z",122521,"Utility Bill","Bank Transfer"
"75a9e8e0-3b8f-4a3f-b3bb-576d833de37d","a93e94a3-47bb-4657-942d-78e54c01e0d5","2026-05-25T11:42:00.219Z",112324,"Utility Bill","USSD"
"01554260-5369-45c5-b798-74c8d1833bdb","52e5abda-f112-44a0-a56e-ebc03653a68c","2026-05-25T14:36:58.767Z",80625,"Utility Bill","Bank Transfer"
"e3ead598-867f-4c64-bc1c-8ea929c41b9e","abd9f1d4-da08-458c-8794-b8564349d11c","2026-05-25T05:52:45.677Z",51542,"Betting Wallet Top-up","Cards"
"ab789f90-a073-404d-8457-f7a4a169dd37","d091babe-a4ce-472d-bbbb-69c2f143dafd","2026-05-24T17:07:20.559Z",26888,"Betting Wallet Top-up","USSD"
"e7fb2965-e545-4687-b47b-546bd51f79cd","6e1e9ccd-75f2-42f8-a23c-167f0be804a4","2026-05-25T03:18:26.894Z",106213,"Utility Bill","Cards"
"64f5f2ab-e5a2-4a64-b64f-9a093045a12e","12d6940f-1b24-466f-9805-b020d7741191","2026-05-25T14:32:39.511Z",38011,"Airtime","Bank Transfer"
"e6db3565-5881-446d-9dd3-0c7cdc70dfff","806cf435-4ced-449f-8060-d9ecd929bd6e","2026-05-24T15:17:27.051Z",94552,"Airtime","Bank Transfer"
"dbbb7eff-bede-45ee-a5ed-05c80f041506","f3ddfb11-4953-4e69-ae95-ae3d9ceea0d0","2026-05-25T09:12:22.617Z",130691,"Betting Wallet Top-up","Cards"
"10b1178a-abfb-4cf2-ab9c-e60e15ddaaba","7636d014-edde-4d7c-bbda-5dd85afe88c8","2026-05-25T05:39:24.239Z",68717,"Betting Wallet Top-up","USSD"
"e608a5de-461e-417b-a6d2-aceb153e3397","66d730e0-b953-4e21-9d9e-bad0502b8c2d","2026-05-25T12:09:21.519Z",82134,"Betting Wallet Top-up","Bank Transfer"
"781411e2-4c70-4112-b463-205b053ef5ff","85cdaf31-6f8a-4112-a123-78bd03d6929f","2026-05-24T21:37:05.225Z",137988,"P2P Transfer","Cards"
"c302d592-041f-414d-961c-37c858f6d437","46c88d42-98c5-48b9-b223-ed20e337ff18","2026-05-25T00:10:40.682Z",40654,"P2P Transfer","USSD"
"5488390d-a200-4bab-9896-2ba795e6c0d1","f804864d-587a-446f-8344-69064fced731","2026-05-24T19:28:07.592Z",95168,"Utility Bill","Cards"
"c494bce5-a884-4764-acf7-8437180f0f23","0d8782eb-ed1a-45ea-90bd-0c2a66675663","2026-05-24T22:29:25.845Z",71054,"Airtime","Cards"
"a0846c02-c753-4149-bc3f-f5c2a2872ed3","9bd491a6-2e29-4af0-a519-9a201ddfa851","2026-05-25T07:34:20.787Z",73210,"Airtime","Bank Transfer"
"daa60bdf-7461-4332-9c9e-997aad1f6e0c","e7fd184f-7608-478a-8460-ce6900c36fb8","2026-05-24T21:03:02.811Z",32336,"Betting Wallet Top-up","Cards"
"cc3d726e-ae2a-4b9c-9e39-1f916c0d2402","74ebce83-8745-41ca-8d2c-6b4832234f71","2026-05-24T18:07:41.847Z",69263,"Utility Bill","Bank Transfer"
"67f243d5-5d04-4588-90b6-79de3a15bd9b","e0299add-6405-4afa-b873-fd6e80949e57","2026-05-24T23:00:28.789Z",23634,"Betting Wallet Top-up","Bank Transfer"
"4ac92976-0613-4ad6-a57f-bfb6dfd85f46","6853d8ce-a24c-4f19-a2d0-dda690bc4ab3","2026-05-24T17:06:47.419Z",73941,"P2P Transfer","Cards"
"09c9270e-86d0-4ef8-a14d-ec42f745aba3","06d0560a-3e06-425d-903c-09e354dbcfc9","2026-05-24T16:44:40.305Z",82965,"Betting Wallet Top-up","Cards"
"ca927ce8-b824-4287-8268-4fc680eef0a2","6fbde5f6-9bbf-47bd-962e-c6fb5a9b4505","2026-05-24T15:28:02.387Z",83696,"Airtime","Bank Transfer"
"55f7c4ea-8a9e-4ba6-b957-c3e6f4c4d9d1","4c48d172-9f69-4767-b6e2-9f37c00ae774","2026-05-25T07:28:57.479Z",120679,"Airtime","USSD"
"0fe7fe9d-b635-4845-b834-3005c95d54df","45322875-df66-4655-a9a8-615a1287c023","2026-05-25T12:30:59.897Z",38966,"Utility Bill","Cards"
"08c469f9-c89d-411d-90ba-52602cb0359b","559377a6-7570-46d6-b807-ef3e084bf6ed","2026-05-24T18:57:07.505Z",36868,"Airtime","USSD"
"197f40c4-d8ab-4ef8-bdcc-3ba10d7795ae","4d97e65a-4515-4725-91b8-03c156bf008a","2026-05-24T23:10:16.622Z",87405,"P2P Transfer","Bank Transfer"
"33d7111c-14e3-4dfb-85a1-79f3b69e10b7","0e75ef3a-c48f-4022-8988-3b8db7910418","2026-05-24T16:38:59.076Z",100469,"P2P Transfer","USSD"
"5a6a630c-27e8-48a6-97c3-e8cece29e8d2","58fb0e31-ca03-4a46-8b15-4e5ce37bdb98","2026-05-25T07:14:38.744Z",65863,"P2P Transfer","Bank Transfer"
"aa6a265b-b906-43d8-8340-435bf35dc769","44ae39ba-9f46-47b6-8c5e-37f0aaede4c3","2026-05-25T13:25:51.853Z",100932,"Airtime","USSD"
"ac787291-8b66-42db-84fb-ad149c7ef7bf","6968511b-adab-4ab4-9166-d5c398c573e9","2026-05-25T14:45:06.720Z",54954,"Airtime","USSD"
"337aadec-bff1-4315-a7e8-3445db2ced88","7051cb4b-c84c-4afe-a413-66ac53ad69da","2026-05-25T00:09:18.745Z",31030,"P2P Transfer","USSD"
"6b4c0f23-df41-493f-b75c-7be3a1a6ee3d","ffb8450b-f520-4847-8f28-97566fecbf1a","2026-05-24T19:12:24.897Z",9220,"P2P Transfer","Cards"
"e9788148-6e94-4249-b7dd-18f4993201d8","8850b627-e78b-4f3b-8c9c-6ada98d7334f","2026-05-25T07:30:36.237Z",57511,"Airtime","Cards"
"c7b59179-27f1-423e-b64e-76cb1d7f057a","06433d57-4fc1-4aca-b222-367d2d54f26d","2026-05-25T08:46:29.559Z",105414,"Betting Wallet Top-up","Bank Transfer"
"bc1dbb52-ea64-4d48-a11f-f760995f9b92","57402561-4c0d-4ee9-96cb-430b48fd70a8","2026-05-25T00:44:52.268Z",92931,"P2P Transfer","Bank Transfer"
"12bda4fd-6902-41da-9533-e1d73913c848","541cf812-144d-4089-bbcf-89e2b13a4d59","2026-05-24T15:51:45.870Z",97603,"Utility Bill","Cards"
"b4d190c6-925e-489d-9ca2-16c55c4af490","4a1b1600-4bb4-43d2-a774-d1757b14d303","2026-05-25T05:21:35.323Z",79102,"P2P Transfer","Bank Transfer"
"1b83f090-289a-4cc9-9c1d-ba606b80ddf6","e1d218e7-e5a0-4b3f-900b-ad02fcf0b29b","2026-05-25T08:34:17.359Z",86339,"Betting Wallet Top-up","Bank Transfer"
"160e6a98-fc71-4d6d-aa9c-e449b380f4c1","c9c7a9e9-ac78-45c2-bf2d-65477b37d21e","2026-05-25T01:32:01.498Z",77033,"P2P Transfer","USSD"
"d6e87f24-1a7a-4cc1-a012-4e9613a74459","140d7bb6-116c-43e4-a715-8428b428f901","2026-05-24T16:22:21.293Z",81784,"Airtime","Cards"
"46210e6d-21a8-4fff-8147-14523638055a","267c918a-dbe7-41ab-8a57-782438372816","2026-05-25T07:53:32.064Z",87916,"Utility Bill","Bank Transfer"
"ddc52676-3ce0-46dd-9878-0597222ced28","269aa74a-c2a5-4ba3-8fc2-82f3ee3db1f6","2026-05-24T20:13:28.738Z",136962,"Airtime","Cards"
"d7565fa4-a3ff-4ddc-97b2-6b436c035f04","4dd1b593-bfaa-4b42-baee-6da89be24ae7","2026-05-25T08:53:11.687Z",81282,"Utility Bill","Bank Transfer"
"06e1e9eb-4907-44dc-9b58-dcd9aecb9328","35a8af7f-b672-45a9-b126-e46f76915668","2026-05-25T12:09:08.193Z",14385,"Utility Bill","USSD"
"13321a3e-ef7a-457a-b58f-251071bfb5f5","5f641e77-552f-4a4e-a65f-5d84408d1130","2026-05-25T06:46:58.452Z",40880,"P2P Transfer","USSD"
"e05028a7-4ce8-49b6-b1c1-7e550c446923","49a89e25-33e7-4835-aa17-126d17f9e1cf","2026-05-24T23:22:20.617Z",40286,"P2P Transfer","USSD"
"c1511efc-4a64-4767-b228-513f1b2a20bb","c9078f8d-e18c-4c8f-b542-7514a48e5c7f","2026-05-25T05:04:46.984Z",122706,"P2P Transfer","USSD"
"fbb0ffd9-fb84-4b72-913f-aaf1b9dc990f","006e0b39-7891-4107-b502-fd2a5767dc32","2026-05-24T17:15:45.612Z",31612,"P2P Transfer","Cards"
"28cc8638-2e9b-4b19-b5d6-a2a2dd223761","d117a88d-ad85-4f2c-a752-d51b48679074","2026-05-25T09:35:55.358Z",77576,"P2P Transfer","USSD"
"1ea867fd-d8ee-48c5-a819-cfefabc72897","fcdfbe0c-b3d1-4fde-886a-2bb526c4d7ff","2026-05-24T19:07:01.274Z",135149,"P2P Transfer","Cards"
"98aaa8a8-5180-4e38-804d-00c1f9f090a2","8249ee38-debb-4669-80bb-ac0567e22872","2026-05-25T06:51:53.019Z",54666,"P2P Transfer","Cards"
"4a77d681-32ef-4a1c-893b-1b56d4e7924a","1450b482-2d2e-41e7-88d5-4ce46fcd03f4","2026-05-25T12:24:13.343Z",89753,"Airtime","Cards"
"b251cc54-9ad8-43c0-b328-70549651906d","87bd80dd-9c00-4507-adbb-d403b0d8c66d","2026-05-25T09:46:16.052Z",22781,"Betting Wallet Top-up","Cards"
"5530a4c7-c5cc-4f8e-9834-391a0ed07473","8198777a-b6f3-492e-8e0d-e76bae76e453","2026-05-25T03:16:19.822Z",83624,"Betting Wallet Top-up","USSD"
"2b547ad7-0bb1-4557-86a9-fecd7021d046","ab7db5e7-d389-40bf-aea5-08aefe3d5d5d","2026-05-25T08:29:56.425Z",79092,"Betting Wallet Top-up","USSD"
"9082994b-b67f-4235-af94-c2e5d2e802cc","28434759-82dd-46dd-b3e5-89cb928785cf","2026-05-25T09:41:51.512Z",78497,"Airtime","USSD"
"092efe8a-2f78-4eb9-80db-99d991207b8f","15dd745b-9ccd-47fc-af21-8a3d886397f6","2026-05-25T03:57:48.476Z",99712,"Utility Bill","USSD"
"21700bd4-9652-4a5e-aa9b-594412a7aa97","2c8bfb82-557f-4c37-b82f-d5789c4ff0ee","2026-05-25T09:57:34.446Z",38617,"Utility Bill","USSD"
"50ba0b80-08c1-489b-bc4e-63e5b97a0881","aedcafc2-b0ed-4f30-b126-c801d3c3cbdf","2026-05-25T13:14:05.733Z",12777,"Betting Wallet Top-up","Cards"
"2af9bdd9-b081-4c1b-8919-a98ece6c1eaa","b89a0fe4-9cf4-4bc8-94fd-30fa9e80d711","2026-05-24T21:00:40.834Z",46314,"Airtime","USSD"
"5321c2f8-93c3-413d-99e2-0138774f3b88","ae338e05-4191-4bf1-9658-8db5d4bbbd8c","2026-05-25T01:39:05.014Z",70969,"Airtime","USSD"
"712a0a59-c298-44e0-b992-78398a6dc71c","28171f98-fa11-4c89-be2f-a810f2cec055","2026-05-25T12:07:09.102Z",64422,"P2P Transfer","Bank Transfer"
"df40d68e-cfc3-4b86-a318-f27ceb9daea8","cc26583e-28c3-4690-9420-30681b01a493","2026-05-25T08:13:07.618Z",47817,"Airtime","USSD"
"83a7a05d-c27f-487c-aa75-50584e992a21","41576cd6-e79a-4609-a9f3-cc917058e91e","2026-05-25T10:29:16.041Z",148721,"Airtime","USSD"
"2fa11437-468b-42dc-85de-a6d84236b3a6","6df0508b-c35f-4169-87e2-b61728a9f9b9","2026-05-24T23:54:24.274Z",44306,"Betting Wallet Top-up","Cards"
"1d7614c3-a071-4b1b-91c1-84dc0ed7d256","4c77e271-8178-4d2b-9f02-58800364bcf2","2026-05-25T07:23:15.945Z",75354,"Betting Wallet Top-up","Cards"
"0eef2617-0d59-4e0a-8909-2355f9963f3c","95c16a98-12e8-4f14-9054-0465ee0abd52","2026-05-25T05:56:13.674Z",145799,"Airtime","USSD"
"d7831846-7906-4c7e-a9db-1c2c69fd1dbe","1bfc2d70-7518-40a7-b318-57dc19436107","2026-05-24T20:55:19.610Z",45227,"P2P Transfer","Cards"
"0f3cd614-a1b6-4fb9-af38-b4b06b02cff1","081c0dd1-ebdb-4cfc-87fe-6b63685e1a53","2026-05-24T20:22:06.757Z",63171,"P2P Transfer","USSD"
"8635c9ab-9eb9-466b-8c9c-fcfeeee25959","e8e244f0-2330-4d84-be5f-ce9bbdced4b3","2026-05-25T07:26:59.251Z",29448,"P2P Transfer","Cards"
"3396ec20-fe2c-493a-a30e-633412712aae","b03945fb-4968-4206-a62a-0deba3f1ded0","2026-05-24T19:11:22.859Z",48680,"Betting Wallet Top-up","Cards"
"1227994b-acb1-41f6-a2bd-b60d58a7ead4","6bcccfb0-c588-44de-a000-8e01f46cb28d","2026-05-25T01:36:34.633Z",143486,"Utility Bill","Bank Transfer"
"e4387566-17c7-447f-8710-33af9da4a069","240421c4-dd72-4f1a-9175-f5e072b57d36","2026-05-25T12:03:46.267Z",88897,"Airtime","Bank Transfer"
"6fd54964-b1a2-4e24-9504-d6b006867f75","149cc53b-8c6e-470e-ab41-9a43a57c7178","2026-05-25T10:27:36.044Z",44237,"Airtime","Bank Transfer"
"eda8dff8-c622-4f07-9429-34e48d1707bf","e4893d3b-c0b9-484c-83d6-34fb91a5d5b2","2026-05-25T00:17:15.062Z",130243,"Airtime","Bank Transfer"
"e83e0a85-eae6-4629-91b2-0e0b70fb1cd3","6cf43b36-e1df-475d-a663-038faf804e49","2026-05-25T10:14:01.183Z",94735,"Betting Wallet Top-up","Bank Transfer"
"e7167869-5cf4-44d1-aa79-c7b965a75ba4","2fba9651-a72f-455d-a24e-52cfec4e99fb","2026-05-25T04:40:17.373Z",90284,"P2P Transfer","Cards"
"6b627194-be15-4c97-b0a2-a36130f7294e","9b6be0dd-d9bb-4eb2-a22e-fcda2ff01b1a","2026-05-24T19:59:33.224Z",90851,"Airtime","USSD"
"8faf4bda-a5cc-4857-b7c1-6740e13d1966","480518a1-9b27-4077-bc97-66dbebe2678e","2026-05-25T05:22:34.722Z",134939,"Betting Wallet Top-up","Cards"
"30fbae90-214f-42a4-a1e9-d6b390c71d0c","f4db3a1e-6786-4476-a8e1-c0ef508b1285","2026-05-24T16:15:05.942Z",43403,"P2P Transfer","Bank Transfer"
"ba88e9f5-08cd-4e09-8020-15cf0ab8fce8","e367f729-6693-435e-9f46-56c966c29b71","2026-05-25T09:35:30.604Z",144903,"Betting Wallet Top-up","Bank Transfer"
"441889e8-9a03-4424-8e00-6925bf526c39","169fed5c-f6cc-4b33-8a4a-4f62d9fcfb9f","2026-05-25T12:21:13.608Z",54974,"P2P Transfer","Bank Transfer"
"f65e7bfc-cc87-4acc-b02a-6876a6aea0fc","baf8aece-a38a-4883-9ab4-ab2e7234ed46","2026-05-25T11:55:59.522Z",38324,"Utility Bill","USSD"
"b3eae471-5d8f-428b-9b28-f36f06bd0238","746b20bb-55e1-44e7-9b88-f652494e86b7","2026-05-25T14:52:05.159Z",9053,"P2P Transfer","Cards"
"1bd786cf-39f4-4b73-89be-176ad75ccc21","4243957a-4b16-40aa-97dc-a6bd0c00254a","2026-05-25T07:30:45.529Z",111659,"P2P Transfer","USSD"
"eff2bfe1-4717-4a5e-9e42-dc66475921ed","ec946c68-1a9f-4e4a-a22f-d9db7bec6bd9","2026-05-25T13:03:23.378Z",40987,"Betting Wallet Top-up","Cards"
"15675f4c-6617-4874-a43c-ef5cf4b0190b","3c240d58-d34b-4318-90a4-7c9ec19d8ecd","2026-05-24T16:13:06.874Z",72264,"Betting Wallet Top-up","Bank Transfer"
"5ef55c74-43c9-4f65-b890-0b7ce59de80c","2e82ae53-7945-448b-99dc-52509f8f1007","2026-05-24T21:35:52.025Z",85319,"Airtime","USSD"
"4a687bba-ee83-45a4-bddd-687ec4eaf650","d73ac3a9-dac1-4088-88a0-ffc2d0e0282e","2026-05-25T06:26:55.493Z",146361,"Utility Bill","USSD"
"70fcb5bd-4d67-4189-a943-dd654151131c","a8166c2b-f9a8-4f6d-9203-8f5e302c2b9b","2026-05-25T01:45:16.384Z",56193,"Betting Wallet Top-up","USSD"
"e5e3ec19-5d3b-46c9-9a2e-fe1c5ee9559d","6c435a85-a67b-49a7-a2b5-494135bad863","2026-05-25T11:53:11.462Z",3557,"Utility Bill","USSD"
"85f3019e-de4c-4caa-a07b-f7cffc1696f0","ab0b5c58-b708-4f18-8cb4-7aedc19b35a4","2026-05-25T07:32:05.613Z",18445,"P2P Transfer","Cards"
"fc040813-e8e9-47a8-9d4a-9ce4a00c99a2","43d3af5a-214c-46d6-b855-9e565eb9ccfc","2026-05-25T06:56:29.150Z",55330,"Utility Bill","Bank Transfer"
"4c629861-7b98-40a0-8341-3bb1e62374d4","24a4bed8-8336-4b1f-b77f-01e867bc950f","2026-05-24T17:42:09.289Z",60947,"Betting Wallet Top-up","Bank Transfer"
"33560b91-dbc3-48a1-96d3-76c6cbcaa057","a56391cb-a348-4411-af74-999d4f9773f8","2026-05-24T20:08:07.858Z",38245,"Utility Bill","Cards"
"2ade8f75-6215-4ce0-82ea-2d0636491b0c","5a58da63-18af-4921-bbfa-f3f0e4bebcdc","2026-05-25T04:31:58.259Z",50209,"P2P Transfer","Cards"
"88e76a8b-08f6-4ca4-bcc2-8f84e4c44db1","253b4c89-0ae2-4354-9330-438e57be01da","2026-05-24T23:34:51.598Z",75785,"P2P Transfer","Bank Transfer"
"abd7cf8b-636a-4b23-ad5a-562b07c1dbe9","6bdad316-0efb-42ed-bf97-e99f99358224","2026-05-24T18:01:43.978Z",4098,"Utility Bill","Bank Transfer"
"390b301a-4f26-49b6-b160-ef516cbfccaf","1f6992ed-9b3c-4946-9d7f-e28925f85e93","2026-05-24T21:30:42.235Z",42244,"P2P Transfer","Bank Transfer"
"768d34b5-d3be-4eb6-be6b-98927107b25b","0f6fe961-f334-4dc4-abe4-12742eb3a60e","2026-05-25T11:04:10.899Z",114915,"Airtime","Bank Transfer"
"77cda8e1-610b-458c-89e0-d8eb243417f6","c81b5ae7-4072-4292-85b2-4b1c9a29e83f","2026-05-24T22:03:52.156Z",50404,"Utility Bill","Bank Transfer"
"43bb49a3-ab27-4226-a818-5c754f527d3e","78ff1c00-0033-45ae-9a92-7da3ac5f51e9","2026-05-25T05:28:57.834Z",92488,"Airtime","Cards"
"de1576ae-8377-4896-853f-14b81a9b75bd","4d63cdb9-3db4-481b-b421-8ea24d25eb59","2026-05-24T21:12:26.362Z",44860,"Betting Wallet Top-up","Cards"
"952a541f-6c77-4e95-bc53-5d3f70244876","3611ffae-6d42-4746-9403-84870e7dc0b7","2026-05-25T04:24:15.963Z",44421,"Airtime","Cards"
"0e454b76-4bc0-4eb9-a9ec-738ff830db98","0fcbefdc-caa9-4988-9079-57b392077a8b","2026-05-25T00:35:47.691Z",137336,"Airtime","USSD"
"c35b4024-d0a3-4a00-9a4d-a63f400589f5","04a4a030-84be-4bb6-9366-0d07c3d200d0","2026-05-24T18:33:00.157Z",75380,"Betting Wallet Top-up","Cards"
"6525bbaa-9d5f-4df2-95ea-d08a4275a685","72b4148f-4759-413e-80e4-273b9dde3a1c","2026-05-25T10:00:28.625Z",101707,"Airtime","USSD"
"36698f85-baf2-40fb-afaf-6193814d2a86","72458963-129a-47f2-8669-1d39ec6f5a46","2026-05-25T01:32:11.039Z",711,"Airtime","Bank Transfer"
"bbb0cf71-5cf7-4645-91ed-4b57bb9ec158","3fa5b9a2-188f-495b-b2db-96531bbd3c7f","2026-05-25T09:05:16.413Z",145633,"P2P Transfer","USSD"
"b4835921-491a-4bdb-a8d1-7ae43a476ee6","7ae15d96-0bba-46e2-9e78-a786b50c886d","2026-05-24T15:26:24.223Z",83705,"P2P Transfer","Cards"
"9057aaeb-c173-4f5f-8ef5-36db0e5d4e4a","db49d8bf-ea28-426a-81d0-33aee3e78b1c","2026-05-24T16:53:53.636Z",72717,"Betting Wallet Top-up","Bank Transfer"
"be4a0c8f-402e-455e-9c33-d7f3cad82f5f","79866723-09a9-455c-b2c3-e7f98ea43281","2026-05-24T20:32:41.768Z",81844,"Airtime","Cards"
"2ca0032d-323d-4e9e-a264-086238d50d11","6d9432f3-0e60-4fb7-b491-4c4c397b474f","2026-05-24T18:59:56.521Z",88316,"Airtime","USSD"
"5a700792-5595-431c-8ea0-777cfbae25f7","3c99a76b-ded4-4351-8833-ff6f161470f1","2026-05-25T07:29:49.861Z",118723,"Utility Bill","Bank Transfer"
"f0626726-3dec-42f0-ae18-bc3fe2fe7a43","82162691-0bd6-4daa-a86c-dca0637fb5b6","2026-05-24T22:56:52.046Z",42130,"P2P Transfer","Cards"
"f2c13a4c-f63d-4dbf-b1b4-4927bf5dd989","79501df7-9d5a-4a8a-a43c-d9925ec50816","2026-05-25T10:05:41.166Z",28983,"Betting Wallet Top-up","Bank Transfer"
"f45a1541-289d-4cb8-83b2-dcefe32be3a5","a1fa4782-b7e6-463a-945e-0822a7849373","2026-05-24T19:04:56.814Z",73653,"Betting Wallet Top-up","USSD"
"cb96116a-8059-4e0e-b9cf-bc16eedb6971","8fcf1ab6-e9fe-4f29-8a34-55b25998a558","2026-05-24T19:42:57.551Z",28576,"Airtime","Bank Transfer"
"d8dbdf21-a4d6-4e5d-bce7-a3703668d434","dfba406c-192f-4576-a9d5-d562cca69ae6","2026-05-25T13:43:28.466Z",59413,"Utility Bill","Cards"
"4aa751c1-7a5f-431e-8a2b-ac94f4bca0bc","c6e39223-c8ab-4df5-9132-93baa7ed14a0","2026-05-25T07:45:35.847Z",28823,"P2P Transfer","USSD"
"66443dda-07e4-4255-984f-398048799b12","8c775e15-4e92-4885-8ef7-022d397b5fb8","2026-05-25T10:43:05.502Z",48433,"Utility Bill","Cards"
"6193790f-06a9-42de-8f7d-94d0cc5cc3d8","69d46a21-d22f-4b17-a1ae-a45578dc7390","2026-05-25T11:00:23.201Z",92548,"Betting Wallet Top-up","Bank Transfer"
"626f46b2-9f40-47bb-8c63-bac5f34a8d40","16b9f78e-284c-4f31-be02-0d3af34ff3d4","2026-05-25T02:10:03.665Z",89733,"P2P Transfer","Bank Transfer"
"f25dd3f6-a20e-4ce3-9043-00f1797df6b3","baee20a1-8be3-4ce3-aee6-f4b88acad41d","2026-05-25T12:57:00.602Z",125903,"Utility Bill","Bank Transfer"
"9ae45a5e-be63-41d5-aa26-0520081eb394","aad1230e-eba5-4970-aa76-2dee47917303","2026-05-25T09:28:36.110Z",147082,"P2P Transfer","Cards"
"18aef6cc-e72e-4ff3-8f47-c9ff838527f7","171c7bf8-072b-4b9b-a1a5-80188959e62f","2026-05-25T08:55:32.668Z",20501,"P2P Transfer","Bank Transfer"
"617fbc85-643b-48b5-ac6d-798311d8d847","59496196-6d97-4c7b-9e75-1ea948804533","2026-05-25T12:50:22.937Z",32873,"Utility Bill","Cards"
"cc4c2a8e-4573-4cda-b956-8303c2e009c0","a3e7d95e-7b32-4155-aa5f-364d59cf0b7c","2026-05-25T07:54:26.817Z",107361,"Betting Wallet Top-up","Bank Transfer"
"3029a358-69f8-4d93-b578-18514917d2fb","9dd57008-0a0a-4b58-bea5-76678b34e300","2026-05-25T10:40:50.478Z",19914,"Betting Wallet Top-up","Cards"
"197229b4-da19-4725-9e53-150cf85dc72e","099c2b26-086c-4a29-a2e6-b9a8a483c4ee","2026-05-25T03:44:23.671Z",126988,"Airtime","USSD"
"dcd96f1e-cfd7-4507-9e37-97593551c848","666aa5b7-1d29-4c9a-877b-c1aaa3316dc3","2026-05-25T10:54:03.134Z",99881,"Airtime","Cards"
"24759f2b-8661-4ef0-93d3-c8797bd0e3a5","1045bccb-bd0b-4f49-b502-98aa68ed331f","2026-05-25T09:16:48.446Z",10266,"Utility Bill","Bank Transfer"
"14bf79c7-0ab5-464e-ad2f-e8a8c3b1d9f1","d57ba7a0-198e-4faf-b9c0-e711ae7ba17f","2026-05-25T08:19:10.136Z",15237,"P2P Transfer","Cards"
"a5e3fd5b-fe04-4103-bcc2-2ea17f760ca9","457f2e2a-4e7b-4bb6-b8ea-05812b98f69b","2026-05-24T15:14:45.181Z",94243,"Airtime","Bank Transfer"
"c1b8a34e-5595-4e42-978b-b6cbd00a5607","33828bd2-c768-40ff-ab46-77e71a042dc1","2026-05-24T18:08:33.190Z",44749,"Airtime","USSD"
"6745229b-8764-4976-82d5-66297b9897e6","8b2d7ae1-4220-401a-ac18-9a6e16eaa185","2026-05-25T13:49:17.698Z",141211,"Airtime","Cards"
"6597a4a0-cdef-4d83-8199-f1fbb8f9fb31","238a377c-bde7-4a7f-9959-689a785145d2","2026-05-25T05:57:11.019Z",31297,"P2P Transfer","USSD"
"020f3caa-f615-43ab-a73e-c83f13c4cc46","4dc24366-5ae7-431e-974b-12d5be8e2284","2026-05-24T21:54:36.676Z",145177,"Airtime","Cards"
"f3aa4323-4600-4c5e-9bfd-1814ee70a276","a2bf84d3-09c0-4a4e-8053-d134451c6532","2026-05-25T02:29:09.913Z",41612,"P2P Transfer","USSD"
"93b82bad-7e66-43a5-9e30-91865769802c","6675897e-3469-4bea-b7ee-8dce0a8a5119","2026-05-25T06:00:04.045Z",4245,"P2P Transfer","Cards"
"3a63cc72-dcc4-4088-9dc5-0c8404961b77","febe0161-4cd8-4f23-91d8-4db7b3b5182e","2026-05-25T01:22:17.283Z",77592,"Utility Bill","USSD"
"af92f408-e166-40f7-b0e5-3b57f1257dbf","de4861b2-e904-45ee-ad20-2091fe500da5","2026-05-25T00:19:13.273Z",82420,"P2P Transfer","Bank Transfer"
"6c01ce2d-fad5-42d9-9b8c-e358b0a506fa","2e4fe702-e5f6-421c-bb7c-386e0c00bb23","2026-05-24T21:16:27.790Z",5663,"Airtime","Cards"
"d97c7cce-299d-40d2-beca-e4626934e0ae","f59eea35-da42-4e5f-8569-a76cfa413ea7","2026-05-24T19:39:49.275Z",7059,"Betting Wallet Top-up","USSD"
"2af2b6fa-57c1-4bc9-9348-26b214dbe74d","22bd6e22-6b3a-4661-89dc-6b3284f65259","2026-05-25T11:56:26.014Z",58686,"Airtime","Cards"
"c93cb0cb-a9cc-4035-9bcb-c3332c4ce110","08bc4cad-7a4d-45a1-9bb9-5ea04539f089","2026-05-25T00:51:52.507Z",73956,"Utility Bill","Bank Transfer"
"bac5397a-ad32-4a69-b621-7b616be77f84","85e982b7-22d8-403a-8f3e-ce0c2952583a","2026-05-25T13:53:31.815Z",100678,"P2P Transfer","Bank Transfer"
"c34e7577-15ed-4e50-9d94-38dea1e8714c","21b7b2c0-e225-4b1e-aba3-41ceb9794ccd","2026-05-25T04:05:34.054Z",12578,"P2P Transfer","USSD"
"cf261f62-203c-4bd9-b7a5-d6ce98a63c9c","9fce5dde-78d9-4a27-9ddf-0aadc7f261ff","2026-05-25T03:25:04.359Z",67712,"Utility Bill","Bank Transfer"
"c1f8f941-ac8e-4428-8121-70ab64e1e32f","7290a315-9096-4f28-a28e-b0a221020310","2026-05-25T08:21:43.848Z",5549,"Airtime","Cards"
"9966740a-d487-42fb-a829-315bf8e20b8c","47e8e668-dc20-4e67-a3a4-7bbdf3b81198","2026-05-24T17:10:53.253Z",50497,"Airtime","USSD"
"a26d1b7e-bbf8-4575-a781-3e76f200dffc","072fec4f-934b-4728-968c-288fadf56c1d","2026-05-24T21:52:53.214Z",135073,"Utility Bill","Bank Transfer"
"74abac6f-7b00-4447-abba-255fa471e4a7","b3db0717-79c7-4607-a540-752274347d9d","2026-05-25T13:42:23.327Z",62872,"Utility Bill","Cards"
"afb7a7ad-b3a1-41f8-b026-f5e0ddfc182a","dd6b748f-6a1b-49b3-b96e-f32651c73f9c","2026-05-25T05:27:22.218Z",95266,"Utility Bill","USSD"
"33c973b7-0d7e-4b3c-a123-6d34b7259664","e9cbf5a4-d03b-46f0-9307-37454829fce8","2026-05-25T12:47:07.933Z",31611,"P2P Transfer","Cards"
"04e7356a-9e96-4522-bb21-3c4c5df9b812","58a9c1ed-e8a7-485c-a14f-bd586a82c96d","2026-05-25T08:43:41.851Z",47289,"P2P Transfer","Bank Transfer"
"028ec14c-e3ad-4630-8190-797c9140d5ff","dcff9540-11dd-49f8-8d4f-b225a8c63ea8","2026-05-24T23:22:55.965Z",136070,"Utility Bill","Cards"
"d60c8716-f098-4e4c-80e2-4c20d2aa94a2","3995401f-2ba5-49e2-8d69-dcd0d18e24c0","2026-05-25T04:05:25.295Z",82359,"Betting Wallet Top-up","USSD"
"59ca677c-66b3-4c6f-9a11-733575ebf02e","212f35da-8a6a-4547-931b-461d28895c3f","2026-05-25T04:04:07.892Z",121099,"Betting Wallet Top-up","Bank Transfer"
"79d792b4-9366-4989-844d-88120dcd13ce","81e4406b-cdda-4352-bdc5-878a556226f3","2026-05-25T13:08:52.255Z",51962,"Utility Bill","Cards"
"f58a99fc-24c9-49a5-9bb5-e81d3544eead","1cdb3259-93a4-4860-882e-f3f3b7f4de60","2026-05-24T20:43:08.962Z",90268,"Betting Wallet Top-up","Bank Transfer"
"c99a3c59-ed62-47e7-b0f1-d339a9319deb","145f5e4e-13f3-4c62-84e4-dd2e9c39e0c4","2026-05-24T20:33:48.107Z",144140,"Betting Wallet Top-up","Bank Transfer"
"bce90ba8-4320-4de6-b0e8-72c608b05881","a043466e-e649-42ce-a527-86e5ccd82c9d","2026-05-24T21:06:56.913Z",113201,"Betting Wallet Top-up","Bank Transfer"
"5c37a9af-a14b-4d72-bcf2-734bb79bfbae","33926978-7cfe-4763-a74d-ab3ad4fdc2cb","2026-05-24T18:32:44.059Z",129454,"Airtime","USSD"
"4bd56bb3-5a80-484f-8fc9-3d01799d110d","abb78c89-58e1-4c2c-b3a5-dc8cf7f7b358","2026-05-25T06:39:22.058Z",128182,"Utility Bill","Bank Transfer"
"b23015e0-2276-4f73-b7c1-9fc5ccde1978","b1f85dc6-a1ce-4c0e-aad6-dce8602fba26","2026-05-25T13:31:28.678Z",36730,"Betting Wallet Top-up","Cards"
"c9990804-b76e-4c16-9008-2f3fa20f379c","d2dff85a-1991-474b-b65a-733dc4775304","2026-05-24T18:41:46.268Z",135827,"Betting Wallet Top-up","Bank Transfer"
"84dc08d5-c593-4416-b5f0-ddc241db86da","26f28be1-cdb3-4b7d-9b6e-5dba35c5fca3","2026-05-25T03:06:30.177Z",64762,"P2P Transfer","Bank Transfer"
"c11ec382-53cb-4b3e-82a9-2ffce2979715","64485f73-a500-40d3-a1ac-cacd11ce1e65","2026-05-25T14:56:12.737Z",20442,"Betting Wallet Top-up","USSD"
"24c2433c-3b1f-4c7a-b78f-1e7167d5933c","1ef2d494-88e4-4708-b173-05da11405185","2026-05-24T16:34:37.686Z",80904,"Airtime","Cards"
"b66c1335-a35f-4fc6-987b-f5e88bb52279","c659d4c9-bf0d-4283-b69b-4f2427b14c23","2026-05-25T11:28:44.325Z",7479,"Utility Bill","USSD"
"e822506c-7933-49af-929b-fb9daf1f759e","7247174d-65b1-4ffa-8bc9-674816da2879","2026-05-25T05:35:50.719Z",116207,"Utility Bill","USSD"
"b637e389-bf3a-41d0-ba52-913f9c73f7b4","04e4ed0a-caba-455d-883d-18b368ca04f6","2026-05-25T13:56:15.181Z",143054,"P2P Transfer","Bank Transfer"
"6de95014-1b20-4ccd-9b5a-258c2e2b6f82","d4ef12f1-095a-4f22-9a80-34240a6ea4f5","2026-05-25T13:56:24.616Z",132042,"Utility Bill","Cards"
"72870297-2acb-404c-8508-f01ed92b20b7","a3ec9816-3487-4fcd-a0ee-f8e03f3563e3","2026-05-25T05:17:06.386Z",127957,"Utility Bill","Cards"
"998decf5-4056-45de-a3b9-53d97d166739","bde6e44e-821c-4bb2-a739-718f613ef597","2026-05-24T21:04:57.584Z",26848,"Airtime","USSD"
"a3fbd838-8719-47eb-b498-a869570efebf","0dd43dfb-d787-4887-975d-a08933c16427","2026-05-25T02:09:40.471Z",7683,"Utility Bill","Bank Transfer"
"10ee5add-9478-4465-b434-48d2649f7602","a9dc6e91-77b5-4652-8dea-e4e1f1cc258e","2026-05-25T04:10:24.136Z",73473,"Utility Bill","Bank Transfer"
"f141a0b5-b389-4ae1-8e02-0da1ef5923e7","589855dd-40bd-4dd6-bb51-97d45e8f37d6","2026-05-25T08:03:28.300Z",124648,"Betting Wallet Top-up","Cards"
"a7b42ab1-87df-4809-864b-39e7e951b8e6","dba13d7f-6f71-4196-a6f6-9fc3c0057854","2026-05-24T19:12:06.649Z",80493,"P2P Transfer","Cards"
"4b4ec1bb-8a53-4497-bb4b-eba04cb2df6a","df909680-2c8e-4a3e-abbb-b2d1ca8c12b9","2026-05-24T22:40:19.326Z",84087,"Betting Wallet Top-up","Cards"
"6403610d-877d-4f64-b71b-360781102dac","208b98ac-5c82-4e58-a327-957338d73c47","2026-05-25T04:04:26.509Z",103019,"Airtime","Cards"
"e0250e05-daec-4e6a-aad5-96a7aa285dd1","324af02c-2211-47f3-b4c3-9f643806d7b0","2026-05-25T07:58:34.621Z",106828,"Betting Wallet Top-up","Cards"
"2e5532e0-3bed-4513-8a3f-eaea0b27220c","d82b0706-f126-4cf2-9613-e353075df35c","2026-05-24T21:55:01.682Z",53087,"Utility Bill","USSD"
"a5638a7b-2067-428c-9aa2-170daa2299e9","9b4fd1f9-11a7-4a87-af3c-4025168f1ea4","2026-05-25T13:40:17.109Z",60291,"Utility Bill","Cards"
"c2e75320-1ae7-47a8-bfbd-272f05f0354b","9432cdc0-42a2-4799-877f-c8907b5ca534","2026-05-24T15:06:50.267Z",80804,"Airtime","Cards"
"32168e4e-89c5-410a-a74c-b03e336458ef","76fe9d4a-5ce2-4bdf-ab4f-34cc82ee705a","2026-05-24T15:26:58.333Z",55822,"Utility Bill","Bank Transfer"
"91027ce8-8d20-4d09-a8be-39833c913bdf","6f1117e4-1aca-43c5-967d-15f7d6c8f358","2026-05-24T19:27:01.974Z",14142,"Airtime","USSD"
"5dff06d0-733d-4dea-97ad-b07be6c28bd9","d7104f53-163e-4277-8c0b-f82b4e352165","2026-05-25T06:41:36.080Z",117773,"Airtime","USSD"
"d693fee8-2973-48b7-b5d7-3c2a8f30f05b","c4bc33bc-25ea-4d08-8b24-61e0a95bc973","2026-05-25T08:58:53.623Z",43083,"Airtime","Bank Transfer"
"8718eb4e-7f26-49cd-885c-235433c79721","3dab4e98-dad5-409c-91c6-fd514cb04f94","2026-05-25T06:56:10.092Z",84886,"P2P Transfer","Cards"
"eb6ea02a-c165-4473-949d-7c87569ccac5","e6fce903-1cb0-441f-a7bf-891da9e4b690","2026-05-25T04:47:20.776Z",138788,"Betting Wallet Top-up","Bank Transfer"
"1e4ea8e2-4450-4db2-9084-e9821930190f","c5d53cfd-de2f-473a-b5f5-c0e88a55491e","2026-05-24T15:33:25.817Z",86751,"Utility Bill","Bank Transfer"
"c1eaa943-d026-4f69-979b-89e30c19d30d","d8345fd6-a84f-4a6c-942d-9c4c9536828b","2026-05-24T23:20:06.423Z",29218,"Betting Wallet Top-up","USSD"
"69ebb42e-014c-43f2-93ee-10e22f89628b","6701556a-6375-4604-bd06-a04de1b0a36f","2026-05-25T12:03:57.750Z",90536,"Utility Bill","Bank Transfer"
"e02d7543-8fc1-4c7d-89ea-b3e98180403e","65f694a3-9692-4e13-95c6-be0034768795","2026-05-25T01:11:45.378Z",71409,"P2P Transfer","Cards"
"03980d1f-4d4e-4127-ade5-bc13b817ed15","caef2539-aa2d-43cb-955f-b4147042def0","2026-05-25T03:47:37.285Z",148122,"Airtime","Cards"
"ea00ecba-5f17-49b6-a56d-0f73a0c2bd1a","e4dd506c-0f07-448f-bd0a-a31f5ff8bafa","2026-05-25T14:32:48.813Z",75405,"Airtime","Cards"
"28d812e7-20df-4e7c-becb-231a699c7b78","61b3cebe-b91a-4040-a672-e2c1b0de1a3b","2026-05-24T19:54:11.034Z",142516,"Airtime","Bank Transfer"
"2e7fcf1d-8400-4535-a898-c13ce93a4308","4e00cc97-a792-434b-88c0-ff6879216f70","2026-05-24T15:38:35.447Z",89654,"P2P Transfer","Cards"
"03bb9682-8dfc-4bef-a2c2-6ad061253a03","05427a43-c394-4b06-9b38-e855d4ede3bd","2026-05-24T20:26:57.255Z",31468,"Betting Wallet Top-up","Bank Transfer"
"db8cab80-b3d2-4d1e-95d9-0ca5862fdb62","2cb38aa1-95a4-4719-8585-df3f9fa1f000","2026-05-25T14:24:14.622Z",17406,"P2P Transfer","Cards"
"13b7ea35-aa70-47e4-a544-c9e3dfeb0438","ab460392-6ef3-4268-926f-e18afec852f4","2026-05-25T03:32:19.130Z",142984,"Betting Wallet Top-up","Bank Transfer"
"2482e08b-6da0-4136-9496-22b7f14afc7c","22cd5ed8-2172-44f6-b5d1-3195f95ad9f2","2026-05-24T21:03:27.627Z",149605,"P2P Transfer","Cards"
"e67d06c3-8943-453b-82c3-0e51f4062223","cf120bc5-929c-444e-a844-f4607ba6552d","2026-05-25T07:35:26.865Z",4234,"Betting Wallet Top-up","USSD"
"2d550f14-5621-48be-b1d8-b24459779a70","138f64a5-1e60-45ef-a305-42d7719fc205","2026-05-24T15:26:16.610Z",107177,"Betting Wallet Top-up","Cards"
"9eedc553-d050-4973-9857-a5f33f2b83d9","28634608-083f-48b4-a2cc-7d576e5f6694","2026-05-25T11:41:26.833Z",10376,"Airtime","Cards"
"8dd4f0b0-7c08-499b-bcff-e903bc88f271","1ac01e21-27e4-441c-b7cd-cd3bd6ddbe12","2026-05-25T07:58:38.170Z",115809,"Utility Bill","Cards"
"e3e7ac7c-7b34-4255-ad4d-c0551ba16b22","f983355d-9d8c-44ed-a8f8-2d7401fd84c0","2026-05-24T20:27:45.720Z",146823,"Utility Bill","Cards"
"fa3ec16a-743f-46d3-9ef7-922b9d364ddd","5128c4a2-e243-46fd-8dc6-8f818add0b1e","2026-05-24T21:58:59.374Z",73074,"Betting Wallet Top-up","Bank Transfer"
"6aae522b-be9e-4243-a0cd-e4aaa8d1f707","a0af28ca-ea18-4d32-8749-ca773d052e2a","2026-05-25T04:45:25.151Z",92684,"Utility Bill","Bank Transfer"
"5f8058a8-cdec-4248-b2e4-dbd9727fbbf0","7982f8a6-85f9-489f-ae9a-de7f45a70a8d","2026-05-25T00:31:36.111Z",95450,"Betting Wallet Top-up","Cards"
"0348202f-e336-464f-b3be-732167664634","dc0d832d-0930-436b-9b66-31aa125260f3","2026-05-24T18:50:25.619Z",100389,"Utility Bill","Bank Transfer"
"a92487f2-e953-48e2-8431-b098936f476e","8cc9cc84-ce37-4598-b2b1-8ead2631d6d3","2026-05-24T23:06:30.324Z",14427,"P2P Transfer","Cards"
"5ce6b335-e4c6-4590-bd97-d5a1a7df0092","05e258dd-56ea-4379-bf83-62a823eeeda2","2026-05-25T07:11:13.678Z",102481,"Betting Wallet Top-up","USSD"
"35f972ad-a16a-4272-979e-5e4ab09b300e","dffe24ff-2390-4408-8e47-24b1ab98757a","2026-05-24T16:44:42.924Z",98565,"P2P Transfer","Cards"
"0b7aee18-1af0-4879-acd2-2d675cf6c7fd","cf13598d-5601-4305-a519-0d4325270766","2026-05-25T03:46:08.424Z",140605,"Utility Bill","Cards"
"b5e15ee8-4991-4759-aaa8-d1e7e719267d","1c4a01e7-a5c1-470e-b3c7-508b1660cb87","2026-05-24T22:23:53.312Z",103625,"Utility Bill","Cards"
"3344352b-66ba-4c70-9bdd-964115706bc4","33665465-f852-4bdd-89b7-2df6ce0850ec","2026-05-25T06:51:34.347Z",81387,"Airtime","Cards"
"02c9d0d1-7821-4fac-919a-6ecc2f214283","c30597ca-28cb-4ce9-8672-ac61ab673ff8","2026-05-25T11:18:02.728Z",139877,"Betting Wallet Top-up","USSD"
"8fde9a36-dd30-4c15-9165-43cbadc3c1ff","1fd306ee-9e61-44e2-817a-a23abbdda8c3","2026-05-25T09:44:28.602Z",2944,"Airtime","Cards"
"9a679456-18ff-4bbe-adff-947e3447a482","c7f9214b-ec0d-4089-a6dd-0908fe62c3e6","2026-05-25T13:18:27.692Z",100817,"P2P Transfer","Cards"
"d7aa3259-fa46-44ce-8ac1-1a0f1b650da0","7eba477b-171f-43a0-b485-b8d67bd61ab5","2026-05-25T14:21:57.444Z",84025,"Utility Bill","Bank Transfer"
"0817b1a3-2d55-457a-b30f-9ae0d1d00399","bbed0987-4c34-4e64-9696-a3134d310cd8","2026-05-24T20:03:02.608Z",70055,"Airtime","Bank Transfer"
"0ee6ca09-6d57-44d4-927e-2c4317c5a241","6f2e1546-04f6-4ebe-9ea2-a3101df011c7","2026-05-25T06:07:40.657Z",60648,"P2P Transfer","Bank Transfer"
"b3df2dcf-2fcc-4dec-81d4-9d11fc13aedb","d8c0945d-a614-42e8-a148-703fbef5d2fd","2026-05-25T10:23:40.856Z",3103,"Utility Bill","USSD"
"dd70738a-88b8-4e10-bc4c-53a324ac0e01","158e97e4-dc4b-4b0d-99c5-a4e94d5dddad","2026-05-25T00:10:19.796Z",90599,"P2P Transfer","USSD"
"2a497aa6-f5c0-4348-924c-04871cc91ee4","e65e0d76-3b33-4ec8-a990-3f3a1fbc0447","2026-05-25T07:53:51.834Z",64077,"P2P Transfer","USSD"
"f9917eb7-ea01-410d-9a7d-85a8203ea099","e7823ba8-e6ac-4c89-a0dd-7222d12edf02","2026-05-25T13:51:41.477Z",82967,"Airtime","USSD"
"a7587992-191d-4976-b778-27f181179d30","69a3253b-4fac-42f9-af3c-fa2369356066","2026-05-24T18:59:24.289Z",99080,"Airtime","Bank Transfer"
"cbdb99fe-5065-4123-ad2c-ed4e0f8683c0","de50fcac-41d5-465b-b63a-5ecb0c2a56be","2026-05-25T13:42:42.373Z",84188,"Utility Bill","USSD"
"c5fb29ac-46e5-44d6-9c43-ca9f97761ecc","7f49024b-df72-4c7c-91cc-7ebd77c7f44e","2026-05-25T06:13:48.104Z",79510,"Utility Bill","USSD"
"15bc48ab-a14f-4ece-a726-bdecd117a707","11118ae4-0224-4d56-a3cd-33d0a66a2ce5","2026-05-24T19:28:52.841Z",11422,"P2P Transfer","Bank Transfer"
"5ac453da-8016-4144-ac56-42cdcdbbe20b","dcbb2e38-3c21-441a-8640-a1684221e6df","2026-05-24T22:07:24.433Z",56693,"Utility Bill","USSD"
"1fdebd22-2f0f-4003-aeb7-e1c8bc725a89","9b8f10d4-30c0-4129-b5f1-5709015358a9","2026-05-25T13:49:58.022Z",128808,"P2P Transfer","USSD"
"2e451649-4b3e-44a7-ada5-1ae43fd24464","a6f75a4e-6963-409a-9676-d7df1568db30","2026-05-24T20:50:16.141Z",121725,"Utility Bill","USSD"
"627a7be7-59b3-42dd-b981-3bf53eb62e12","2c57a35b-cf6e-4161-80c5-cce662ceac4a","2026-05-24T16:30:53.911Z",121274,"P2P Transfer","Bank Transfer"
"48496e5d-cb08-48c5-b3fd-2085ea8ab0b8","12407657-19ee-461e-b035-0f004a03c921","2026-05-25T13:00:58.014Z",6734,"Airtime","Bank Transfer"
"366748d0-dcfa-4322-80c7-29ad20d0fb55","03a41281-e9ea-4276-bb90-92e3476af352","2026-05-25T10:10:58.360Z",149466,"Betting Wallet Top-up","Cards"
"c008efd1-9f78-4989-8180-677cb1cbebff","ee23cc28-0b86-4e7f-b58d-4958b95fe427","2026-05-25T08:59:09.043Z",18097,"Airtime","Cards"
"f783b224-e2e8-4edd-9e95-0385e2433597","2acf18f9-913d-4030-900d-e388b655729c","2026-05-25T08:47:49.606Z",39335,"Airtime","Bank Transfer"
"b8de1829-7f51-4286-897d-15422ea3f7c3","edf7b202-7ac9-4b84-986d-3a3547e152ae","2026-05-24T20:26:17.097Z",119226,"P2P Transfer","Bank Transfer"
"67a041ac-7d15-493b-87b1-4f19313c7f0a","da7c0e29-adfb-4d95-a9cd-f17e6d99d3db","2026-05-25T03:26:08.645Z",56249,"Betting Wallet Top-up","USSD"
"b23b04c4-7fb5-4517-b9b4-bdaf0eac9fbe","69fc8594-8a50-458f-a0ab-625d5641fa3f","2026-05-24T18:32:57.474Z",59239,"Utility Bill","Cards"
"c411b87b-6120-45be-92aa-2081f6c51b70","1ea44e38-2afc-4b99-bc0f-a05c9fb10662","2026-05-25T04:35:58.724Z",97111,"Betting Wallet Top-up","Bank Transfer"
"8e82a72a-660f-4cde-8a80-548ff8b2ecbd","d7664059-fbed-41cc-9a8c-e4b8747f6997","2026-05-24T19:09:49.456Z",131280,"Airtime","Bank Transfer"
"fe756744-4493-4247-8993-76ff5c457686","9efd457c-3886-4b81-8d31-6eebf7b3a2a1","2026-05-24T19:03:50.849Z",77472,"Utility Bill","Bank Transfer"
"49be91d5-e86f-496f-96cd-f60174e751f5","d76cc969-8c45-4f3c-823f-89affb8468f1","2026-05-25T00:47:22.625Z",93405,"Utility Bill","Cards"
"621afd5b-1ea8-411e-be1c-979be89f8321","e8576c12-bc6d-49c2-8ac0-f9497d3daee1","2026-05-25T07:05:46.099Z",19275,"Utility Bill","Cards"
"098b5304-ada1-4e55-8304-21e878e94a09","24ec3bfb-8afd-400e-b249-8bfa11ae9b0f","2026-05-24T21:31:20.300Z",113449,"Utility Bill","USSD"
"2c8c5089-e8cd-4eb8-9dd9-bdf4f163729b","8956e215-09c7-48d8-92ca-0eb38ed952cc","2026-05-25T06:58:02.321Z",100695,"Airtime","Cards"
"52c1f9e6-01b4-48a0-9fd2-f42aa5768469","58522846-6e01-41b6-bc88-0d59d4ed12c2","2026-05-25T04:34:33.620Z",61761,"Utility Bill","USSD"
"d32729f7-7636-4f45-8569-1fd890a16890","822d72c8-49cd-4142-b069-69963dded5e5","2026-05-25T12:49:20.313Z",105160,"Utility Bill","USSD"
"e2033ce7-1f52-4de8-b5d8-5daf52ed1d68","2bf5b181-d455-452f-8f28-8657324f0ae3","2026-05-25T14:36:54.470Z",83636,"Betting Wallet Top-up","Bank Transfer"
"99e528bb-def1-4768-88e6-8b4da36a4fc3","e4c80c09-fd61-46ed-99df-29c7878680c5","2026-05-25T13:31:34.170Z",27454,"Betting Wallet Top-up","Bank Transfer"
"0b506849-361d-4f11-9d12-2faa8f75e51d","775e2405-c85f-4b42-a13e-1b12a3c16e80","2026-05-25T02:16:09.158Z",4519,"Betting Wallet Top-up","Cards"
"6bc537b5-1683-4188-997f-89f460454ba2","5c3698a0-7e98-443f-829a-faf5f3f9f7a7","2026-05-25T02:06:49.892Z",31842,"Betting Wallet Top-up","Bank Transfer"
"1740ba1e-3bb5-4861-a2b4-50fe69dc0d5a","7cc9d3dd-9561-49d9-a7ea-8b4ea84489e0","2026-05-25T10:25:55.185Z",117648,"Utility Bill","Cards"
"4e364c46-59bd-4736-9fd1-ebb88b152c76","26373c51-4ba0-4faf-b9a9-ed81eb048026","2026-05-25T05:52:14.644Z",32480,"Utility Bill","Cards"
"7bb526ea-762c-4bfe-ac04-f6ebc2b4e01e","6ba74bcb-d8d9-4f86-8e5b-64254e5fefec","2026-05-25T01:06:20.124Z",91328,"P2P Transfer","Bank Transfer"
"af63a9d3-f1f3-49a8-b554-94acbb9bfb2d","f7255ea4-167e-4527-acd8-43eb35f9965a","2026-05-25T11:48:37.417Z",84908,"Utility Bill","USSD"
"65971a80-5669-4985-9d48-06dd8affea27","03bc93bb-83b6-4d6e-a8ad-7859142d161e","2026-05-25T10:01:56.964Z",687,"Betting Wallet Top-up","Bank Transfer"
"eaf6bceb-5630-437e-8569-c4a6b37426aa","392de3c7-18d7-42e5-850d-b264b957fedb","2026-05-25T12:44:23.452Z",137750,"Airtime","Cards"
"e3fb66ed-74bf-483f-b84e-8a43881733cd","535afe24-c295-461d-aae9-25fe93cbbf79","2026-05-24T16:12:17.206Z",149546,"P2P Transfer","Bank Transfer"
"337b12f3-3e7b-4afb-acb8-e2747012ed9c","5ae25f28-3cc0-4651-a56f-639eada15f1d","2026-05-25T02:03:30.102Z",131296,"P2P Transfer","Bank Transfer"
"04c67c47-075d-48a5-bb87-d981f17992fc","754aac2f-78bf-4f19-aed0-091f4d2e9de3","2026-05-24T15:04:40.660Z",35810,"P2P Transfer","Bank Transfer"
"18109405-4651-4692-9b58-36ad09669967","f387b79f-36d7-4b3e-96ee-8ef3637789b1","2026-05-25T10:40:03.279Z",137544,"P2P Transfer","Bank Transfer"
"49db525f-d1eb-4aae-9614-a6a9479a57e8","38bf8b46-6d9f-4b14-95f0-89d1b4b5720d","2026-05-25T07:15:02.094Z",57234,"Utility Bill","Bank Transfer"
"9b630a4b-a19d-4d94-8c12-d23ce74cec29","3a9e5682-1972-40cc-997a-76663df09f2f","2026-05-24T23:57:14.308Z",46158,"Betting Wallet Top-up","USSD"
"5ca37415-e6ee-42b0-884a-44af6f837f8c","f5184d8c-6996-4969-9d34-e39f655ea97a","2026-05-25T12:48:08.301Z",125172,"Airtime","Bank Transfer"
"dde18d8f-8ebd-4b09-82e7-9b0d586fb770","172b83ca-6ead-46e8-9360-4b9ac22ea4f3","2026-05-25T04:39:59.060Z",83880,"Betting Wallet Top-up","Cards"
"0fe83f8e-22e0-4ae1-9768-55f3c6d9bdca","b0ae8414-ad31-4ed9-b128-456853c8d03c","2026-05-25T12:33:50.647Z",72483,"Airtime","Bank Transfer"
"b5a0cc31-0682-419b-98ed-df779b0bf5ab","226b564a-a2d9-44d6-9ca4-e95a7e514271","2026-05-25T00:41:54.538Z",130819,"P2P Transfer","USSD"
"805dd77a-52dd-40eb-9e09-84c5cc1b5d35","30229907-3258-40f8-8cce-9adff0015b1c","2026-05-25T03:23:37.087Z",106117,"Airtime","Bank Transfer"
"4f25308b-a28a-4dbb-a712-bcd650811b22","821d420f-d399-4f8a-afec-ef7a0da3210c","2026-05-24T18:08:04.708Z",56507,"Betting Wallet Top-up","USSD"
"65647b58-7cad-44b7-a5ac-05460975ea48","1a956911-3216-4de3-8f03-1b306974c4fb","2026-05-24T16:50:01.058Z",62453,"Utility Bill","USSD"
"993d4f91-d8b7-46f8-9237-2cfd26cf9357","7bce735f-2fc8-4230-a0de-678061b1116a","2026-05-24T21:12:51.244Z",43957,"Utility Bill","USSD"
"42ca835f-aa8a-4d1a-bcdc-7b87ac771f02","1b5140b3-c6f4-4f66-95b3-78cbd3fd17fb","2026-05-24T17:05:50.800Z",62175,"Utility Bill","USSD"
"e14b8079-c3ec-4214-a480-37ea1b3eac42","0a1c17fd-3ed4-4d1b-9d3d-620697b8f7e3","2026-05-25T06:06:23.632Z",39608,"Airtime","USSD"
"1ca50a8d-de57-47f3-a98e-e026e0c91729","095acb56-e7ab-4969-8f4b-b866bdf01f94","2026-05-25T01:56:08.171Z",124922,"P2P Transfer","Bank Transfer"
"4bc3f495-f4d5-4d9a-8edc-bec37df63f04","a38d2a05-e177-4dc9-97ef-ac691b7b3121","2026-05-25T02:39:32.333Z",89639,"Betting Wallet Top-up","Bank Transfer"
"4b9521c3-c276-4e8c-a471-9938d38483c0","979b0042-28f5-449b-ac1c-f83f01f76715","2026-05-25T11:56:55.801Z",116785,"Airtime","Cards"
"331b173b-e2db-4da1-91a0-09a19ca28517","d16d4a62-a673-420c-a7e6-f5178b652fe4","2026-05-24T16:42:39.319Z",20339,"Airtime","USSD"
"c8ce04ca-6871-4354-ac36-f0d7ecbc72f5","b16f58a3-718f-4a7f-9520-ae121ef2bc29","2026-05-25T00:08:08.548Z",105163,"Utility Bill","Cards"
"f55c3464-d79a-45c2-8bfd-b1278e55e76b","98afdfbb-d8c3-4bda-aa1a-7fd972310610","2026-05-25T04:25:14.486Z",43265,"Airtime","USSD"
"39e0c5fd-5abd-493f-af2e-0d9bacf3eac9","dd05c91f-1db1-4859-9fad-0ad55d250537","2026-05-24T15:10:23.006Z",33240,"Utility Bill","Cards"
"17ce3272-cd1b-4b18-b058-2c86955da041","0022ede7-7aa4-407d-b2c1-76f7f31f68ed","2026-05-25T14:10:44.075Z",17944,"Betting Wallet Top-up","Bank Transfer"
"83c80539-6c02-4191-8c6f-eade39efb251","4e049a65-e2a2-446b-8266-3448d9eb492f","2026-05-25T02:35:45.990Z",147738,"Betting Wallet Top-up","Bank Transfer"
"ad21510c-7e59-4724-b101-0c3d20809c84","2a2ae82f-751c-4b44-afd7-7d7e7932db8c","2026-05-24T20:40:01.926Z",56308,"P2P Transfer","Bank Transfer"
"aa6ea214-dd07-4646-ad85-ba82ed829370","49da63af-9c72-4690-a97e-c7bc98c8f74d","2026-05-25T14:23:44.853Z",72179,"Betting Wallet Top-up","USSD"
"8aa5b57f-b3e5-4e3d-9a19-79af18226736","90aa42a6-ea5a-479f-a0d4-4b82229b14ba","2026-05-25T02:50:50.721Z",47991,"Airtime","Bank Transfer"
"b2e4e43a-b28e-406b-b280-1df9b128fdef","e89a1753-9666-4900-8b35-8231d07d4d90","2026-05-25T02:53:19.614Z",134051,"Utility Bill","USSD"
"78f861c0-cdb1-4fc4-a9c4-e208e53ff3a5","5927f010-d607-4b56-9af2-3224a6cd9edd","2026-05-25T01:12:20.874Z",16091,"Airtime","Bank Transfer"
"6258b9f8-afce-4505-b45f-fadfffe8f318","563d0341-6b20-44f9-806c-ba67127a35ea","2026-05-25T05:34:28.123Z",131441,"Airtime","Cards"
"a9ebfcd3-9cca-4901-959d-2748bf918d1e","af33bf91-d02d-462b-8cc7-01ba43d3a231","2026-05-25T10:49:15.252Z",57889,"Airtime","USSD"
"b4c06803-fdb7-4504-93da-b3488e1437b7","f326b2eb-722f-4993-868e-dc2907ebef2c","2026-05-25T12:40:34.451Z",92498,"Betting Wallet Top-up","USSD"
"65caa4ec-0db3-44cc-97a8-dfc16dc86ecb","e391a57f-6225-40cb-a0d8-2f959c1c423a","2026-05-24T16:29:43.758Z",133495,"Utility Bill","Cards"
"173a4a16-d0ec-4577-8110-c3c1af92c30a","d1415d65-9889-43fa-858c-073ed8fea41e","2026-05-25T14:00:21.632Z",15541,"Utility Bill","Cards"
"4fae1127-6af9-4158-9cbd-305276546175","9af691be-1f39-4af8-a7b7-7efc9f75e883","2026-05-25T03:16:25.034Z",45155,"Airtime","Bank Transfer"
"03ca4f7a-d47a-407b-82bf-c7446bdfa54a","e0aa1a56-6010-4478-ae38-0e4c96c8ff5f","2026-05-24T21:07:10.803Z",74183,"Airtime","USSD"
"ea41e157-09c0-457f-b5d7-8224bdc615a0","d61b1ab4-0176-4a4c-94ad-0f8380fce69f","2026-05-25T03:14:40.341Z",52301,"Betting Wallet Top-up","USSD"
"9d0e5b03-19e4-45b1-88e1-4c0607fdad7e","90523626-48d7-425a-b657-49f744763a11","2026-05-25T10:51:07.230Z",60352,"P2P Transfer","Cards"
"b755f171-3c06-4e70-aae6-8c65cb5484be","b879f3a2-d2ac-4a3f-b336-c4418d70c9fe","2026-05-24T23:14:20.597Z",16854,"Airtime","Bank Transfer"
"e5f1ee2c-7c57-4fef-9f7a-35a99b62e473","bfa74782-eddc-44db-96fa-4d0cdf9ad2c7","2026-05-25T10:53:15.399Z",1272,"Utility Bill","Cards"
"4ad22b28-4796-455b-9896-95023bbf2c53","1812dbb9-63dd-4078-93da-77d09de4ff0f","2026-05-25T09:48:52.153Z",47464,"P2P Transfer","USSD"
"bd4cb591-2578-4fce-a4a9-6e6151253ef0","6a99bfa3-944f-4255-b257-5875f5b18add","2026-05-24T18:02:54.710Z",86811,"Airtime","Cards"
"b0788248-4c7c-4de3-9cdd-7708fbb260de","17eb4baf-28de-4043-b963-201dc10a07e7","2026-05-25T00:05:27.184Z",67943,"P2P Transfer","Cards"
"c7938e88-8e18-4555-8009-460c61d12f87","cf870453-7b98-41c2-801d-ea8221e00881","2026-05-25T08:28:39.047Z",39811,"Betting Wallet Top-up","Cards"
"0919f8e5-0af8-4609-abe5-093433d5211a","35cdbc4e-936c-427d-bc97-c187f4772213","2026-05-25T11:40:09.406Z",68137,"Airtime","Bank Transfer"
"f2037e32-ff93-4bcc-bf9b-12756cd86db3","c390aefa-391b-4e3f-b955-b79ee5f4bece","2026-05-25T00:18:04.845Z",38330,"Betting Wallet Top-up","USSD"
"62200ac0-fb16-48a2-9aa5-e5b39fa4bc23","a286e2c6-99ad-4bf6-ace7-f74f89386c0b","2026-05-24T18:04:39.842Z",1737,"Airtime","Cards"
"60391bba-2ce5-470c-91f8-df2194c89761","b90b90ea-891e-4479-b331-da67b4ddfb01","2026-05-25T14:19:16.015Z",36779,"Airtime","USSD"
"1382537f-6159-416b-add9-c29f856cbd22","57012d2c-9016-4816-9465-5b58a81dc0c6","2026-05-25T12:44:15.243Z",13945,"Betting Wallet Top-up","USSD"
"2c90af41-6337-4a6e-9a2a-9124cf45d498","141e028b-d9d9-431c-b1a5-d21c9461fb71","2026-05-24T23:33:12.154Z",55771,"Airtime","USSD"
"aaad5e02-a545-4793-8215-936641010de7","23aa2bbc-ffe4-4e9e-8d80-bb0cbfe68508","2026-05-24T19:12:50.274Z",2528,"Airtime","USSD"
"3511fc4b-55d4-4a36-b5d4-5ff7a6087c05","94882a5d-ba59-4827-a2d8-5b0dc4180073","2026-05-25T03:53:20.256Z",148955,"Airtime","Cards"
"3b7aab9e-65b0-485b-ad44-385f33bb796a","c381ecf7-5c0b-4083-a789-d985f69872af","2026-05-25T00:53:38.863Z",3031,"P2P Transfer","Bank Transfer"
"90bfa61c-27dd-422b-8a32-431214e198f3","57a95398-2212-4b24-a591-8855e4ca4250","2026-05-25T12:00:47.420Z",127080,"Utility Bill","Cards"
"a9806f59-fc58-4301-ad65-8ee76c777b96","30a05033-1bbb-4361-8037-e87406cb4740","2026-05-25T07:26:36.503Z",25514,"P2P Transfer","Cards"
"f6b7d929-3b5a-4eae-8efb-3d54a0eedf0e","815ccb79-697b-42e4-8229-2785750c318a","2026-05-24T16:24:22.631Z",17569,"P2P Transfer","Bank Transfer"
"63078fff-08d7-4508-b3b2-ec7025d7253e","3533545a-2841-4bf0-8afb-0ad9aad4387e","2026-05-25T02:06:08.787Z",17738,"Betting Wallet Top-up","Cards"
"c0bd2f79-2daf-491c-a89f-9dfdccdb6ebd","5307c646-bc6d-4c04-aa9e-7109ef9f41a4","2026-05-24T23:12:45.563Z",5565,"Utility Bill","USSD"
"c783954f-a756-4bb0-8339-f4736071ac26","542b969f-29cc-4945-9873-76987e17d745","2026-05-24T21:43:50.185Z",82887,"Betting Wallet Top-up","Cards"
"9da8b564-e043-48df-ab9f-6a3ae62807d2","1f7edb3a-2116-448c-bbb1-0ebc9b337240","2026-05-24T20:28:46.956Z",15689,"P2P Transfer","Bank Transfer"
"a11291b6-aefb-4646-8d54-3ff9750ee633","c3bb7c3c-c3f5-4fa6-8a2f-4c82361ca2ec","2026-05-25T00:35:09.282Z",58104,"Betting Wallet Top-up","USSD"
"72620267-f303-45e5-a762-4fef3f7b4055","54c53aae-02da-4681-80cc-d55387d1df30","2026-05-24T17:38:05.234Z",149918,"Airtime","Bank Transfer"
"d1926c2c-a796-40ea-8687-c6d27c1cb4d2","e5e36603-4424-4500-870c-3e693072b6ac","2026-05-25T11:40:21.895Z",101045,"Utility Bill","USSD"
"82543d07-1d89-4a86-a8b7-c899b2f9d67a","9c2b77ed-88e3-45d8-8915-b6edf9fb3bb1","2026-05-25T11:28:15.677Z",138033,"Airtime","Cards"
"f297a24b-3962-4f38-ad09-680fcab9d356","0f59b9ec-3b73-4876-95ea-a067e9e5a8a9","2026-05-24T18:16:26.952Z",16490,"P2P Transfer","Cards"
"1a088fee-296c-4bb3-9913-224278e4f757","4ad9cbe5-83fc-49c7-987c-9a0cf79675e7","2026-05-25T01:31:57.386Z",70912,"P2P Transfer","USSD"
"29f4b6e5-f32e-4d07-aae5-e9b8a8a35ea4","e60df403-c797-4631-9cc9-ca4a59756c54","2026-05-25T10:48:22.031Z",25303,"P2P Transfer","Bank Transfer"
"a39b0ec3-6d66-4b41-adbd-f95c3ea44b3c","40f2a92c-b05d-4937-bc25-bd210fbdcbb3","2026-05-24T17:22:40.386Z",112025,"Airtime","USSD"
"c1a0549f-4bc7-4fbb-9083-08118aaccd00","d3ac81f4-2350-4441-a7c4-1c68c6446bad","2026-05-25T05:47:51.655Z",13545,"Betting Wallet Top-up","Cards"
"35ca2fc5-cc10-44f9-bcf0-dfccef9abe0b","03926e9d-3a90-4fc2-9b79-9d14dfb5d46a","2026-05-24T17:59:53.291Z",68005,"P2P Transfer","Bank Transfer"
"a4a1f503-19d5-4301-86be-04e897522007","4fcf8a9f-5e1b-469b-a217-50daa5f2231f","2026-05-24T15:54:40.528Z",60017,"Airtime","USSD"
"a3dcb2ec-1dea-4d6d-862f-e5b3de6de1d1","8a061d5e-14f3-483d-90db-f52306dd9940","2026-05-25T12:24:28.356Z",62301,"Airtime","Cards"
"dcc13e88-9a2d-49d6-98a6-62af178715ea","7d5e04da-f17d-42c4-af3d-a31cf718ad68","2026-05-24T20:12:30.925Z",88588,"P2P Transfer","Bank Transfer"
"a08afebf-149a-4cfe-b779-0b85e1b760c8","e8857a29-272e-48bf-94d1-aa8ce163469d","2026-05-25T09:22:34.598Z",5990,"Betting Wallet Top-up","Bank Transfer"
"90cc6c8d-aae6-48d4-94c6-90c244c616de","1167d30d-b2f9-4709-9c31-8553e4585098","2026-05-25T05:55:23.618Z",141591,"P2P Transfer","Cards"
"85ed57bb-a4fb-437e-ba78-5a74ea846026","8bc99b56-3a1b-4df9-8ab3-7c0a327d6216","2026-05-24T21:59:51.259Z",121383,"Airtime","Bank Transfer"
"a97f6cce-7985-435a-9deb-c4014f305f15","c91f0b50-d260-4b4e-bd6f-3bc73acf2b6b","2026-05-24T17:22:49.096Z",67264,"Utility Bill","USSD"
"57301b2f-7fd3-40bf-a417-0178dce294e4","f7da5fb9-0b32-4904-ae82-8a6f353dd609","2026-05-25T04:19:53.801Z",88031,"Airtime","USSD"
"bad1e9e8-b3c6-4d8f-87cb-6cb99bc5ca59","d79390de-344c-41b5-9635-fce76bbc92b5","2026-05-25T13:38:36.932Z",112645,"Utility Bill","USSD"
"2d0e99ff-9767-44bf-9d44-cec2cd98067b","5c259001-3ef6-4d2e-a1f6-43d6ba93c007","2026-05-25T07:21:17.535Z",69821,"Betting Wallet Top-up","Bank Transfer"
"48faef76-a23a-41d5-b94a-4953b61cf9aa","a3ae3dd1-7d1e-4a29-98a8-311a7626677c","2026-05-25T13:17:44.170Z",64927,"Betting Wallet Top-up","Cards"
"ba18f038-1913-44ff-926c-8af59b657d81","449f5834-ecfe-44dd-98c8-e4c770885ac9","2026-05-25T13:07:09.984Z",61708,"Airtime","USSD"
"8e24ed16-4561-4076-a454-dbe553e09a28","6b78b78c-9963-4c27-aab9-3d12fd3096b4","2026-05-24T18:55:34.774Z",132314,"Airtime","Cards"
"4f827937-e6cb-44d2-b2c0-7d5890a68fbf","f0581069-a6b8-4e41-bcc6-c43ef1ccf9ac","2026-05-24T17:10:46.560Z",138249,"Betting Wallet Top-up","USSD"
"cfa3e863-4edd-4078-960e-54afc4596db1","27aaed5c-c194-4ce9-96e6-a52e4d1f5e7d","2026-05-24T18:44:56.826Z",136994,"Utility Bill","USSD"
"c07d0301-8e0a-4277-9156-719a9c1227be","44c073b9-02b3-4b35-9366-c9ede4b3def2","2026-05-24T18:00:37.818Z",63724,"Airtime","Cards"
"4bdb7053-296e-4019-ac28-01c72a41d9bd","8d9a26ae-54de-49d5-a971-562bce621a94","2026-05-24T17:10:52.087Z",49254,"Betting Wallet Top-up","Bank Transfer"
"947e5636-eede-4ddd-9948-db1972c75d82","04b1490c-5557-4e6c-ac69-9b7eb72d151b","2026-05-25T00:15:56.398Z",134110,"Betting Wallet Top-up","Bank Transfer"
"7b0024c6-4a72-41ba-a136-1a5c6f046df5","418d0faf-91d1-4541-a0b0-a4b9daa8b9bf","2026-05-24T15:27:22.024Z",102385,"Betting Wallet Top-up","USSD"
"48e819b0-9bf6-45a0-b434-1e431312534f","c2b8d725-3041-4584-bcc2-bc616db65a80","2026-05-24T23:50:25.791Z",147227,"Airtime","USSD"
"c029c3b1-5913-4661-8a4a-208bf11f9afd","0ddeff09-4510-4803-9929-3d664b236342","2026-05-25T01:14:06.793Z",66879,"Betting Wallet Top-up","Bank Transfer"
"cb1ed216-5566-45ac-956a-7667fda5e813","7b08d937-bf60-4f47-b397-b364833a620c","2026-05-24T18:30:36.685Z",21604,"P2P Transfer","Bank Transfer"
"74808abd-0ff0-4587-83b2-96a224d0975b","0bc7bc46-6eba-42e7-a5f3-c672f871a7c0","2026-05-25T11:06:23.475Z",73649,"Airtime","USSD"
"75d4d7d0-8741-4fba-be17-26b2ec10a27f","6e6358eb-037b-4248-867d-2d2b4581b34c","2026-05-25T14:22:18.570Z",95850,"P2P Transfer","Cards"
"bf395979-ba2a-403f-aa97-e0cf9f4eb990","a4b837f5-2e73-446a-b4e5-07ded206a451","2026-05-25T01:06:21.105Z",142159,"Airtime","Cards"
"7961785d-c65f-4760-9dc1-14360029fc1a","2cff670b-c107-4afa-9544-3734d54a7a49","2026-05-24T21:52:23.477Z",23866,"Betting Wallet Top-up","USSD"
"a82565e7-0e82-411b-9ad4-49454274c2ac","04147a07-03b0-4b35-aa05-a48abf433be0","2026-05-25T14:07:22.150Z",64808,"P2P Transfer","Cards"
"73f6dc0d-70c9-41aa-bd85-ffd1aee28bf5","13abb877-52d4-4645-9012-e782b2e9c6ca","2026-05-25T02:12:46.418Z",48934,"Betting Wallet Top-up","Cards"
"b86589ed-03a3-4fb4-b94a-a594a60a9503","01b2d83f-7eed-4d43-b266-29eba2164300","2026-05-25T06:11:48.686Z",82441,"Betting Wallet Top-up","Bank Transfer"
"4145a6cf-5a11-480c-aa86-91385dd93a1c","4b097ac9-8a12-40c1-ad92-62683fcbddfb","2026-05-25T04:22:25.593Z",45197,"P2P Transfer","Cards"
"d51c0f1a-c0bf-4adf-9de4-e1c8cb885787","0ee358b2-58c7-4f46-b3b5-d012691a611b","2026-05-24T15:18:53.197Z",84878,"Betting Wallet Top-up","Bank Transfer"
"749b45e8-de14-4c97-8534-e3c8e59e568d","23812bab-2083-4aff-ad3a-623553cc855f","2026-05-25T05:11:18.320Z",131104,"Airtime","Cards"
"059bc4dc-c937-4ff9-b87c-9a1a97e6607f","6f3da5e5-2247-4f5e-831d-391ce1e9d27b","2026-05-24T23:18:48.077Z",12930,"Utility Bill","USSD"
"549f6b73-46fe-4bec-adc9-5dc2b89730fd","1fbe4b54-3eb1-4300-951e-4e3d44d13ab9","2026-05-25T00:37:33.803Z",58251,"Utility Bill","USSD"
"9571bc0e-2197-4659-95c7-bf3fff60ef72","5a48c9a4-7d56-4508-b225-cf2e511c59b9","2026-05-25T06:16:47.902Z",113246,"Betting Wallet Top-up","Cards"
"ecdd72e1-ce49-4c2d-91d0-84f827523450","a2c0dda9-6596-428a-8695-dbfc2e66dbee","2026-05-24T17:28:33.838Z",96105,"Airtime","USSD"
"f414b8cd-63ba-4c8a-bda3-fc71d23f161f","8485acbe-b876-4ca0-b0f2-280d61c874cf","2026-05-25T06:46:20.714Z",55978,"Airtime","Cards"
"3bbfe2d7-a604-4991-847f-231469289dfe","b2818964-709c-44a7-a589-810e044f8a10","2026-05-25T07:23:36.089Z",22207,"Betting Wallet Top-up","USSD"
"850f9436-130d-4b4b-a666-bcd9cce66fa2","a26de7f0-fccc-4291-8015-05a5a125349a","2026-05-25T00:29:00.392Z",93749,"Utility Bill","Cards"
"734cd48a-bcf0-44d4-8d64-a48d46d45cea","2cd9deea-a8f1-4e1d-82eb-1f9ce5aa98dc","2026-05-24T16:13:08.511Z",51261,"Utility Bill","USSD"
"76dc743e-ae06-45fe-b046-0d95b67ac98b","ae3eda37-b2e8-4a9f-abde-914add504cd5","2026-05-25T01:02:15.211Z",13283,"P2P Transfer","USSD"
"b091763d-88fc-419b-982f-f9446b4b8520","2b7439e3-e0cf-4dbc-84b7-22d901280969","2026-05-24T15:57:46.859Z",11378,"Betting Wallet Top-up","USSD"
"54d6af8b-5ed2-4468-8333-5f99b863457a","0f80e09f-db80-4513-8478-c5e172ea34d2","2026-05-24T23:36:24.474Z",67371,"P2P Transfer","USSD"
"6b2058de-b862-4842-89c8-ec4ce5600ca8","d39e1043-9b58-4bed-8284-bea86bfa253e","2026-05-24T17:24:51.540Z",81375,"Betting Wallet Top-up","Cards"
"ba439fbb-c9a9-4f42-90ad-2d38e3e59597","5783f26a-e090-426f-850c-3ed8fefe0967","2026-05-25T02:11:03.292Z",103985,"P2P Transfer","Bank Transfer"
"9f93e2e3-6a44-438b-a828-cf01144a0773","defc4699-71fd-4a13-99eb-9c5939f6af89","2026-05-25T02:43:37.217Z",48060,"Utility Bill","Bank Transfer"
"2196c9ca-fdff-4a70-ae34-b44f0ed3898d","d40acc2b-bb81-406d-b52e-e07ec0042b5c","2026-05-24T19:21:07.282Z",28818,"Utility Bill","USSD"
"6e7eb9da-a019-48a4-8534-012003ca57d2","3d2671c9-af85-42e7-a5f4-287b1ac78c84","2026-05-25T05:23:18.615Z",17718,"Betting Wallet Top-up","Bank Transfer"
"e9732758-d776-4cab-bbd6-6749577cc955","3837b67a-53ff-4616-8597-f92362341fe9","2026-05-24T15:51:32.149Z",80890,"P2P Transfer","Cards"
"7c5a0cb1-4fa6-4cbd-9476-9f69eb28f360","e3036dba-bb9e-4fb4-9a9e-9a1baaf8544d","2026-05-25T02:53:14.921Z",146736,"Betting Wallet Top-up","Cards"
"b479a8ad-8171-4af7-8913-eda98b22861d","9c238ee1-136f-4102-a3f1-af3513c5f3fa","2026-05-25T00:09:24.480Z",49867,"P2P Transfer","Cards"
"848285d3-fee5-48bd-bf88-26ad7afa842b","ac17e88f-2d6a-48d1-ac5f-bbe2c1d0fff8","2026-05-24T15:04:22.713Z",131423,"Utility Bill","Cards"
"efdcc490-a801-4f56-bb72-3d724ef2c5f0","2a47f838-465d-42bf-9d8d-3b8f89c05912","2026-05-25T08:53:01.602Z",6989,"Betting Wallet Top-up","Bank Transfer"
"dba2ea19-d180-4af9-81bf-f33888f9da9e","eac6a917-4429-4fb7-845e-db431793f471","2026-05-25T06:59:47.079Z",41864,"Airtime","Bank Transfer"
"aade2d03-335c-42d0-a025-ecd51c30211d","dd0062eb-3670-4c7a-890f-f30cf3787b2e","2026-05-25T05:08:37.606Z",128204,"Airtime","USSD"
"f2458cd2-a740-4046-8d92-416f87ab5ae7","0099c589-0b8c-41d6-8bb5-e9e67c7a79ac","2026-05-25T04:17:33.953Z",13257,"P2P Transfer","Bank Transfer"
"5bb08b16-9d72-4d3e-9e9b-d50a2fcffe26","ba613c9f-896d-4fed-a21f-179144be6f31","2026-05-24T21:20:06.610Z",75985,"P2P Transfer","Bank Transfer"
"076bd1f2-ca74-4d0a-a2d7-741fa46e275c","b2ee8afa-a134-450c-a2c2-2590ed06f496","2026-05-25T09:52:45.989Z",19881,"Betting Wallet Top-up","Bank Transfer"
"6d92bf2a-7103-46b1-b114-3789f00d9297","c2c91080-7c34-448f-bac3-0b39a25331a8","2026-05-24T21:42:19.428Z",74513,"Airtime","Bank Transfer"
"78e181d4-3f14-49a0-8fb8-6d9cceb0c0bf","7f2282be-bdcc-4e76-a1f9-e595022e8119","2026-05-24T16:04:03.607Z",78462,"P2P Transfer","Bank Transfer"
"e40d391c-c97d-4b35-8b7c-9593e54906d9","b80932dd-1a45-4b89-be80-542209ea9ffe","2026-05-25T00:43:09.035Z",29941,"Betting Wallet Top-up","Cards"
"1389eea3-de3d-4eb6-be83-9ba32e640808","2fee36bd-df6b-4c76-a886-d7464e505796","2026-05-25T07:46:52.862Z",111576,"Betting Wallet Top-up","Cards"
"f820baa4-fb31-46df-8433-46adb2cefcd7","b1aa230a-f057-44ac-a6b3-67a9d9d2bb73","2026-05-25T09:31:41.438Z",44010,"Airtime","USSD"
"b9b9f6ba-9366-4c5a-b523-e8562b65dfc9","0938d321-9387-4478-a215-fdfccc42f2ed","2026-05-25T08:08:06.808Z",4822,"Utility Bill","USSD"
"104b5681-0b9d-47a2-9313-20d4fb377fe9","84feda5b-f38b-4b99-abb3-a2c2fe75adef","2026-05-25T12:55:58.644Z",81846,"P2P Transfer","Cards"
"2412143a-1d75-48bc-8c2f-c08b11a3dd55","beee413d-9eee-46b8-a771-e91a0f900244","2026-05-25T14:05:20.318Z",51784,"P2P Transfer","Bank Transfer"
"0a4717e4-5540-4fed-af68-67523bad8f31","589b1273-7062-4468-97c5-14be56f4f3dc","2026-05-25T03:06:49.972Z",112513,"Betting Wallet Top-up","Bank Transfer"
"e6fa0783-6e2c-4326-9a19-41cfc7700eed","f75c9494-9e7f-4de8-a521-993efdb9438a","2026-05-25T06:45:47.647Z",2240,"Utility Bill","USSD"
"3298afec-726b-4454-a08d-8a086d9253bb","a45e582f-bd44-4a0a-b374-8591a0fad970","2026-05-25T11:41:52.066Z",49190,"Airtime","Bank Transfer"
"2801765e-97ef-44e8-ae9b-8a926d3a4aed","8b21e9b4-47bc-461f-a70e-b80e0ea07d93","2026-05-25T14:13:08.771Z",31136,"Betting Wallet Top-up","USSD"
"cadb0344-871a-425e-a680-f9eed3e6913c","ab10e855-a608-46f0-bb06-43667e24a2d3","2026-05-24T18:39:03.216Z",48737,"Utility Bill","Bank Transfer"
"08b95858-fad1-4e13-b619-2538aa6619cf","a1545396-650a-4f1c-81e1-894a194fccd6","2026-05-24T15:24:18.991Z",47215,"Betting Wallet Top-up","Cards"
"d07d3ad9-de6c-4395-affb-ad3c435aca9c","49dcd895-5054-4937-a0a5-2a9164a4abff","2026-05-25T00:57:15.850Z",107837,"P2P Transfer","Cards"
"3021edf5-f6af-4415-8453-38969eeec30f","66903207-a174-4869-9d2e-3c0b7b7944c7","2026-05-25T09:34:44.538Z",63775,"P2P Transfer","USSD"
"64e7e647-3496-4f3b-94fa-2c5b9f740aa2","36d933ec-b056-4534-8710-cb58136cc1a5","2026-05-24T17:45:46.743Z",16023,"Utility Bill","Cards"
"cf1aaf69-6347-4998-83d0-3f39673aa653","27a96607-0b28-47ea-8962-1566ce81b63f","2026-05-25T12:10:10.353Z",73525,"P2P Transfer","USSD"
"b9716157-c2d8-4023-b928-dde451c9c3ab","0e0e7d00-1fa1-4797-b02b-783a7a0c64f7","2026-05-25T01:25:13.708Z",141460,"Airtime","USSD"
"043aecc2-af0d-4f38-85f8-9db4e5fae5b6","df53b99d-e5b6-4aee-959e-706e0cdfa6b4","2026-05-24T18:45:09.619Z",43694,"P2P Transfer","USSD"
"00354155-1460-4c4e-9551-dd6fca27c338","bfd36235-4bb5-4e52-bb3d-9df529fe6bd1","2026-05-24T15:02:02.383Z",56836,"Utility Bill","Bank Transfer"
"2ff75b47-6e3c-4d76-b2d5-1aa2a9456df6","8a1730c5-3293-4942-b2d7-8fec865425c5","2026-05-25T03:41:58.712Z",113816,"Airtime","USSD"
"d7734ef2-07ac-4c00-9e69-e1d5bf074352","87d4ed32-41b4-4d51-90e4-c80576a6acb3","2026-05-25T07:37:41.727Z",133565,"P2P Transfer","USSD"
"0d423db3-4a84-4bfb-a56a-10be025b7609","505b8614-4bdd-4f40-aff4-2bb21f73bf64","2026-05-25T05:32:46.464Z",67595,"P2P Transfer","Bank Transfer"
"0a94e698-1b6f-4f6e-b7c2-472dbdb2e19a","bb568fd2-88e3-47e2-82eb-d6c3de72e3d7","2026-05-24T17:47:58.961Z",110649,"P2P Transfer","Cards"
"a5798a49-2ed6-4857-8108-a6b28aa32d2f","447433e7-d401-417b-8dab-0cc757d84e9e","2026-05-24T22:50:41.926Z",135331,"P2P Transfer","Cards"
"feff6567-6cf1-4b6c-bb67-2b2d1e566c99","2c273f0e-0b84-4688-b655-9449fe836ab4","2026-05-24T23:29:29.322Z",28721,"Utility Bill","USSD"
"ba35ef3f-8423-4078-a3d6-b939536100f3","e806fd3c-7447-4976-a896-405cd8c25944","2026-05-25T00:33:06.206Z",34380,"Betting Wallet Top-up","USSD"
"592809f4-e74f-4a3e-b837-4865b23ccd1a","3b2813f7-0608-48c6-9bc9-d9014f4f7e5f","2026-05-25T05:31:24.168Z",113704,"Betting Wallet Top-up","Cards"
"e50db6f3-fd15-46bb-992b-9f70687ad64f","3a7c5859-0e0d-463b-a15b-6fd50de99c70","2026-05-24T16:32:26.293Z",557,"Airtime","Cards"
"8d4ab74b-cbc0-4203-a1c5-79bff59b9c7f","0dcbbb1a-22dd-4fea-b70c-ade5771c4393","2026-05-25T02:40:33.811Z",47389,"Airtime","Cards"
"145887d7-38db-4309-8c6e-208f1d5b8726","d04efee7-0314-4158-ac9f-bc90a9488360","2026-05-24T16:45:17.666Z",25409,"Airtime","USSD"
"dd4973f0-f653-4db7-98e7-7b1e7b345f24","3c79955b-0dbc-4213-b9a0-cb9326b9abf4","2026-05-25T04:38:02.805Z",47750,"Betting Wallet Top-up","USSD"
"ec2edb03-56b1-4389-8e5b-30b33e11602c","a2594008-b37e-4031-8d02-8a3b566e651c","2026-05-24T22:34:31.176Z",131236,"Airtime","Bank Transfer"
"bc20faab-9cd7-4579-8bb5-152496f26691","d302424c-6f16-464b-bd31-51dd15fadbbb","2026-05-25T01:57:24.992Z",142702,"P2P Transfer","Bank Transfer"
"432c5b5e-6080-44de-b360-b27d49b4f34a","40931d08-6ff1-412c-a310-3af72997df7a","2026-05-25T09:20:39.771Z",120652,"Airtime","USSD"
"81bf1fe8-0811-4e44-813d-66605e13a699","7adc7344-d414-4312-906d-386245c3ddde","2026-05-24T23:04:42.893Z",91864,"Airtime","Cards"
"88b12cbb-7657-4d8b-9f37-1612085edc6c","ee7bb876-4f75-4775-8659-536aa47f6931","2026-05-24T21:01:33.942Z",32026,"P2P Transfer","Cards"
"8318cb3b-3bc7-40f0-a587-9433ff34d853","7f224535-2196-40e8-aa9f-f9f3fb4f831f","2026-05-25T08:43:59.254Z",85394,"Airtime","USSD"
"830d255b-c168-4d57-81a9-ba2e4f4a316c","9990e869-f640-4353-a561-d0c3effef76c","2026-05-25T08:56:55.496Z",126371,"Airtime","USSD"
"c3a11dea-b1b4-441b-96c7-ec8babd87271","424ad559-2ae7-4e6d-b950-94b64ed83f49","2026-05-24T18:45:08.261Z",39539,"P2P Transfer","Bank Transfer"
"0b7d967e-a0b7-4bfd-a055-15bd33e947bf","af7e87cf-8252-497e-bbd6-4d2f333959fa","2026-05-25T03:21:57.716Z",17026,"Betting Wallet Top-up","Bank Transfer"
"a32b0071-c008-4272-b0e5-ab2412d2ea12","dfa8b99a-9459-4702-90ae-a914f9af8e2e","2026-05-25T14:21:35.433Z",48649,"Airtime","USSD"
"e30c8a7c-6b64-4c6f-8a4b-d0535b8bb5e6","18c50079-931e-4961-83db-eba83b836b1c","2026-05-25T11:17:45.437Z",106526,"Betting Wallet Top-up","Cards"
"a462d344-29e0-4bb5-a0cb-89c296dc7055","8b526870-f04f-4ef6-9448-8a3aee8a0d8e","2026-05-25T06:56:48.959Z",89020,"Airtime","Bank Transfer"
"d59194cb-a983-41f9-8600-71e72929fec0","03cb6dab-1d00-4f5a-86ce-3655ea705c73","2026-05-25T12:33:50.194Z",115134,"Airtime","Cards"
"dba3216f-3f90-441e-a08a-b72da37c11fe","0d96ee49-d130-4222-b48e-cbe55a23c568","2026-05-25T03:27:51.189Z",28067,"P2P Transfer","Cards"
"7e10fd56-cfad-49a6-a4af-052d3b00b107","b05c6f3f-06aa-43d8-844f-f8754fceed69","2026-05-25T14:25:54.577Z",5556,"Betting Wallet Top-up","Cards"
"ba04014a-2684-4132-a3c6-cf2058a45f23","c7eb5bca-7c9d-4dc8-b149-998a5e3fd136","2026-05-25T07:00:08.000Z",116962,"Airtime","Cards"
"e2f878d3-1476-4a96-a144-d98e33dcbdad","214d3e82-1f43-4672-8cb8-3cf0a06415ab","2026-05-24T17:07:37.600Z",35226,"Airtime","Cards"
"3ab88b09-c928-48aa-970d-83c522da3cae","94810655-e18b-40bd-9a7d-6f68944c8846","2026-05-25T04:40:01.422Z",17476,"P2P Transfer","USSD"
"7abd54e9-a19b-4590-9c34-e1e18b821a67","6eacb696-9a5f-4977-820e-7370eb8fa640","2026-05-24T18:24:52.813Z",134636,"Utility Bill","Cards"
"50a0ada6-5e7c-493c-b4cd-1a4ab9df02b5","7e7c14be-8f82-4514-a441-ab79b498f216","2026-05-25T07:19:50.830Z",95939,"Betting Wallet Top-up","Cards"
"59893bb2-f571-4a50-9951-302d15b28ed4","0bba08d2-eb9b-4983-8012-f02170dad398","2026-05-25T02:33:25.396Z",139770,"Utility Bill","Cards"
"00c411a4-9363-4141-9a7a-2a6da8dc1b33","ac08e0f8-f50e-4d30-8e03-616caf7f9479","2026-05-25T09:20:16.790Z",36999,"Betting Wallet Top-up","USSD"
"5c6a7c87-40f5-43a6-b361-a9e848980b78","a4136e31-b4bd-45f4-a0c7-ba46a0999210","2026-05-24T17:37:56.373Z",88473,"Utility Bill","Bank Transfer"
"ae649e73-d1b7-4466-9c4d-7ee81bd5769d","8cef2b13-ed76-4fc6-90a8-c7944fc0a23e","2026-05-24T23:24:19.307Z",143702,"Airtime","Cards"
"a359876a-be40-4383-b62f-8079a883f4b1","b96f6eca-3888-4b97-964f-d94aacb449b5","2026-05-25T13:38:38.718Z",25352,"Airtime","Bank Transfer"
"a073e9f1-e5f8-4b95-9513-e3f8e8eae63c","bf2d4cf7-c2fc-44ed-ab93-2cd4d4665014","2026-05-25T00:29:18.402Z",19866,"Betting Wallet Top-up","Bank Transfer"
"84aeeb92-497e-47c7-8e49-bafda1ac93eb","4cf388a1-f5dc-4de9-8501-37509e0167f0","2026-05-25T13:50:30.544Z",22473,"Utility Bill","USSD"
"bda1b9c2-20e5-45b4-807b-39d927db9947","eb0bea7e-d230-4886-8ba5-2e148fc65e3b","2026-05-25T04:40:31.083Z",89983,"Airtime","USSD"
"5cecf674-39e7-4ae0-9bd9-88abfcef02b3","3a2e60c2-471f-404a-85af-6ca14034b852","2026-05-25T02:24:50.525Z",90813,"Utility Bill","Bank Transfer"
"c7b13f0a-57fd-4776-93ad-24ba5b800d92","c20de3c5-bea2-47ac-9db5-e1648ab8c252","2026-05-25T00:03:36.428Z",38640,"P2P Transfer","Bank Transfer"
"f926b14c-73e3-4ff7-9975-72171d5bbb86","2aacb7c1-7001-4ed8-8426-2919b1eaae50","2026-05-25T06:49:10.025Z",118894,"Utility Bill","Cards"
"9463e085-2d9c-42f9-b48b-12456c14111f","3ec91707-ef9e-4f14-a78e-24ea5bdf6043","2026-05-25T04:55:32.544Z",43525,"Utility Bill","Bank Transfer"
"e8839571-ee55-42cf-aae0-e27abc4702a9","d6c1cbb0-b424-4096-a0d2-98920f0345c2","2026-05-24T23:07:59.307Z",54854,"Utility Bill","Bank Transfer"
"223ef9b4-f778-4f33-b36e-10d9e7ba2f4a","851df097-dae8-476e-8af4-fbd1253c02ae","2026-05-25T13:44:57.327Z",121112,"Utility Bill","Cards"
"a695574e-bdce-4272-b21e-036e6a9bf1af","482e6531-3178-4c85-89ee-dcaef5fff578","2026-05-24T20:55:08.158Z",8981,"P2P Transfer","USSD"
"b47f0769-9ff8-486d-8971-7eefe25d9020","204f2b90-1e63-4a58-8cb1-8f6d719e6e1b","2026-05-24T21:51:18.684Z",147637,"Utility Bill","Cards"
"6bdd8ffe-9d4b-4acc-abff-550cefc27c11","68571a22-702e-48b7-881f-dd08a4ffdfde","2026-05-24T21:13:55.889Z",10399,"Betting Wallet Top-up","Bank Transfer"
"125ef4f6-807c-44d9-9204-1a3b6cd284ca","5c9e212a-e629-453d-af65-5b785defb944","2026-05-25T10:59:58.414Z",28557,"Utility Bill","USSD"
"1661fa43-1904-4028-aa4e-f349f7642c60","687a0fe0-5725-46d1-9682-c4729bb56307","2026-05-25T12:36:00.426Z",68133,"P2P Transfer","Cards"
"0c56876d-9bd7-47ea-8701-20d2aeaeed99","24370671-f814-4a0c-88c2-fa0166042a82","2026-05-25T08:19:55.539Z",18545,"P2P Transfer","Cards"
"efd02528-cb07-4921-9fa8-db034bfdbaeb","8763689a-49c2-4827-beac-36750ce650df","2026-05-24T15:06:21.029Z",146212,"Airtime","Bank Transfer"
"9c63552c-6b31-4be4-875c-406356ff1cc7","bab7939b-14f2-4227-aac5-f173561104dc","2026-05-24T21:58:48.704Z",31241,"Airtime","Cards"
"a42f9c46-6d6e-4288-b5de-7498ae765566","ced817fa-0688-403b-8b97-5137d89ce939","2026-05-25T14:24:24.223Z",118884,"P2P Transfer","USSD"
"757a49cf-4a5a-43f8-aff2-857eaf289442","625af617-118a-4b01-a505-fa3e0180cf86","2026-05-25T11:09:39.269Z",15669,"Betting Wallet Top-up","Bank Transfer"
"ad1bcb19-f728-4284-b155-6e25114079bf","d8f34618-e0dd-43b1-8695-a13e7800de57","2026-05-25T03:46:31.709Z",106722,"P2P Transfer","Bank Transfer"
"ccd635ea-69d3-4aa9-8516-89ee7f1db3bd","89f3c759-a944-4580-9108-b2153777a97b","2026-05-25T09:17:44.654Z",71730,"Utility Bill","Cards"
"733e1d98-9946-43eb-960e-a7da4b67dd88","03843746-6f19-4bbf-a75e-cda93acdb3aa","2026-05-25T03:59:14.127Z",141208,"P2P Transfer","Cards"
"1c33a092-6e15-4084-b5e3-f906d8914b42","8f7e5392-f0d0-4ddb-a9ab-3b31ec60c4e1","2026-05-25T01:09:52.933Z",107583,"Betting Wallet Top-up","Bank Transfer"
"a719f7c7-5874-4d93-ad22-13627309b879","421afce9-140f-4c7f-91cf-e60c903346ea","2026-05-25T07:59:22.176Z",111649,"P2P Transfer","Bank Transfer"
"667d2425-a48c-4a7b-aa40-00992ac4497b","4e1dcfe2-9226-4dcb-bafa-3e69a3d06974","2026-05-25T10:31:04.687Z",128652,"Betting Wallet Top-up","USSD"
"cb5adcd2-39c4-4530-b35a-42d11c6b6450","e6e50190-326c-4c7b-b5ac-21917f01097b","2026-05-25T14:02:27.724Z",77621,"Betting Wallet Top-up","Bank Transfer"
"5abc1b72-acbb-439a-8da5-f93f7d220a18","d162ac5e-5c93-487e-be4b-ac862c1039d4","2026-05-25T11:59:52.265Z",105755,"P2P Transfer","USSD"
"0e96d4a9-2da6-4ac9-b8ea-c6d64481c420","ea588acc-43d0-46b0-ba83-fd3dcd4987fa","2026-05-24T18:22:23.162Z",9748,"P2P Transfer","Cards"
"1c51384c-194a-43df-a3d7-99080241782e","a5187c2f-53db-479d-b25b-5d0be627b88f","2026-05-24T15:14:37.319Z",88964,"Airtime","USSD"
"e378528c-7c98-418c-a75c-323b177319e2","5e9a5ce1-2122-4a4e-a305-6d9036e3f173","2026-05-25T09:55:36.055Z",116919,"P2P Transfer","Bank Transfer"
"f574a183-8974-409b-a7b6-5a8ce2671069","811b7486-d0e9-4e2b-9bcd-8fefae5f2a11","2026-05-25T08:36:07.020Z",130320,"Airtime","USSD"
"7064836e-9e63-4c40-b1dc-dd3688c04a44","d133635d-5194-4925-b194-58c762e6f90d","2026-05-25T02:06:31.625Z",31569,"P2P Transfer","Bank Transfer"
"e7cf33a8-c701-4deb-a026-f8055ed4c7c0","cac6bb64-d6a6-4a62-9835-ddaebc4941bb","2026-05-25T14:27:29.416Z",132211,"P2P Transfer","Bank Transfer"
"732d7002-2fa6-4e53-ba84-b90a3ae86321","8d67b14b-088f-4236-8892-31837490b06b","2026-05-25T11:52:43.783Z",130948,"Utility Bill","Cards"
"8e487d95-fe19-45ab-93c2-8f5ddee7d695","45b7c57f-7f5c-432e-a2cb-24be356323db","2026-05-24T15:49:11.884Z",13429,"Betting Wallet Top-up","USSD"
"ca6a61d9-55a4-4be8-93b5-d1b19e942d16","865e855d-2b73-41a8-98d3-31e8c169e2d0","2026-05-25T04:29:05.445Z",143978,"Utility Bill","Cards"
"54c0422d-80b6-4c32-afdd-999451513e21","a0fbcf23-1203-4ff1-8e13-1dc059c4c98b","2026-05-25T00:28:36.401Z",38625,"P2P Transfer","Cards"
"4558937f-95db-455a-bbc7-14d66f23ce83","ad7b479e-98b5-45f0-a506-6383642b117a","2026-05-24T19:32:45.523Z",130473,"Airtime","USSD"
"788feed4-bb24-4dd6-8235-2e81de1ef0c4","fcd6b5f9-51f4-4d49-b037-44528f924367","2026-05-25T00:50:32.862Z",103849,"Betting Wallet Top-up","USSD"
"fd4d4a88-6229-475b-b450-7a228bc6df94","a44ceff1-6b18-4d08-bda6-134919454924","2026-05-25T06:07:51.779Z",43215,"P2P Transfer","Cards"
"b5536959-74e7-448b-8472-aa1c446c88bd","2d6c6b93-c854-480a-ad7d-95d4ebb243f1","2026-05-25T00:28:52.054Z",51945,"Airtime","USSD"
"fd9f001e-4ba2-4a3d-a455-6e7ba7f981cf","4f7930a1-4758-4399-b33c-feeb03d47b1b","2026-05-25T12:56:30.657Z",48962,"Betting Wallet Top-up","Cards"
"ac430d36-9fe2-4fcb-a8da-82fe8a4fcfeb","46e13d29-c1a7-4114-abce-347bbf050e4d","2026-05-24T16:13:18.896Z",10194,"Airtime","Bank Transfer"
"7685176f-d74e-47e3-9b29-6c1f2928e456","4a493013-bb90-42ac-a875-497f9b0206ec","2026-05-24T20:05:30.901Z",131076,"Utility Bill","USSD"
"e1cc811a-de83-44dc-9ada-d2e3d1a1e0dc","3f7a651f-cf9e-4c43-a4d7-e4963a4efaab","2026-05-24T19:13:30.471Z",100707,"P2P Transfer","Cards"
"4bda5930-4b89-4be5-8736-4d86444e8d74","5a10b8ed-1688-4ace-a3dc-16414a6d37c9","2026-05-24T16:57:54.567Z",81060,"P2P Transfer","USSD"
"1d6fc3db-e90a-45bc-b61f-491d672f4dc0","de46db86-1035-4519-8384-d12d9a6dfeac","2026-05-25T01:08:36.353Z",111333,"Betting Wallet Top-up","Bank Transfer"
"a961fee7-d230-4082-84c5-1ecf00e31001","13e52505-61eb-4be9-bcf2-cd4ae3d56f17","2026-05-25T13:47:50.937Z",124620,"Utility Bill","Bank Transfer"
"92449e74-a557-43f8-90d4-2d92541eee0e","3b2bf050-d516-451a-9f9f-6ed8feb0ef4e","2026-05-25T03:31:03.223Z",130546,"Betting Wallet Top-up","USSD"
"c63b1d12-2baa-496f-b5a2-a4b4f8d48d08","d6264ba1-11ee-40ad-9290-ce2396ca07b4","2026-05-25T13:55:08.179Z",38076,"Betting Wallet Top-up","Bank Transfer"
"74cefca0-252d-461c-8eba-4a862e9a072c","2d0b273f-f97d-4b2d-944e-5ff22cc55d0a","2026-05-24T18:22:59.504Z",144665,"Betting Wallet Top-up","USSD"
"c794ab62-3d5c-4cae-970c-49cc95b3b150","dc729bdf-a209-4a5e-a6b1-676a92be5ab6","2026-05-25T01:43:42.595Z",61133,"Airtime","Cards"
"27c284b6-06f1-4240-a8b8-95e7bc3eba50","cd8a6085-624b-40e0-b643-aa722afec822","2026-05-25T02:52:34.671Z",88493,"Betting Wallet Top-up","USSD"
"31b48b52-30f4-4ed6-aa96-7bd1fecc6094","5fe5a26f-342d-4a15-b19a-58590ff743d7","2026-05-24T17:40:22.544Z",62725,"Betting Wallet Top-up","Bank Transfer"
"3fa4c7ad-e9d2-4cd1-a78a-5c567525e4b1","0e2d42ce-037f-4031-ad35-b3cffc7a05ca","2026-05-24T23:44:16.236Z",129820,"Betting Wallet Top-up","USSD"
"093d32a0-5bb8-4a8b-a770-2ca0ba62bff4","d0828f56-5c79-4998-b14e-d2a5607d4281","2026-05-24T17:22:25.312Z",31230,"P2P Transfer","Bank Transfer"
"c2fa8818-745a-4721-95c0-c041123c2a08","47d749a8-e7ed-4c65-bd9b-a462ee290874","2026-05-24T14:50:58.713Z",38676,"Utility Bill","Cards"
"8812ead6-9a6b-4ef4-b6af-103a0cf79974","420fee8f-bd32-4b70-82a3-12ef6d0f8752","2026-05-25T00:31:55.339Z",22487,"Utility Bill","USSD"
"3320fd8f-7561-4a47-b64f-50a4c467766d","db1395a0-bcc7-4b49-89d9-8b8d84f68b72","2026-05-25T09:35:18.398Z",52617,"Airtime","Cards"
"a5cf66d5-5b82-45d1-8a1b-d6747cb0607e","e3e5876e-7404-424e-a6ff-82944e4ad691","2026-05-25T02:40:22.296Z",77421,"Airtime","Bank Transfer"
"8dab7529-56b0-4b37-90b5-e69c7e065721","4340f85f-68c1-4603-b7fe-208aa96ff600","2026-05-25T11:34:44.367Z",137083,"Utility Bill","Bank Transfer"
"24435e13-7da5-4529-b2eb-7f04462783c8","70506bf6-78d7-490b-8a3c-34a1ec5fe788","2026-05-25T00:48:33.654Z",111822,"Betting Wallet Top-up","USSD"
"1b4ec049-0288-4880-b3df-b6cf5172d68b","2a61bb5a-e47b-4b2b-aba2-74073401f1c4","2026-05-25T03:05:54.027Z",50765,"Airtime","USSD"
"e97da8ce-cb56-471e-b349-5f90a13b78a1","12eb75de-e457-4182-827d-f32a19ee21f3","2026-05-24T21:59:44.648Z",101432,"Airtime","Bank Transfer"
"91a42f22-5321-4f6e-bf80-d5e4357c0b91","832cb702-8a70-4718-af76-d4a90d26b549","2026-05-25T05:29:43.531Z",61705,"Airtime","USSD"
"c26f0c41-59d9-4583-8b7b-73a4687cfbba","5b59008b-0532-49f5-ae2f-ba2563b8d35e","2026-05-25T03:09:37.726Z",49554,"Betting Wallet Top-up","USSD"
"6c4e148f-e5ef-439d-8e88-2f7e31853b1d","e1089d9c-ef43-4964-a7be-6e24908e9407","2026-05-25T03:19:31.434Z",118086,"Utility Bill","Cards"
"281a1624-668f-48c9-8ae0-75156bd9a2c2","15618998-f7e7-4420-aa56-e32f24c8df1f","2026-05-24T14:53:03.297Z",1272,"Utility Bill","Bank Transfer"
"a3a83557-e3dc-41fd-b0e1-7d4930e488d9","a1f8f184-5874-456d-8a88-5a33ca0c1b7f","2026-05-25T10:03:17.025Z",133249,"Betting Wallet Top-up","Cards"
"1def35b9-0646-4294-98cb-706c83749258","2d561328-d252-47b7-b091-5e4dede3f8a2","2026-05-25T01:04:08.338Z",66221,"P2P Transfer","USSD"
"496e174b-ec29-4298-8de7-ef1048899468","202cbf2f-6ec0-4ea7-9ada-42b83d448692","2026-05-24T15:22:52.417Z",112354,"P2P Transfer","Bank Transfer"
"84c98dba-b010-4f76-a350-cbf0b98cf11d","1ce5a9b2-28c7-49c8-837d-dd42dcb3981f","2026-05-25T08:48:37.584Z",97298,"P2P Transfer","Bank Transfer"
"469b079e-ad97-4de5-9e67-c7639ba27d4b","15e2b213-2044-4798-bc3b-b1e66c2d7bf8","2026-05-24T17:24:38.538Z",97830,"Airtime","Bank Transfer"
"b0c7b26f-8a77-473c-bab8-2681088051d3","8e8f904f-e849-415c-bb18-063ae90540be","2026-05-25T11:35:22.488Z",32747,"P2P Transfer","Bank Transfer"
"44f31e0e-7ed3-4a3b-af4c-f2369c42d76e","c06ffbe1-3fcc-4e60-a215-865463d35c5e","2026-05-25T11:36:53.667Z",128478,"Utility Bill","Bank Transfer"
"8aeec77b-8492-4f7d-b695-a838f0bf6945","a64de0e1-7bac-4335-9432-5587a8f45d0c","2026-05-24T19:49:48.401Z",112241,"Utility Bill","USSD"
"21588d1a-94ac-48c9-9479-048c08db2168","acd3ce18-2095-492b-b3c7-1bd7f0f8471a","2026-05-25T03:21:59.161Z",101306,"Utility Bill","Cards"
"2463aabd-2a6f-4e37-896f-720ee94f15d5","d5b0c61d-0e3e-42a0-ac2a-bbed442df22a","2026-05-24T16:14:17.662Z",21069,"Betting Wallet Top-up","Cards"
"3ffcf5f7-831a-4feb-b594-b4b1c31095c2","9d4e53d7-0da8-4032-ba19-35d0f7585af9","2026-05-24T17:19:56.726Z",111057,"P2P Transfer","Bank Transfer"
"9ece813a-77b8-4cb2-adac-fbe48a99c5b4","db05ef62-106d-4a2a-91e1-1fd51a8b5700","2026-05-24T16:26:46.368Z",84045,"Betting Wallet Top-up","Cards"
"9feb49a5-d5a8-4079-a121-fa4c5f159238","01c328cc-1350-4320-86e1-590dbb1e550b","2026-05-25T02:31:33.283Z",23634,"Airtime","Bank Transfer"
"06997cb7-7902-4c54-b603-f1f6f86b27ad","4bcbb46b-7ed6-4033-9e8b-d4163034c727","2026-05-25T13:14:29.140Z",83959,"Utility Bill","Bank Transfer"
"ba88e105-ae19-41f6-9c3f-967858b09213","984132d4-1761-471a-a9d4-a6d20499a083","2026-05-25T06:49:17.008Z",116032,"Airtime","Cards"
"ab5ad2a7-c92e-4bd4-81f7-9267944591e1","e9c7a1fd-49b9-4fd7-a644-c29ae6d07807","2026-05-25T01:43:56.716Z",44592,"P2P Transfer","USSD"
"b8ff60ce-cce8-4cfd-855c-92743dfa3bf2","e997db4c-7cfd-45de-b67f-2b8119f18007","2026-05-25T05:08:18.097Z",91575,"P2P Transfer","USSD"
"d6ab27bc-7bb8-4277-bbf5-1e43cdfe038b","117ac178-2709-46dc-a633-7f51d591ad7e","2026-05-25T08:01:08.458Z",108998,"Airtime","Bank Transfer"
"34269b1d-f0f2-455f-8be8-7704bc52ac00","0ccbbdf4-e1b6-471d-9cc1-4643b1fc6e59","2026-05-25T00:10:04.300Z",75223,"P2P Transfer","Cards"
"304afed2-8e0f-481e-85af-0a1e06a8c67a","57f9d573-6e4b-414e-817b-6ff4c3714c05","2026-05-24T17:04:30.030Z",17381,"Betting Wallet Top-up","USSD"
"e77dc7e4-ccbe-4423-b5f2-2a3a4235868d","eeceb28e-0eec-4a1d-962e-73ea6f3c61c1","2026-05-25T01:22:22.084Z",117612,"Utility Bill","Bank Transfer"
"922b871b-8c05-4fd7-8f93-dc417f48adb2","e6bb487c-76ad-43a9-95c7-b35937634b31","2026-05-24T23:57:47.625Z",51510,"Utility Bill","Cards"
"d9054f7b-3f00-4d30-bb6a-458abe9528ac","f6915f37-f9e6-40ff-ab7a-223b4f8f20ea","2026-05-25T13:37:31.463Z",55486,"P2P Transfer","USSD"
"d891bf1d-18eb-4228-8370-f4d57d709103","a8fb1706-78a7-47ad-b498-1fbc913d1df2","2026-05-25T04:31:36.512Z",141084,"Betting Wallet Top-up","Bank Transfer"
"ff42561e-db8b-429a-83e2-71983b502eba","a453e83a-9afe-46ec-8668-a12d70854d39","2026-05-24T16:32:53.786Z",2340,"Betting Wallet Top-up","Bank Transfer"
"b10ef282-278b-4bd5-bfec-a45b0fc6f6f0","95288143-e195-442d-baa4-1e3a2cdd0988","2026-05-25T11:07:49.247Z",70888,"Utility Bill","USSD"
"b478c333-a6f0-4b02-9049-a54ed0c43355","32f0fc6f-0a15-4b56-9f22-8fda21dfc8c4","2026-05-25T09:24:44.784Z",80462,"P2P Transfer","Cards"
"45890a22-5786-4a31-a0b3-3b5da037278f","4383c448-e667-4a03-8fe4-98331382226e","2026-05-24T15:31:30.692Z",126836,"Betting Wallet Top-up","Cards"
"2057b133-04f0-4803-b1eb-e16c0b0f3c5d","7e7d7dea-c15e-4ec9-8de1-f1a6fa1409b7","2026-05-25T07:11:09.098Z",94071,"Betting Wallet Top-up","Bank Transfer"
"6a8d2302-c3ff-4be3-bcfd-dac960e065b9","47b5ee5d-ac59-4eaa-b489-1f61334970e3","2026-05-25T10:15:27.368Z",35556,"Utility Bill","USSD"
"0fa04be1-9e0b-4c5b-bd03-08f85e92b77b","9aebf403-d3c7-4015-b7ad-1aeb59919b6e","2026-05-24T19:33:21.863Z",50116,"Betting Wallet Top-up","Cards"
"33ab904f-be8d-4e82-8512-b1b1378b728b","2a1fb19e-c3c0-4dbc-95b3-5218469b999b","2026-05-24T17:16:59.681Z",29960,"Utility Bill","Bank Transfer"
"31029886-8557-448b-b295-2ee1f6f553ef","c231d0c2-45a0-4e94-8e72-ea4ee1d32a52","2026-05-25T06:23:20.611Z",131511,"P2P Transfer","USSD"
"8c4be6a1-0562-433d-a821-a866da74a9bd","0fd68b06-b389-4deb-8f06-70e0c87a7df5","2026-05-24T18:55:30.581Z",121161,"Betting Wallet Top-up","USSD"
"4003494f-7f91-4679-82bb-356349b4b75b","3f9b5c4c-8fd4-490f-9a34-793502e889a2","2026-05-25T10:13:38.433Z",74915,"Utility Bill","Bank Transfer"
"467517fb-fc0b-48cf-aae3-ef1e4a14f8e2","a0e1ff8d-afb3-46fb-9fc9-faf57278a0d7","2026-05-25T13:19:26.729Z",72055,"Utility Bill","Bank Transfer"
"eca6096d-77ef-4108-9131-e391fee2a124","1ffb52ac-818c-4639-8ff9-44ecc68b7de7","2026-05-25T03:51:57.905Z",26729,"Betting Wallet Top-up","Bank Transfer"
"2e9dd266-7052-4533-bf6d-e0d07d919349","cca3662e-1e7d-4988-8f04-782338e31eaf","2026-05-25T02:28:02.067Z",107977,"P2P Transfer","Bank Transfer"
"ac112e7d-5936-475f-87d7-3a1620ffd48d","54a4e464-f525-4281-aa75-b204a5b90538","2026-05-25T05:44:19.832Z",117164,"Airtime","USSD"
"87e3d51f-e4b6-4d19-a812-74963afd9508","8d1fbfbb-ef37-4b59-91dc-78707ee76d9e","2026-05-24T18:01:13.456Z",16252,"Utility Bill","Cards"
"34ee3c4f-2903-415e-b10b-867bb85cb167","28129a8b-ce9c-49ec-bd59-4ca4e35c0fa9","2026-05-24T22:24:59.674Z",128558,"Airtime","Cards"
"8ed2524b-1032-4929-a474-61bab18664b3","b0f26fa9-198f-4970-aab6-5694750dcf67","2026-05-25T02:39:23.357Z",55996,"Airtime","Cards"
"709f4b7b-0969-4f29-9dbd-341b7c34a4aa","41b21fd8-dfd4-4142-a2eb-c2fd19be7788","2026-05-24T15:03:46.190Z",121088,"Betting Wallet Top-up","Bank Transfer"
"2bdf1507-ec2a-4845-91cb-8ff1c72d0699","2895cad0-a59b-48ea-b6d7-d86ae83c75c5","2026-05-25T08:19:13.226Z",143822,"P2P Transfer","USSD"
"180db7f5-0cb1-4631-87de-28fd2e160b0d","6516a969-31c1-4fa7-9153-783ca7238731","2026-05-25T12:50:41.401Z",113663,"Utility Bill","Cards"
"400a1dcd-8990-4837-abd4-b36cbf9d1546","cac33ce9-c67a-4b7a-ac3e-0e094ab5cacc","2026-05-24T23:34:42.339Z",99718,"Utility Bill","Bank Transfer"
"a14994b4-0320-4cc5-be53-8727ab43e655","c10c52a8-ac0b-4fa5-863b-dd2b0c477abb","2026-05-24T19:42:07.856Z",127996,"P2P Transfer","USSD"
"13fdeac0-cf8a-4a65-b5ae-41c62df4a5dc","97eebf5c-5b6d-4871-8440-bfe2bb6248a4","2026-05-25T02:53:02.799Z",62772,"Betting Wallet Top-up","USSD"
"ed831ce6-92cb-40d5-8164-9763d8d4213f","d3961207-ae58-4847-b002-e12eb6e93140","2026-05-25T12:37:30.107Z",124519,"Betting Wallet Top-up","Cards"
"4ad2065e-1434-4212-9501-481cdc2ee8ec","45767bae-075b-4285-a763-6de96f4dc1da","2026-05-24T22:31:31.754Z",51831,"Betting Wallet Top-up","Cards"
"c5979353-9850-4f21-9934-7c7e88afccd5","2fae2aba-93c4-4486-a553-aa9e9a592251","2026-05-25T10:09:46.339Z",89224,"Airtime","Bank Transfer"
"d30cc77c-c3d9-48f7-8970-d071c415ff79","4de404a1-c449-451e-bd02-69ef63f0ad1a","2026-05-25T02:35:36.392Z",5966,"Betting Wallet Top-up","Bank Transfer"
"a97e1f52-1191-463a-8af1-ef6b4cec65fa","cc2835bb-948b-48e6-ba8a-82d765c8794c","2026-05-24T16:48:55.139Z",19477,"P2P Transfer","Bank Transfer"
"3aa73517-8cdc-4982-8f5e-e7b162e188a5","b6aa93b3-27a0-42a5-b561-40ae2323eacc","2026-05-25T03:10:08.833Z",96326,"P2P Transfer","Cards"
"60c72762-b06b-4285-be4d-09478948cb80","fe170664-e31a-451d-8142-52b4dc3b5f26","2026-05-25T00:23:27.890Z",120298,"Betting Wallet Top-up","USSD"
"72d96228-568b-4964-9097-d53d5e95182f","48d1470c-93b8-4858-afef-ed24994f8fcc","2026-05-24T16:07:32.957Z",51601,"P2P Transfer","Cards"
"dcff7710-e6a7-491b-81ca-be6963ad42e6","4aabd80f-4882-4275-8687-872a050dd3f5","2026-05-24T17:01:02.359Z",141629,"Airtime","Cards"
"a0cf9f74-70a8-4ff5-b549-33ea8c1c65c1","de40cf21-425a-4ede-a70c-8ff80a0ba7f1","2026-05-25T08:20:26.835Z",6983,"Airtime","Bank Transfer"
"cd904c6c-23e9-446b-955a-17c05111f9bd","5c9fc015-79cf-4b73-b1f3-bad278ae0a37","2026-05-24T16:30:27.774Z",137751,"Utility Bill","Bank Transfer"
"1d00277c-a820-4166-a7df-fffa86a4d7f2","82414d2e-beb8-4994-8e1a-1114ced9e0e4","2026-05-24T16:20:52.182Z",5517,"Utility Bill","Cards"
"ff0e8061-34d3-4f63-9ae8-063b15ed30f0","971ccd74-f1cf-449f-9e13-a56ffec7429c","2026-05-24T18:42:02.193Z",119057,"Utility Bill","USSD"
"3fb9a88f-5b83-424c-b090-718c4ded134e","29ab9840-969a-4d82-a210-657167a3e8a7","2026-05-25T08:56:59.554Z",78021,"Utility Bill","Cards"
"baa9b3ac-d60e-4b68-91dc-5a612fc15eb5","776b75e2-f251-43b5-a404-a1458b49020b","2026-05-25T00:25:04.523Z",51306,"Utility Bill","Cards"
"58b274f8-53e7-4e93-b311-a5e1a3276832","54d7e26d-72f4-4281-8d74-1bd170752a35","2026-05-25T07:47:50.892Z",15325,"Airtime","Cards"
"cea2f54c-c2d5-4f59-b168-46e81853fd06","21612404-bd08-44f8-8c36-fc56ed7e1338","2026-05-25T06:43:41.353Z",29136,"P2P Transfer","USSD"
"9c5b32a3-7305-4de4-9d5d-6bac9f8c27b4","4576acf9-7639-4d34-b089-51285ba2f74e","2026-05-25T05:15:27.630Z",80668,"P2P Transfer","Bank Transfer"
"784935bf-46e0-4bfb-a795-5d7165cc36af","9548e755-fe9a-4c65-933c-842407458257","2026-05-25T11:15:43.448Z",116202,"Airtime","USSD"
"cc364f87-35ae-411f-8d3a-00bc8fa1d2a5","c4625278-0b43-42c1-9a86-e3c8c3b57305","2026-05-25T09:42:34.281Z",108566,"Airtime","USSD"
"a1b3859b-74d6-472d-aef2-bc10e0e0348d","26d63c78-4fbc-45a5-a844-28271dd9e5d7","2026-05-24T16:44:27.389Z",59080,"Betting Wallet Top-up","Cards"
"6d8f4447-23b6-4cb7-ac87-a2f66cff3710","fad14782-dd56-40c0-80cd-7af118c1ab83","2026-05-25T02:02:33.706Z",113803,"Betting Wallet Top-up","USSD"
"45994436-c8b3-446e-818f-de87a7e88179","0f34619a-a567-4ea6-b081-bb8163e88bc0","2026-05-24T14:59:31.677Z",67254,"Betting Wallet Top-up","Cards"
"76282a9b-6d64-4121-9f55-93ced5a02e6d","cc5275de-293d-44d8-8945-5dec4698ff9c","2026-05-24T18:51:48.458Z",42933,"Utility Bill","USSD"
"0d9ba973-f968-4b62-8e2b-ef4e624678ee","8a92768c-c56a-42d3-8d77-1b71efaae842","2026-05-24T21:00:21.416Z",55558,"Airtime","USSD"
"bb707bd4-3230-4129-aed1-f96c7599fc31","888797f2-f4ab-468b-b0f4-ebdc476e4f20","2026-05-25T11:58:26.573Z",117967,"Utility Bill","Cards"
"5cd49874-8d9f-4588-934a-53c2e5ae2821","42fc405b-0d7d-4a69-8e28-5d2a90c896aa","2026-05-25T07:07:08.357Z",124892,"P2P Transfer","Bank Transfer"
"73df2e4a-9d7d-4c9b-b768-e2a4a9a131cf","f0eb0eb2-9b8e-48d2-92e9-ae3e797eaa02","2026-05-25T02:41:18.842Z",78282,"Betting Wallet Top-up","USSD"
"08bb3458-3ce6-4207-950f-7cc8ec8ef590","945ba9df-83ff-494c-b56b-1f229cd41102","2026-05-24T21:32:34.080Z",106578,"P2P Transfer","USSD"
"97640542-4756-49a5-8c9c-24a798c6676b","e29effb1-0524-462b-9259-577258c59d5f","2026-05-24T18:44:00.955Z",76182,"Utility Bill","USSD"
"e2203746-c47a-4186-95b2-6aadbdfdad81","b7937262-73c4-475c-9472-e0bbc69c398d","2026-05-24T22:17:30.989Z",86285,"P2P Transfer","USSD"
"b4c44cef-4acc-4bef-b7de-efe7077c30a0","c6a49b84-9dae-4348-ba55-358da5b8cb2e","2026-05-24T20:54:11.499Z",9208,"Utility Bill","Bank Transfer"
"c5852b24-d7ab-4bad-928a-ac696da340e9","88ff8c56-3547-4c5f-96c0-b12b427fb8d4","2026-05-25T05:27:47.228Z",53811,"Betting Wallet Top-up","Cards"
"32cafec6-3743-4f4e-9bc8-1f00e05a50fa","da43110a-6829-4d91-8803-d69b44a3d67d","2026-05-24T16:06:36.024Z",110309,"P2P Transfer","Cards"
"59f26704-5e01-4bed-b939-8e1901128a3e","8e2910c7-3056-4a9c-bed5-5b56a7adbf08","2026-05-24T15:37:49.322Z",5038,"Airtime","USSD"
"5210bce3-4e00-4afc-8bec-3262b8c38711","160c09bd-e107-4ee8-ace7-8868965a971c","2026-05-25T02:47:49.783Z",132144,"Utility Bill","Cards"
"778624d7-3810-423a-a319-c1ffcc56b5da","46ddec3d-8278-4a55-a07f-a606da40b0f0","2026-05-24T23:28:14.154Z",62830,"P2P Transfer","Bank Transfer"
"c7e10d67-da49-4811-aa72-1757096abbee","67d75629-5b6a-4c58-809e-ee75fd7bfdfb","2026-05-24T16:52:18.078Z",63893,"P2P Transfer","USSD"
"6bfcc571-09e3-4b03-b815-d98a14f4a81f","f5565fbc-ecf6-4d6c-a8e9-d99f23d62869","2026-05-24T22:42:02.678Z",131448,"Airtime","Bank Transfer"
"78a5eefb-8b7b-4c3c-9703-c0cb78499a93","d434d5a3-93c7-4626-b7dc-aa985462bf6f","2026-05-25T09:17:53.515Z",49100,"P2P Transfer","Bank Transfer"
"c36ae9d2-841a-48dd-b09b-55e78a1151ba","9afe4258-bb7c-4c7e-8089-7cecef8e5714","2026-05-24T19:57:28.777Z",37161,"Airtime","Bank Transfer"
"58f30e69-0e0c-44d4-a256-9b8c9335cbee","918dc738-9afc-4253-aab1-c6d96acd88e0","2026-05-24T23:26:32.022Z",63675,"P2P Transfer","Bank Transfer"
"fa63a8ea-c509-4e74-ad34-67bca1805280","b9ea864a-8436-42b2-b598-4adcfcc91e0a","2026-05-25T09:49:37.947Z",37064,"Utility Bill","USSD"
"4a2410ff-bb27-4d31-b00c-58c164cb7af3","a490a11a-ce0b-4f70-b2cc-aac89d0dbeec","2026-05-24T16:21:20.651Z",99249,"Betting Wallet Top-up","Bank Transfer"
"a73f715d-ec1b-4a83-b789-b2bd737349e0","9a0dd5b7-d51c-461c-baf3-f8f0ff64dbf1","2026-05-24T19:11:58.210Z",19543,"P2P Transfer","USSD"
"a0770133-9e76-4b0d-8404-af3546a56529","deb0ef85-37fe-465a-8dd9-389f853aefde","2026-05-24T19:43:37.435Z",96019,"Betting Wallet Top-up","USSD"
"bb5bcdac-12b6-4ae5-9b9d-01f1c302afb2","0b26eaa0-9a36-45f6-8778-3b85ee3b799a","2026-05-24T17:31:47.147Z",136982,"P2P Transfer","Cards"
"9f43633d-b36b-4bc9-8954-e387197ca0ca","424dc8e6-f7fb-4143-96d7-cf1d5ec9187b","2026-05-25T05:02:53.205Z",72249,"Airtime","Cards"
"5e59e842-b129-4d27-b291-eeb7346f39fa","1d7eac6d-b6bc-4396-811f-dce256970590","2026-05-24T23:24:41.246Z",69095,"Betting Wallet Top-up","Cards"
"966cdc93-28b7-49fd-ae93-659ab4f50c5e","b131ba3b-047c-4493-8267-53d2b15800b8","2026-05-25T01:53:18.040Z",74979,"Utility Bill","Cards"
"7be29424-de79-4d38-aeed-f8193e043896","72e3512c-112e-49ad-bb14-a3ba989b687e","2026-05-24T16:35:15.843Z",33885,"P2P Transfer","Bank Transfer"
"2757bc6d-942d-4f3d-b20d-c532e5c564dc","ba77e301-a86a-4235-9445-4cee45abf176","2026-05-24T22:20:59.173Z",120005,"P2P Transfer","Bank Transfer"
"b9c04a1e-f8a6-4534-a7cc-19ded6ab6ebb","77e858fd-434f-4d94-b5a7-e80319245ef5","2026-05-25T12:11:32.389Z",87276,"Utility Bill","Bank Transfer"
"506d9291-5de5-4a69-85d0-f87e4476904e","ae2f67b7-7bc4-4d1f-bb4b-582b0d191ef2","2026-05-25T12:52:00.058Z",142673,"Utility Bill","Cards"
"77bb4a11-217d-487e-8458-c3adf27eed0d","c50a4030-1e35-4ed3-a882-9c084f85e990","2026-05-24T19:20:09.884Z",100370,"Utility Bill","USSD"
"3d690042-2980-47c2-8bd6-f398443ab13e","c314b76b-388a-4eeb-bf39-2e7da518e290","2026-05-25T12:20:16.758Z",26250,"Utility Bill","Cards"
"9994b86f-7de3-41db-acde-52d7ebdde427","d025777b-e863-451b-b315-69cac2fdbb2a","2026-05-25T08:08:17.811Z",26249,"P2P Transfer","Cards"
"8ba48182-c0c8-4f26-9f3f-0ca832894462","a5cbb2c0-e091-4c40-af42-cadbc6e96f4f","2026-05-25T13:06:00.378Z",147605,"Betting Wallet Top-up","Bank Transfer"
"977c91c6-b8e7-4e8c-92a8-3f88779244a3","4d233b1a-9f2f-427a-9a59-77abc052969d","2026-05-25T13:50:37.236Z",29896,"Betting Wallet Top-up","Cards"
"66a1a411-939a-46b9-990c-c04dabd6476c","e4f93fd2-fbb4-44f4-aa1b-50589c0de1ce","2026-05-25T09:48:45.432Z",25947,"Utility Bill","Cards"
"4ee72e6c-2849-4ce7-84d5-4583c5da4877","0b295045-2832-4ff8-9190-39de8df9a581","2026-05-25T11:58:08.310Z",80684,"Betting Wallet Top-up","USSD"
"bcf85032-a19f-42dd-a421-31a56b114568","c74eff24-accd-4725-9381-4afa789bde1f","2026-05-24T17:45:07.744Z",65150,"P2P Transfer","USSD"
"0d4f9092-8076-44dd-873d-8c514f708a80","335c0517-9e6f-4386-8b73-33c643911f44","2026-05-25T10:38:53.359Z",28900,"P2P Transfer","Bank Transfer"
"1c14a131-b04c-490e-8ba5-792530990828","c4adb13a-513b-48a6-ad98-92183ef10d1a","2026-05-25T03:20:52.715Z",45241,"Betting Wallet Top-up","Cards"
"46d876e9-57e9-4d77-8447-d620a9dd4658","272c1c62-81ad-44d3-8a9b-4b57914b13e9","2026-05-24T17:49:08.211Z",120384,"Utility Bill","Cards"
"721618e0-10d7-4b90-99de-27d15c252d64","7571c2f5-74ce-4be3-ba01-315117f5a244","2026-05-24T17:22:13.335Z",94632,"Utility Bill","Bank Transfer"
"af23b3eb-6b07-4fce-b4c5-595bed8076ad","f7ca3d48-41f9-4aa8-8dd1-b799499598e8","2026-05-24T23:52:38.428Z",114196,"Betting Wallet Top-up","Bank Transfer"
"4f73f8b5-9d0e-435b-b897-00045b00ecf3","23c5727c-8f2f-4d8d-ae51-bd88faa0476e","2026-05-25T12:37:10.502Z",37377,"Airtime","USSD"
"20b85bd8-1ee9-4ae5-9a15-d32ed5f0a861","aef0f466-35d3-4190-a188-bb2bc86d658a","2026-05-24T17:30:55.238Z",92491,"Airtime","Bank Transfer"
"f69da7a0-d35d-43fa-884b-e665cefaf951","57f57dac-7310-4a1d-aabd-4ee69288b2ae","2026-05-25T00:05:36.680Z",69085,"P2P Transfer","USSD"
"1b1fc2d7-58a2-435b-8dca-460d1f9c3781","3dd90ab4-8790-4e7d-b856-fd1dbccbcdef","2026-05-25T02:34:28.217Z",67652,"Airtime","Cards"
"c0d540b7-2951-4821-ba7a-0b8f5b65e946","6f5e280e-9014-4b2f-b7a1-8832cf3cfb0f","2026-05-25T11:51:20.475Z",110746,"Airtime","USSD"
"e66eb724-7c9f-4d20-9e9b-3495252c1830","0993bac7-58db-44ce-b7cb-840de9ba7be1","2026-05-25T04:41:04.513Z",73814,"P2P Transfer","USSD"
"7fb96f56-166c-492b-8419-f30864939bed","ba7626d0-92b3-4faf-b5f1-6bced78e109a","2026-05-25T06:07:57.092Z",30617,"Utility Bill","USSD"
"92cdcec7-25a3-484a-90a4-a523b25972e5","3093144d-4e55-4f71-bb65-2113f8253733","2026-05-25T09:13:53.290Z",32075,"Airtime","Cards"
"b28a638e-4e1b-4de5-841a-efa6a64d9c7d","abdabf92-15dc-408b-b8c7-a92e16800ccf","2026-05-24T21:52:36.158Z",28005,"Utility Bill","Bank Transfer"
"9c501c1d-1fc8-4133-95a5-593dc83c8508","80d353d1-c944-45f7-878a-b0ce80358bac","2026-05-24T17:13:03.917Z",108498,"Airtime","Cards"
"cc1756a5-2ba3-4b86-a581-e18d4d87a343","b5fcedbe-f3b1-4a5a-9abe-8e556b96f008","2026-05-24T19:25:49.689Z",28444,"Betting Wallet Top-up","Cards"
"6fa8ae3a-6d93-413f-8da5-6036fb51e687","ae095e2d-e021-4acd-8f10-829b9a7b0d84","2026-05-25T00:50:14.594Z",48702,"Airtime","Cards"
"4dda99bd-528e-4d2c-8487-3697f7cc2f3d","c1e30ae0-f75c-4fa4-965b-ab38c8ae571d","2026-05-25T12:26:12.006Z",79310,"Betting Wallet Top-up","Cards"
"63567939-d1c0-4c72-b66c-ca2bb8f0944f","e76c2aea-21d3-4937-9f7b-7993f794dda5","2026-05-24T20:53:36.100Z",121245,"P2P Transfer","Cards"
"697dfceb-0dc0-4464-84aa-afd8b27c1a5d","8e7f00fd-975f-4b0f-b38c-e5d9c5b9bea9","2026-05-25T00:13:36.947Z",61608,"Utility Bill","Cards"
"4618fc5b-8711-4542-9b3a-6222240056da","eb2221b2-711b-4c6a-962e-44dd65a6f677","2026-05-25T03:46:47.777Z",106325,"Airtime","USSD"
"cb38ad82-0cbc-4573-b3b4-76b18397cb20","cb9d2591-97f3-4dd6-a0bf-a7d518deefa7","2026-05-24T22:39:17.769Z",617,"Airtime","Bank Transfer"
"709d201c-f1e7-4358-9184-25a185803860","4aa7dcfd-3984-4cbc-ba88-b224eb8c6edf","2026-05-24T16:13:37.855Z",99018,"P2P Transfer","Bank Transfer"
"55af91eb-0232-42b5-8cc6-7d5c05286422","197d578b-7087-430a-957a-029f6a3a4cad","2026-05-24T17:38:57.754Z",121768,"P2P Transfer","Bank Transfer"
"fe7e88a3-bed0-4ee5-bfca-abc1efca824a","0429191b-f5c7-4be5-8a41-a70820cefb11","2026-05-25T09:59:59.344Z",65549,"P2P Transfer","Cards"
"6537111c-a315-47cb-8724-2477f16d09dd","47f98da7-abc9-4f72-a3da-98c2ef7f7894","2026-05-24T17:54:20.118Z",76948,"Betting Wallet Top-up","Cards"
"2f567f02-0064-4fd5-afd0-73bd8f9c7c73","c6487ac2-c773-4d09-8e85-a093a047033a","2026-05-25T07:49:44.966Z",8937,"P2P Transfer","Bank Transfer"
"20ea6257-5d95-487f-ab94-9ff8052f14ce","7ba65290-fed8-42f6-8b67-acbf3c864e1a","2026-05-24T17:17:33.618Z",47410,"Utility Bill","Bank Transfer"
"4980e445-6f60-4b2a-a505-5b5ae2c3ac62","0b81b31a-b247-4438-8bae-3b4cc8b699a7","2026-05-25T09:10:32.697Z",148142,"Betting Wallet Top-up","USSD"
"2606039b-ee94-4a1b-a66b-ebf1175a091e","923dc52b-7bf1-4e69-9353-725360687152","2026-05-25T11:02:45.129Z",26440,"P2P Transfer","Bank Transfer"
"bd6aba70-123e-4724-a369-4bd4929ce40f","7d2cdbe9-040a-4429-9580-b76ed3b0d307","2026-05-25T01:44:09.277Z",50958,"P2P Transfer","Bank Transfer"
"c99db24b-c9ad-4bf4-965c-6067b683222d","80d2513a-92fa-498f-87d9-a864ead1bf18","2026-05-24T19:20:13.444Z",75439,"Utility Bill","USSD"
"77168e4d-dc10-44c0-ad4a-e9aaca930ba8","f604c777-cc19-4e49-8ad7-076617ae3d3a","2026-05-25T00:09:42.580Z",59956,"Airtime","USSD"
"bfe93d0c-5ab4-42d8-988a-b149ae9336bb","7e7a9a4f-8185-426b-abf3-ee236e09f706","2026-05-24T14:55:04.900Z",31102,"Utility Bill","Bank Transfer"
"0632a01d-ff80-4b3b-83eb-78a13e5c5541","389ac3ec-4bdb-4e8a-9177-bedcb7c21146","2026-05-25T00:19:12.716Z",19482,"Utility Bill","Cards"
"58e17401-5947-49e0-ae31-840e844b89bf","98ad61e8-edf9-4db9-8ac2-0442caa2c630","2026-05-25T09:03:41.619Z",55020,"P2P Transfer","Bank Transfer"
"3c6a0128-ca12-4198-afcc-172b93b3e45b","5369f561-997e-435c-bb13-e668889bf420","2026-05-25T05:15:09.110Z",144526,"Airtime","Cards"
"b910fff2-75a3-4d80-a9d9-fe454f8cd403","4fb5e247-12c0-4a03-900f-8fa010786055","2026-05-24T20:43:14.899Z",16129,"Utility Bill","Bank Transfer"
"b1a9016e-7590-4c5c-9253-0d5a70b0c8dd","afb61bb4-2379-4f79-b33c-3cb6f40bcdf7","2026-05-25T05:40:45.426Z",22247,"Airtime","USSD"
"5a1744a3-58cf-4a0b-8765-7a6a37d6703d","fe2917ab-012a-4026-a6e3-7afbdfe3fcc3","2026-05-24T20:15:28.655Z",13321,"Utility Bill","Cards"
"c3133b63-d8c9-4efc-ba29-3d17bace2053","8f7089a1-c5e5-4902-8876-453ee3936b1c","2026-05-25T07:26:06.451Z",130071,"Utility Bill","Cards"
"00ee3811-7a6e-4c2f-b3c7-9a12e2ffeccd","7737eb29-f287-4964-a20d-dfddd95fbe1a","2026-05-25T13:36:06.961Z",25448,"P2P Transfer","Bank Transfer"
"e2ba414f-882c-4ef0-ab7a-34456d1fa3f7","3fbe234b-2595-48dc-87f3-a8ec38fc925b","2026-05-24T17:56:03.511Z",101487,"Airtime","Bank Transfer"
"daf6eade-aa1e-4e2f-9690-8159ad0b1a51","e8055caf-e5b2-4ce2-b0c3-d9f590a4b8bb","2026-05-25T00:49:11.990Z",63925,"Airtime","Bank Transfer"
"81b5155b-0ed8-4c7e-8a89-fb8c723093ad","100eb2f5-16f8-4584-b002-3d529fad61d7","2026-05-24T20:01:29.435Z",69086,"P2P Transfer","USSD"
"d2e7a217-fc67-4f83-a4cb-24657c0942aa","d5395784-c741-4c3e-9b7a-ae22084814ca","2026-05-25T04:06:08.303Z",126439,"Utility Bill","USSD"
"6e470b26-5d5b-40bc-b0bc-dd65d8f539a7","3ab7cef4-13f5-445c-9ccb-7d003aa14d5d","2026-05-25T12:33:16.336Z",47238,"P2P Transfer","Bank Transfer"
"7262b4ee-70d7-42c1-b3d3-efbb489a2d77","6ddab348-760a-4cc1-b567-a3faccfa70aa","2026-05-25T09:18:59.993Z",39012,"Utility Bill","USSD"
"a2bc5a63-8ee8-49a4-aa45-a3d293d31578","aca3fe6c-cb91-4ba8-8cbe-ea3fdab016fc","2026-05-25T09:59:51.975Z",129695,"Betting Wallet Top-up","Cards"
"99357511-b00d-44af-a8dd-9ae23a5a6148","711dbc93-27d0-4aed-a3db-65a462a0f232","2026-05-25T07:34:20.971Z",95947,"Utility Bill","Cards"
"d140c1e8-cd2f-4cd8-a493-122708679073","a049e035-e45f-4893-94f3-e27b338133bf","2026-05-24T19:09:43.849Z",67343,"P2P Transfer","Cards"
"ccdc9a97-327b-4ab0-8e86-6c8a395d69f5","f37a543e-28a4-4bae-8121-17e0af324e48","2026-05-24T21:29:50.655Z",22868,"P2P Transfer","Bank Transfer"
"328a48f8-be70-4499-9043-805fa6767540","cf21aec7-4c76-4aaa-9219-cb1e5777b757","2026-05-25T01:04:52.446Z",116849,"Utility Bill","Bank Transfer"
"178103ed-998a-4a72-9b8a-dad814d1971e","36bc8049-a284-403f-85f9-0e6cf462bd42","2026-05-24T23:55:27.360Z",6536,"Airtime","USSD"
"2a19c4e1-8c48-49da-a48e-9a71793351ba","4f79383d-f194-4560-82f2-549cf67998ef","2026-05-25T08:03:11.182Z",58157,"Airtime","Bank Transfer"
"d52f359b-6a05-48e0-a43d-9fad80b5a949","5e8e4680-52cd-47ef-8ae4-aaa1d5873f17","2026-05-25T11:59:03.258Z",10906,"Betting Wallet Top-up","Bank Transfer"
"cc2376b6-2468-4530-872d-7049fb9477c4","86983bf1-ba5a-4786-9ac4-06da0f3af088","2026-05-24T23:11:53.820Z",108926,"P2P Transfer","USSD"
"f8ada62a-5d09-4d27-80ca-ca759157b4fd","f8b6ea7d-373b-45b7-be3b-5f780da58071","2026-05-24T15:58:11.679Z",137969,"Airtime","Bank Transfer"
"63f664b9-39d1-4c50-9dc1-6ff29f17c3d8","588d34bc-0128-441d-800b-159de60f1460","2026-05-24T18:06:37.969Z",34076,"Betting Wallet Top-up","Bank Transfer"
"5872c25a-2ddd-40ca-906a-4f022feedba7","45ccc18a-267e-4ba1-ab64-ca88c8d986bd","2026-05-24T23:48:25.533Z",72966,"Airtime","Bank Transfer"
"a8e73027-4e03-4a8f-92dd-7a89086d1368","7f3a4a45-0026-4254-a90c-f210e810cc88","2026-05-24T19:15:37.145Z",84204,"Betting Wallet Top-up","USSD"
"a0121935-6620-4234-bc91-028e597e272b","0d9a8420-db9b-45fa-9210-f5e285ee1ef2","2026-05-24T15:55:57.416Z",67483,"Betting Wallet Top-up","Bank Transfer"
"9805f1d0-9fb5-4249-aef3-fa19ac1cefcd","ea4c7ea9-42e8-470f-bc5e-b26e5047d1c1","2026-05-25T10:30:29.333Z",100986,"Betting Wallet Top-up","Bank Transfer"
"c635b909-18c3-43c8-83f0-f14de54cb8a8","35bd58f2-0e11-41b4-8232-11bf8cfe273d","2026-05-24T21:24:19.804Z",18565,"Utility Bill","Bank Transfer"
"9986e249-6327-417c-962e-685df42131e4","a279d65d-9f78-4818-ab84-adaf4dabfcac","2026-05-24T23:16:26.661Z",68047,"Betting Wallet Top-up","USSD"
"b681efa2-b391-44ca-9597-cafc4fa7c45d","bb26ebe1-cbf0-44ce-827c-ceb8ec2349fd","2026-05-24T16:03:19.217Z",119874,"Utility Bill","Bank Transfer"
"847fab07-5eca-48a9-99a5-d0e914aa8d54","5916b6df-97f9-4556-83f3-59c994225ee0","2026-05-24T17:25:27.469Z",8480,"Utility Bill","Bank Transfer"
"c7acdff0-496b-4455-afb2-3d3800ee21bd","6d8572f4-45df-4380-8370-10784b624a82","2026-05-25T11:32:59.331Z",111295,"Utility Bill","USSD"
"467a2e2a-1010-44c7-8701-a498d53581ce","d3881da1-e642-4335-b491-5ab8b8337be0","2026-05-24T15:42:19.194Z",79954,"Utility Bill","Cards"
"af65b451-9972-49f5-a137-269cc17e50b6","a1d6afc8-b4a4-4041-9729-8b98926f7423","2026-05-25T03:35:02.894Z",96829,"P2P Transfer","Bank Transfer"
"b12e154b-6f50-4a13-a261-278a6b82a320","b6c91c86-6255-4727-a9a6-3095cf54b1b1","2026-05-24T18:33:19.015Z",104619,"P2P Transfer","USSD"
"e5c89549-024f-4a8b-8cba-c74dbadb512c","9824357a-feaa-437e-9c4f-975cf0430574","2026-05-25T09:56:31.769Z",4238,"P2P Transfer","Cards"
"a09194ce-9ea3-456d-be60-f5823fca4139","0a31df87-dc52-4c47-b432-26bb450bfe52","2026-05-24T19:57:31.410Z",122292,"Utility Bill","Bank Transfer"
"63554d53-2b37-4e7f-95ac-c8ed77fa7486","fc506a81-23f1-4a90-ba38-d5022ecb41be","2026-05-24T22:44:02.331Z",132640,"Utility Bill","Bank Transfer"
"7d3cd433-0b7a-4461-b5a0-0babcd4fea6c","e4fb3acc-5943-4f4c-93ec-4e7570547ca7","2026-05-25T04:10:19.525Z",25935,"P2P Transfer","Cards"
"d9da71d6-d0cc-41c6-952a-5eaee73a7cf1","3e608523-3a79-453f-8361-e4740f6a964f","2026-05-25T09:28:27.543Z",59302,"Betting Wallet Top-up","Bank Transfer"
"fb5c96c8-473a-4e9d-a8a7-68e173476e1b","d6c70f1b-ecc1-427f-94c4-482c212e6454","2026-05-25T02:44:11.549Z",132911,"Airtime","Bank Transfer"
"272f1d1b-b32e-4e35-bc19-dc707a0cd8b8","7303a02f-53a9-4349-8157-b983b083d9bb","2026-05-24T22:55:59.755Z",52702,"P2P Transfer","USSD"
"ba69958e-fa9f-4a21-b11d-11f47f509ac0","2873c345-ac92-432d-b492-99636c6a6c2e","2026-05-25T01:42:10.382Z",3343,"Betting Wallet Top-up","Bank Transfer"
"1a52257a-7b44-46de-af74-15328fb9b544","77bbbe5c-5068-461f-aa76-5550dcac0ef7","2026-05-25T00:04:14.229Z",17852,"Utility Bill","Cards"
"5cbe3ca0-9adb-4d72-bf65-277e61457012","f2d6eea0-657b-49fe-bb6f-52c8ca3aa461","2026-05-25T11:54:07.730Z",149261,"Utility Bill","USSD"
"6216991f-594c-4276-87f5-8ce0b33a1f56","8286f582-50f4-44b9-b6c8-f1ea04fadfb6","2026-05-25T11:44:03.996Z",78193,"Utility Bill","Bank Transfer"
"e2e68e58-b6b2-4d74-accc-a25d668239e3","f2eadefb-a855-40b1-a9d2-a24416902d33","2026-05-25T08:53:36.947Z",135222,"Airtime","Bank Transfer"
"8bfc98bf-48ba-4e6c-8e44-3c6ecf1eceb8","11246ed1-98d2-4781-b942-da4892f88762","2026-05-25T01:03:44.753Z",16242,"P2P Transfer","Cards"
"efb25318-0adc-40a3-a727-4bdaabad068a","7aed3945-bb5f-4c97-a14a-cb6b0a51b6c0","2026-05-24T21:59:25.790Z",120938,"Airtime","Bank Transfer"
"e3cf5f29-c904-49d5-8cff-77c34acbdf9c","db021d5c-e25e-4629-b88b-2c0021fd7c4a","2026-05-25T04:26:25.181Z",66953,"Betting Wallet Top-up","Cards"
"7c013f4c-fcc4-4878-b604-32075ba0da77","bcf3b582-bdc8-4481-99e2-43d283db8993","2026-05-25T09:12:40.303Z",131220,"Airtime","Cards"
"9943efef-37cb-4005-b886-75fb21ff53a2","76b0b771-ccb6-45ce-8195-a8ccec749e57","2026-05-24T17:02:30.778Z",76335,"P2P Transfer","Bank Transfer"
"02161055-26a8-4103-996b-4868c5cfde79","03503bda-f98c-4c86-b006-089e9597b811","2026-05-24T22:33:03.470Z",45063,"Airtime","Cards"
"b98f09db-d4c0-448b-9a9f-433b8e914ee5","0460e764-8625-494a-92e1-4cbd9234e5f8","2026-05-24T16:51:15.483Z",141184,"Betting Wallet Top-up","USSD"
"96f82b9f-6e95-4772-ae35-eb4ef2303a6b","4e381bde-d98b-467e-a97f-f3a4b00b10c4","2026-05-25T12:37:26.898Z",86900,"P2P Transfer","USSD"
"36f7497e-9fd3-4f15-a4d6-f47477c03f63","a735025c-19b6-4cde-9159-fa92b4634f42","2026-05-24T17:16:04.356Z",42460,"Utility Bill","Bank Transfer"
"28204f4e-0e33-43c3-9c8f-deb4fe64a67b","8bdc4657-2805-4f3b-ab6d-371f631eed53","2026-05-25T03:55:41.296Z",84079,"P2P Transfer","Bank Transfer"
"9aaca027-ae6b-4059-9daa-fc438e1b47ad","ef6fae9f-230c-461a-932b-6ecd88cf87ed","2026-05-25T00:12:46.171Z",51828,"Utility Bill","USSD"
"392b510b-b7e0-41b8-a6d0-cb550784c259","b820ec2f-7e9a-4f5f-a5b2-f35d63905ff3","2026-05-25T14:34:52.326Z",38716,"P2P Transfer","Cards"
"82b97a02-d7d0-4701-8a2d-2aa94034fe8e","6df2e49e-a2df-4e32-b7cb-c0af91469f64","2026-05-25T04:16:14.233Z",63195,"Airtime","USSD"
"0911d689-4ac8-4797-b734-da691bfd5a2e","4d302542-88fa-4916-8fb7-bdbdfde91834","2026-05-24T17:16:14.853Z",118010,"Airtime","Cards"
"5fc94ff8-fe9b-4399-9eb5-986deed13a55","45ead7fe-24ae-4411-a7d9-96ef67228ae8","2026-05-25T04:00:03.530Z",28874,"Airtime","Cards"
"b9940d02-5083-4933-9514-17fcc38ac0c9","90d80048-fd3a-4733-8ae3-6a1802773238","2026-05-25T13:33:33.642Z",116496,"Utility Bill","Cards"
"f8e3b21f-53a5-430f-9257-5ebfb0182a9b","f7c8bf35-e049-4f87-9105-4bc400e52dcc","2026-05-24T15:26:39.715Z",26659,"Betting Wallet Top-up","Cards"
"2f95bdb5-6a74-4bdd-989c-0142c8ef0bf1","e2dc34bd-44c9-4727-920e-d1b98fce1af8","2026-05-25T00:31:25.018Z",91015,"Airtime","USSD"
"44ef78a2-5183-4c47-b3ef-c9919f20ac56","8d900066-2c66-4ef1-99a2-69f67ca1594e","2026-05-25T12:32:00.653Z",56011,"Utility Bill","Bank Transfer"
"b83c8006-ec93-43bb-8d28-cf372b62cd8c","7907e595-f588-47c8-b1fc-d9ebb3c84408","2026-05-24T17:43:33.291Z",96951,"Airtime","USSD"
"e389f577-e5e6-4490-a0fc-c443f9c52e13","ae5e0b4c-4663-4a3e-b436-9c117682457c","2026-05-24T17:56:58.045Z",84924,"Airtime","Bank Transfer"
"eeb6ac7c-fea1-43e6-87f7-9258e8cf0c4e","4c4bfb46-4a46-4f2f-a1ef-ea3db0a94a32","2026-05-24T16:45:29.730Z",107340,"Utility Bill","Bank Transfer"
"c9af2575-2769-481d-a6f6-3f670215e709","ae30bef0-5db3-4261-9d7e-f95881bb22f5","2026-05-25T11:21:30.511Z",10572,"Airtime","Bank Transfer"
"aa44d47d-f04a-426c-976f-5104c75557f2","b5a3ccc9-b8a3-41ca-9df4-e36ebb9c8704","2026-05-24T15:58:06.668Z",33828,"Utility Bill","USSD"
"28db0ee3-9921-491d-aaae-96f2103ac557","a6b0b01a-4a8d-402e-afa3-158193a93dfc","2026-05-24T18:02:35.071Z",41945,"Betting Wallet Top-up","Cards"
"612cd7db-5903-43bb-bf39-e8d13f159574","58b2ab02-11e9-4409-8d17-5379f2be4bc9","2026-05-25T09:36:01.371Z",83786,"Utility Bill","USSD"
"ce5d3a86-6065-4b88-bcac-bfe8f5d452c2","91dfe541-014a-457a-8913-d3cc84681608","2026-05-25T09:06:19.165Z",11421,"Utility Bill","USSD"
"4b8d7b74-c955-42a4-80f2-8ed514001fa3","207c4e67-4c65-4825-856a-c1abf30d86e9","2026-05-25T10:23:29.720Z",15800,"Airtime","Bank Transfer"
"1dbf5002-5162-4be1-8d90-14942d4cbc52","0a345cdb-f886-4f92-8533-c4ab4970e661","2026-05-25T06:04:47.340Z",74932,"Airtime","USSD"
"dd66a70c-6132-4ba4-a8f1-0ae8e8d8ec04","d425d89c-1a01-4955-9f63-9a94d7595f27","2026-05-25T09:56:01.248Z",101819,"Airtime","USSD"
"58f38456-5829-4b18-893e-671b1e069c9b","a56a6300-8ed3-474e-aabd-b346ed217085","2026-05-24T19:01:00.845Z",54189,"P2P Transfer","Cards"
"cbec9684-0887-4032-8197-c04616dc149e","bd1ec239-0c3d-46d9-8e97-4d8b757bf4f0","2026-05-24T22:29:34.749Z",145487,"Airtime","Cards"
"ecdb51bc-de05-4bfb-9d11-d6961533b5b2","b0b2f761-54f0-488d-83de-c6972869e1bf","2026-05-24T22:41:28.159Z",116392,"Betting Wallet Top-up","USSD"
"8f18f93e-6495-4bbd-aaae-d97e903624cf","9496156a-07b4-4f6d-b93e-9b1ee1717a4a","2026-05-25T13:38:00.231Z",56361,"P2P Transfer","Cards"
"d537c126-087c-4912-970b-dbb0ecfcd82e","f028ae68-e14c-470a-a5b3-6f99747b9bb0","2026-05-25T05:55:50.414Z",141979,"Betting Wallet Top-up","Cards"
"c953a96f-4326-439f-a77a-4f692fa8e531","872bbce5-8df6-4fb6-ae0d-76db0698f356","2026-05-25T06:00:08.472Z",86123,"Airtime","Bank Transfer"
"9625b235-5a41-4c10-88cd-f30a414466c7","0208de55-c023-4583-98bd-28bbe3d44a19","2026-05-25T06:19:41.113Z",75408,"Betting Wallet Top-up","Bank Transfer"
"63a9309b-fbaf-47d1-8413-7ea5e27b30ad","4b853e9a-a135-4dd0-8ff7-c8c35ba8a5b3","2026-05-24T19:12:07.180Z",31765,"Airtime","USSD"
"da7c1378-7adf-4815-a3d3-8d98e54681f4","9cf8033c-72d4-4e96-a9ba-05153afa1a3f","2026-05-25T07:12:10.098Z",60047,"Utility Bill","Bank Transfer"
"715f691e-0239-4114-b5aa-adcba6307167","d00eeb1c-9eb2-4bf4-8c46-50a5338313ee","2026-05-25T12:37:34.190Z",25357,"Airtime","Cards"
"ce270e29-9ac0-4868-9949-4e084cc00e45","5ed5a7c3-573e-4203-8c64-8f72e325b94d","2026-05-25T05:44:19.076Z",61464,"Utility Bill","Cards"
"4aa2f88a-28f4-48ea-af29-7ced789c7577","1281e471-6296-4174-9e7b-9125c42145b9","2026-05-25T02:03:01.822Z",103861,"Betting Wallet Top-up","USSD"
"af935120-bda8-4517-8b25-301a1d97cc0b","7b272181-7d76-4c7c-97b1-c957f32a7eeb","2026-05-25T09:01:22.625Z",4318,"P2P Transfer","USSD"
"3445f9c4-b89e-4e6a-90b3-7f3956ea7a4a","857f4f54-b533-4910-ab08-be97a7d7298c","2026-05-25T03:30:09.285Z",31730,"Utility Bill","Cards"
"20504e3a-dc75-454c-92b2-b6451162ae73","5f30eb6d-b97f-4ce4-8398-8d7bd0ac1517","2026-05-25T09:43:25.584Z",34656,"Airtime","Bank Transfer"
"bdb7e159-ac13-4e54-8d0d-241c8754b96e","9d9affb1-8d36-4fd3-a919-ddee39075714","2026-05-24T19:05:39.909Z",18074,"P2P Transfer","Bank Transfer"
"0abd6cfa-39d5-46d4-bfb7-b88d28e9d9ec","d8de631d-3e92-48e6-b1b8-ae1495c48d52","2026-05-24T17:10:11.206Z",17579,"Betting Wallet Top-up","USSD"
"c8f6d244-af4d-4477-903d-94c14dae5e70","5dbe9a31-6c17-4c84-9e23-be8d72b0ce7f","2026-05-24T15:47:03.477Z",120064,"Betting Wallet Top-up","Bank Transfer"
"13b84d7b-d032-4b8c-a7e7-1677ff9f8233","44453d2f-a376-4a54-9db9-39f9af33cef3","2026-05-25T07:30:56.625Z",62385,"Utility Bill","Bank Transfer"
"a7321607-b6a4-458d-b976-12bce97755eb","8f2b11f7-db33-47b6-ab45-3fefcfffb73d","2026-05-25T05:51:14.438Z",28064,"Betting Wallet Top-up","Bank Transfer"
"47db57e5-641b-4d6b-9bd0-25a93e6452aa","7f123265-395f-417e-84c2-1be6d169ac07","2026-05-25T13:08:09.701Z",134277,"Airtime","USSD"
"aeef838f-6412-4a5a-aa78-fc27a83ebcdd","9ed23780-5e30-4f0b-8083-95eb29000a83","2026-05-25T10:52:13.100Z",136382,"Betting Wallet Top-up","Bank Transfer"
"682ea601-a87d-4396-9fdc-79f9084435d5","cecb643c-f657-4da9-b88c-87e797a9ced9","2026-05-24T16:52:38.360Z",126279,"P2P Transfer","USSD"
"e416f055-e845-4877-a758-d6f563d24b33","c5252766-4f83-4102-af7c-e101ad6ee0c4","2026-05-25T01:25:58.568Z",115043,"Airtime","Bank Transfer"
"f34784dd-c787-44d7-b33e-f88d04c15456","3546fb79-723b-4082-8bb5-35102c250e4e","2026-05-25T13:26:44.520Z",126895,"Airtime","Cards"
"00981490-0e54-4943-8472-248bf68786bd","0146a882-77a3-4f04-b25d-fae25c7eae8d","2026-05-24T22:33:22.577Z",119701,"Utility Bill","Bank Transfer"
"76762ad6-e5e3-4e6c-9a1c-70343193951e","331452cb-f4bf-4e7f-a5ba-a31f86bdfff6","2026-05-24T15:24:05.500Z",58833,"Betting Wallet Top-up","Cards"
"86909f5b-011f-41a7-80ac-d7b6793b338f","0784adfb-c7bd-4cf1-bd3b-db39090be371","2026-05-25T06:36:31.395Z",42395,"Utility Bill","USSD"
"f01e277d-162e-4a35-8814-1c1296e77058","f757c1a2-2460-4994-96dc-d34aac6bdd5f","2026-05-24T16:37:30.959Z",69075,"Airtime","USSD"
"2c71b7d9-5277-46b6-a975-b76d41b21737","1173a8c7-0f3b-4a2d-8cce-7449fe91955a","2026-05-25T02:56:47.060Z",11933,"Betting Wallet Top-up","USSD"
"01d34466-0606-43a4-87e8-00492cd0450d","02f625bb-d0f3-4306-b095-9aa6fb9f2902","2026-05-25T06:47:02.109Z",149563,"Utility Bill","Bank Transfer"
"87849da9-73fc-4e76-9607-51040012f5ec","f8873b8a-07d7-4b3b-b41d-8baa3524330f","2026-05-24T15:00:07.304Z",32697,"Utility Bill","USSD"
"6be3b6fd-5f80-406d-a5cb-801715fed4b3","28862d87-0b5f-48c4-986e-bfc7188f8f4c","2026-05-24T17:34:35.621Z",93675,"Utility Bill","Bank Transfer"
"030fc177-6506-480b-87a3-ed8c094a050b","23ea39a2-3976-4d1e-b009-8d4cef406111","2026-05-24T17:12:38.136Z",145961,"Airtime","USSD"
"c701206b-8997-45b0-8d71-aa38aeb88c48","ddb22f25-fef0-467b-8db2-6ef3a2b17131","2026-05-25T10:31:58.624Z",16258,"Utility Bill","Bank Transfer"
"5a568ffd-0359-4480-ace7-3fa313bd2dbc","a972d7c8-ad0a-438e-8695-49a9a41673d5","2026-05-25T06:38:06.711Z",148714,"P2P Transfer","Bank Transfer"
"d559760c-bf70-41af-b6cd-0c3f1b2c87a3","67f52d62-8905-4012-a44f-c795f193b8c0","2026-05-25T14:03:53.848Z",26981,"Betting Wallet Top-up","Cards"
"2041b1fd-ca35-4d21-aa27-e7f543690396","4f81b09a-3d30-4dd6-a03a-eae30dbe789b","2026-05-24T19:51:08.512Z",5515,"Airtime","USSD"
"d9f487ee-490e-44ee-abb8-cc3e9c5427d8","333e2a5a-1285-4be2-8ff5-658d177a4849","2026-05-24T16:49:20.239Z",118157,"Betting Wallet Top-up","Bank Transfer"
"3695eedc-6173-40c1-9083-c7280bdfec5d","239078a7-3181-42ab-a16b-212d43e7f0fe","2026-05-24T22:47:49.134Z",104301,"Utility Bill","USSD"
"334e7d30-137d-4344-9594-d6ec5cf56fc8","64ae7207-a44a-462a-aae9-af07ca77dce3","2026-05-25T03:05:41.318Z",58102,"Betting Wallet Top-up","USSD"
"df259783-6afc-4dc5-9c9f-bd680a36df82","ec9956d5-e474-4a31-be59-5479377f594f","2026-05-25T04:11:07.155Z",7707,"P2P Transfer","Bank Transfer"
"88ddaa79-0e97-476b-a87e-183f6987486d","2ff40d10-c2e4-46ae-a7fa-9c35a342f17c","2026-05-24T23:30:07.434Z",36156,"Utility Bill","Bank Transfer"
"568ac260-715e-4753-92c5-baf1a1163b01","f297541e-255a-48fb-8aaf-40afecff79e9","2026-05-24T17:00:32.893Z",77582,"Airtime","USSD"
"30e42bc3-9762-4abf-8c83-bc5054cf8443","ef764a44-d0f2-44c4-b6bc-ed5f796973e2","2026-05-25T03:22:02.509Z",20384,"Utility Bill","Bank Transfer"
"ebdbadc8-c28f-41dd-9705-fd8771f3102e","f1614626-b30b-4ca2-9d41-ca91874b03e5","2026-05-24T21:40:01.458Z",92770,"P2P Transfer","USSD"
"6dd43f21-6820-4b5f-936d-e0d1975a135f","985bce58-0a83-49be-962a-099e0a1c3a9e","2026-05-24T22:47:00.508Z",67955,"Betting Wallet Top-up","Bank Transfer"
"fe7572a7-5960-41ad-a535-bbacc81b378f","6c9ef230-7dca-428e-a29b-d9894251b204","2026-05-24T20:25:07.168Z",135246,"Airtime","USSD"
"7d701423-1783-477e-b6ac-a84a7096d38e","a16e2d9c-0907-4f4a-b6d2-3ca910c2bb7a","2026-05-24T20:42:01.924Z",47037,"Betting Wallet Top-up","Cards"
"f46fe1c3-77ec-452c-90ec-133d980075ed","aa1ec52e-3396-42e5-9c68-7b202e9decf2","2026-05-25T09:44:23.719Z",43963,"Betting Wallet Top-up","Cards"
"ccc53191-5660-47b9-ac64-32bfaabeb6ab","56a1edce-4b65-4511-9131-2e7b08967a47","2026-05-25T01:29:19.792Z",48522,"Betting Wallet Top-up","Bank Transfer"
"4be3f2f3-59ef-4c7d-a38d-89438bca8ca8","d142fef7-3255-4b59-b594-7bfdd0c535ae","2026-05-24T18:38:39.230Z",17010,"P2P Transfer","USSD"
"0ae1373c-acaa-4fe2-b546-24e4105b0a30","439f4814-94fd-4a17-a4b7-2c5d158cad38","2026-05-25T01:06:04.001Z",19825,"Betting Wallet Top-up","Cards"
"52128ee0-d100-45a0-822c-2ba5af89946a","892003a5-fe68-4e3c-a91f-ee54ef6d9fe5","2026-05-24T21:37:59.370Z",8575,"P2P Transfer","Bank Transfer"
"e26440c6-2787-414d-a7a3-c024d290d404","b1c5c264-9f0b-4e9d-89ff-8b8791c76a12","2026-05-24T16:57:24.171Z",21509,"Airtime","USSD"
"c476f2fd-71a0-4e0e-ae99-7d2b01a691ab","1d7562a0-57e6-4f8c-aa1a-76778c102cfc","2026-05-24T15:13:28.590Z",39930,"Betting Wallet Top-up","USSD"
"f62234e0-cff7-4519-a73a-f9ce6c818110","a8b3cdbc-efe8-47af-9c0f-c027b793333b","2026-05-25T00:12:26.496Z",127997,"Airtime","Cards"
"513e080e-2664-4dca-906d-0ea014da4846","b0fae0da-cc2c-4433-b52f-919563accab9","2026-05-24T17:47:38.746Z",21500,"P2P Transfer","Bank Transfer"
"739f21e9-e46b-4232-b1f9-21d533d54118","bce47bab-d27d-4ee9-a6af-4d3163d37ffd","2026-05-24T16:35:15.812Z",134670,"P2P Transfer","Bank Transfer"
"9d3eab80-c7ea-4d5c-bc1a-8ca68b75bf9a","92c080ff-7152-4471-ab55-b5d2f2c5787d","2026-05-24T22:50:34.586Z",148747,"Utility Bill","USSD"
"73b9a41c-dade-4c32-91ed-a119d0c7a0c4","0e90968d-3adc-443f-9c86-914eca02c40f","2026-05-24T18:47:21.335Z",113419,"P2P Transfer","Bank Transfer"
"9e4d8d92-4492-4d62-a757-bf0e130433e3","f0d6d0fb-9867-4c77-b56f-64d7b2e6280c","2026-05-25T12:44:29.043Z",139051,"P2P Transfer","USSD"
"a8ae20cf-14fd-4393-89f2-f0312bdddbdd","8b2da01c-f9d2-42b8-b4b4-c16ebb28c7bd","2026-05-24T21:45:12.583Z",27094,"Airtime","Cards"
"6d36f2cf-4fa2-4f8b-a903-8cc0b25e317a","8bd4be63-edb4-4f5a-b838-b7c75723bd74","2026-05-24T23:28:24.142Z",116204,"Betting Wallet Top-up","Bank Transfer"
"4f2d0fb3-0fb4-4f26-99c6-1562ad2f7da6","cd1dce53-6330-4b28-af5a-bdeb430685d9","2026-05-25T01:13:57.691Z",45840,"Airtime","Bank Transfer"
"be46b2bb-a2b1-4168-a88f-64f4f60d4b17","50d33365-dc63-4a79-af3f-46d40d2ade59","2026-05-25T05:26:32.367Z",143570,"Airtime","Cards"
"024836cf-c93f-4bf6-ad0f-1dfb178a1b76","79286863-ae56-4de5-b9b1-08caf16ba7d6","2026-05-24T15:49:31.525Z",130372,"Betting Wallet Top-up","Bank Transfer"
"db3e3401-ea32-4509-8cf2-7b861f56f4ff","5bb353c3-bd74-4d8a-9481-1d2d18fe1cb1","2026-05-25T11:10:32.474Z",16031,"Airtime","Cards"
"699d85fd-8c16-4d98-99aa-486f8c4addac","27c2d431-9070-48f0-acea-3678cc41ca15","2026-05-24T23:31:18.332Z",56862,"Betting Wallet Top-up","USSD"
"432fcd89-73fc-4f8a-b4ea-dc0ac2f6ca18","3a268ac5-ab87-4246-a391-680d95245af2","2026-05-25T06:55:50.633Z",139765,"Airtime","USSD"
"e4f31627-b682-4290-b419-421456023f67","882990a4-9df5-4abe-a032-ee36913fba59","2026-05-25T01:29:55.355Z",7629,"P2P Transfer","Cards"
"eaf0381f-61e7-4d8d-aee9-5ce7c1368ffc","af5240e5-6439-42c4-ac09-f05c0e8380d1","2026-05-25T09:28:38.715Z",48414,"Airtime","Bank Transfer"
"98b00ce2-07c8-4448-b454-bf0419d876ef","b822fe93-b9cd-4b92-ae38-30095433af61","2026-05-25T02:37:40.204Z",122677,"Betting Wallet Top-up","Bank Transfer"
"6808884e-1377-4e93-acbf-badcaf8ff5f2","e1e07d94-0d4d-41f1-ae54-bfcfb488a49a","2026-05-24T17:43:18.008Z",101305,"Airtime","Bank Transfer"
"9fcb373e-769e-47e8-aec0-a00dfd673431","54b6f2ef-81cf-42f0-ab87-fa81feaca0e9","2026-05-24T16:58:32.011Z",1879,"Betting Wallet Top-up","USSD"
"63235e4d-979a-4081-ba36-6b24e352ed6e","ef0e1f8a-51a8-4b0e-ada9-0b329208c260","2026-05-24T21:11:52.241Z",126293,"Utility Bill","Cards"
"e7e60f7d-26d1-4842-a028-0aa4eeef8d73","195617f7-3a55-4291-a286-b651c4fee3d7","2026-05-24T19:22:52.509Z",102381,"Airtime","Cards"
"f4a24a7b-d3e5-4c23-9c9f-b6825986262a","40211e32-d47b-4626-8feb-8e6e57c8c25c","2026-05-24T17:08:27.836Z",13269,"Betting Wallet Top-up","Cards"
"5324dccd-eee6-4f1d-bfba-4f06d97f1023","69bf2786-0a80-464c-8056-52b04afeb979","2026-05-25T06:31:21.781Z",36891,"P2P Transfer","USSD"
"6ecafdb9-f7b7-4473-892f-812d865e6995","d104572b-754f-4d89-aaa1-be5e51f06a56","2026-05-24T15:22:35.661Z",34439,"Utility Bill","Cards"
"3ffd9707-3b1d-43ae-8e11-c3ba93ff92e9","e663ae54-4fd9-4f18-9f51-4f18275866d7","2026-05-24T21:42:52.375Z",100187,"Utility Bill","Cards"
"85cd08c0-a2ea-4101-bed0-7a9e03a72303","25ce14a2-9c4f-4d80-a778-a92479513095","2026-05-24T18:10:35.475Z",30328,"Airtime","Cards"
"bc903760-7995-4ac2-8747-8d9768aafa7f","57c2e162-1ff0-4aed-86ec-05b98266d03d","2026-05-25T05:58:33.785Z",75233,"P2P Transfer","Bank Transfer"
"1b294597-1c0a-4e54-82b1-b7ed0a34221a","da7146cb-f2d7-4dbb-8b56-103aeaf45dd0","2026-05-25T10:35:59.835Z",130229,"Betting Wallet Top-up","Cards"
"7a2de827-5006-4c95-a0ab-f8d92f024151","d6a3be16-4a85-4a44-95b5-2c2a235234b9","2026-05-24T23:34:26.313Z",102226,"P2P Transfer","Cards"
"b17b15ea-e54c-4da8-9b21-23586cb8b6d6","67ee72a3-4b33-4a0d-8339-81abac710f42","2026-05-24T16:17:30.289Z",86344,"Airtime","Bank Transfer"
"e993f821-29d8-4a2c-800b-f220fd67a98e","b9db647a-a335-410a-8bb4-99449076dbb4","2026-05-24T21:42:04.383Z",24021,"Utility Bill","Bank Transfer"
"89fcc400-d5bb-4a0b-bfe0-628f2e0e015a","c0aa35e9-8c94-4a65-9069-41dc0e06e616","2026-05-25T05:32:51.169Z",72360,"P2P Transfer","Bank Transfer"
"612a996b-d379-4a2f-a4e8-35792851a24c","d2fbd793-975a-486f-9c11-56adeb9637f9","2026-05-25T12:31:13.713Z",137334,"Betting Wallet Top-up","Cards"
"8edc4253-679d-46e1-86de-92dbf98932ad","e8de40f5-976d-4320-a75c-3410f1db9253","2026-05-25T06:16:06.392Z",143225,"P2P Transfer","Bank Transfer"
"c310127a-7840-4e4e-afc1-d994f996a773","ca175346-5f17-430c-a5bd-81dceacac92b","2026-05-25T01:18:09.399Z",43489,"Betting Wallet Top-up","Cards"
"12012f71-4265-4090-831e-b7610c4b8dc9","cb3cbd5f-bc12-422f-93e6-c5af48b0d4d2","2026-05-24T21:53:12.862Z",17243,"P2P Transfer","USSD"
"7fba3245-659e-42cd-bd36-7802ceb39a2d","6478b471-3ff3-4533-a182-8ea5dd2d5a49","2026-05-24T14:58:24.457Z",65014,"Airtime","Bank Transfer"
"b4e9e90d-8f4f-4307-956f-c4ccc8fcd001","b400e074-4689-4759-9eac-fc7fa966338b","2026-05-24T23:19:55.467Z",3777,"Betting Wallet Top-up","Bank Transfer"
"fb84ee3c-d45d-4dcd-9c63-ab4990bdbb69","3e03563a-81c1-4bed-b8ff-1230a8ea4637","2026-05-25T01:44:33.341Z",138781,"Utility Bill","Cards"
"29db13a9-f4f5-45a1-8ad3-ebe61ff691d1","08840b9f-5cbb-40a3-8ecd-044780284d22","2026-05-24T18:58:45.118Z",71766,"Betting Wallet Top-up","Cards"
"998e19a3-02ae-45f4-be3a-db2afa4a9975","fab81c2d-a4b1-484b-bc28-70d36eb64bfd","2026-05-25T01:38:50.541Z",91575,"P2P Transfer","Cards"
"6174a679-9290-41d7-bc16-14b0f097c725","b58521f6-9c4b-40a4-b65b-c7034d4b8df6","2026-05-25T08:57:31.256Z",53532,"Airtime","Bank Transfer"
"58f9b2a3-0df4-4f89-81c9-414510781d97","9fc41b6e-9efb-43b0-8112-394c64cc6583","2026-05-24T17:29:54.836Z",89339,"Airtime","Cards"
"9cc16dbd-3ee7-48ba-9a51-6ce4b7fa9cc6","9a195f44-2160-48c0-9e7b-6dec10ec88c3","2026-05-25T14:40:56.838Z",56904,"Utility Bill","USSD"
"41073ee7-bbf3-41f4-8e3a-d40a10178954","f5aaac52-6c41-4ae1-920b-4d7a383b1cfc","2026-05-24T21:39:28.964Z",140987,"Betting Wallet Top-up","Bank Transfer"
"896175f0-6525-4af8-ba1c-bbfe498f08a5","c9140b9d-303e-4888-b807-1eb9ff6692c3","2026-05-24T14:43:57.284Z",37420,"Betting Wallet Top-up","Bank Transfer"
"dcac05a8-7f90-4a0f-8623-34190302bb7e","8f7fe699-2e79-4c59-b1ae-f79c436d67c0","2026-05-24T16:00:49.191Z",92990,"Utility Bill","Bank Transfer"
"ecfa5415-fe8b-4305-b29a-6827c2dd8658","f5450007-d845-4cda-ba5f-4764bd63748b","2026-05-25T06:22:45.325Z",110418,"Airtime","USSD"
"e25b3330-7f3d-4045-95f6-8749722648c4","7fcccb3f-d581-48af-8540-d257e8e5b760","2026-05-25T13:07:38.238Z",60008,"P2P Transfer","USSD"
"b6716cc8-b629-4931-85dc-3ea0edba85df","2c8aea4e-6e00-4cd2-95a8-5f8038abf8ce","2026-05-24T18:52:46.003Z",44528,"P2P Transfer","Cards"
"06c87603-10ad-4c78-a048-db12b9cd276c","6800826f-6280-472d-8181-99772e7e9ab1","2026-05-25T02:21:10.328Z",93464,"Utility Bill","USSD"
"c514bb23-7525-4846-82fd-85feae8be094","9f7c5c5f-e832-4e55-ab85-10c373f2a1d4","2026-05-25T01:25:01.177Z",69223,"Airtime","Cards"
"d9539098-81b8-44f0-8e89-3329f3b4fe69","7800c581-5010-45cb-b556-51ef71840b8b","2026-05-25T00:31:18.792Z",94243,"P2P Transfer","USSD"
"2399edbd-eb5c-4192-97c4-c954a94c6ab3","b44c2132-e7ad-45bd-b286-4e40e3aad373","2026-05-25T10:08:00.597Z",53173,"Airtime","Bank Transfer"
"b4b726e1-6054-4a78-9bb5-8a2d48acf589","cfab9861-0095-48d1-9147-ba400a58bf77","2026-05-25T12:45:28.844Z",109861,"P2P Transfer","USSD"
"e71079e8-a124-4eef-84da-2f16c8701549","96355ab8-e7e1-455e-9a6a-a58b5eb8f506","2026-05-24T20:47:37.474Z",112189,"Airtime","Bank Transfer"
"5e203978-8f35-4b6d-a98d-c25c995c844c","b7b3a1ca-e9f4-4d74-8cb2-69fcc5f7b8ec","2026-05-24T16:31:09.736Z",31898,"Airtime","Bank Transfer"
"34034ceb-0581-4fea-8df6-27ebb38033d1","675a9529-6d66-4981-98b5-02a1dc858e0c","2026-05-25T03:09:47.631Z",56322,"P2P Transfer","Bank Transfer"
"e56bbb2e-f0c9-454d-ab58-3c78fa61a0c3","ca26f8af-b9b1-49fb-ad4e-8e53dbc13dd5","2026-05-25T09:51:08.716Z",141857,"Betting Wallet Top-up","Bank Transfer"
"e05af88a-3790-41ea-9e63-15dd11d54fb2","7ff27217-4302-447e-bce5-954419d3d7f3","2026-05-25T01:11:16.941Z",60941,"Betting Wallet Top-up","USSD"
"dbaa1c37-e526-40ce-b644-1cdcfbc24d52","ddcdcdde-2e01-41d1-a609-f6b08fbcc663","2026-05-24T18:23:11.734Z",110808,"Utility Bill","USSD"
"f71ec0d1-1f76-4380-b1d5-048662a6c280","c289b2cd-aa81-49fe-a4e9-dd9115ed57b1","2026-05-25T10:25:25.196Z",69799,"P2P Transfer","Bank Transfer"
"7d6cc07b-00cd-42cf-8085-9b37205e940a","795726c2-1f8f-4e41-9ee7-3795bcc15d76","2026-05-25T02:12:45.176Z",49562,"Airtime","Bank Transfer"
"f8f2d1ec-8471-4818-a788-127cbe66595d","375521e5-73ab-4fac-8966-e066be6fbe84","2026-05-25T06:54:39.042Z",28059,"Utility Bill","USSD"
"b6e7fc74-7d5e-4124-8c7d-ac834365a552","aac7173e-d0ec-482a-818f-ccd8633359fe","2026-05-25T07:37:10.368Z",34974,"Utility Bill","Bank Transfer"
"8b754903-d872-4485-a15e-15568a7e3cd3","c7b28154-2fb6-4811-bd76-5e9c91281646","2026-05-25T12:16:11.296Z",112147,"P2P Transfer","Cards"
"df208554-f63b-4023-9265-d86389ba25bc","3c12621c-7a46-4246-8f43-55c594125692","2026-05-24T22:21:51.572Z",12410,"P2P Transfer","Cards"
"66da6523-88d0-49e3-adff-93407eb980c4","b56132d2-dcba-41b5-90fc-2abfc3fde15d","2026-05-24T15:01:07.221Z",139437,"Betting Wallet Top-up","Cards"
"677bfc48-b6e9-4e22-9938-d22c4e4c6f1c","d4da99f7-4c73-4dfa-b7e7-43fd952c6413","2026-05-25T08:40:25.391Z",139275,"Utility Bill","USSD"
"b76c0352-03d9-489e-b86a-eb24e9faea28","7f2880dd-ef77-478f-945f-df8a1f66d410","2026-05-25T14:02:47.019Z",51806,"P2P Transfer","Bank Transfer"
"5e5b203f-9a3a-4ecd-b4e7-ea8d91967e15","441c7301-d160-402d-a6c3-925394401284","2026-05-25T11:47:27.597Z",50215,"Airtime","Cards"
"6012cbea-2f69-4e57-8950-ab913d273efd","54b16ed6-f550-4c94-b2d4-8cd6bf86c67d","2026-05-25T07:22:57.313Z",33254,"Utility Bill","Cards"
"402ed888-6248-4942-8f93-5fbef0c21d08","50e2e2dd-b44e-428e-adb0-74237b6f3087","2026-05-25T05:00:53.207Z",122378,"Betting Wallet Top-up","Bank Transfer"
"def9c67e-369a-4a51-9d9d-d10be622c48f","113baa9e-f475-4d54-8969-6a3a4c6faa1c","2026-05-25T07:35:51.964Z",101473,"Airtime","Cards"
"8954189a-8b9d-4973-8538-5b07edd1a4d5","a6405b8d-7ded-4fc7-a919-96e7acedd422","2026-05-25T06:36:43.510Z",103778,"Utility Bill","USSD"
"7b116eac-f9a6-4761-9856-2cb41c913220","b861f600-b458-4a23-83d6-dbd7669b89e4","2026-05-25T10:58:36.133Z",74369,"Betting Wallet Top-up","USSD"
"c7901018-de4f-433c-ac1c-e16f2970b2ed","aa0355aa-55f6-4a1b-9564-1df8d2de25be","2026-05-25T11:42:39.066Z",31665,"Airtime","USSD"
"d52e3374-993e-4bd7-b27d-697769b00af6","5cef60ba-2741-4511-a418-c45b8b673962","2026-05-25T02:52:51.374Z",141621,"P2P Transfer","Bank Transfer"
"1a15b6d2-a089-4858-afec-42405c68dd9b","a1785803-e0a4-4c75-9cf4-3d652d660e4a","2026-05-25T11:46:37.722Z",4804,"Betting Wallet Top-up","USSD"
"594aa747-f5b9-485d-8d01-df9966fdc1d3","eb62e096-b115-4efe-a2a0-61125858103d","2026-05-25T09:10:21.633Z",115555,"Betting Wallet Top-up","USSD"
"83a55d34-aae8-42ac-8ffb-a6c9da252de2","7650728e-1503-4734-8a06-e9f9e81a9b38","2026-05-25T08:29:37.417Z",48752,"P2P Transfer","Bank Transfer"
"75437a3a-b73e-4186-b69f-77a62e350dab","0436b4e9-4ea7-4b0d-98b6-f28586281c74","2026-05-25T05:40:16.938Z",123756,"Airtime","Bank Transfer"
"ed2aaeae-0461-41b0-8ab2-a6da132ecc86","6139bd4e-5a0a-4f8b-bae0-bb886152abf8","2026-05-25T10:51:57.107Z",116481,"P2P Transfer","USSD"
"ea090830-cc49-416d-a41b-3b0d0b9b2fd7","c0359e87-1e6a-48a1-b4d4-8f5237f3fc89","2026-05-24T19:38:41.384Z",137323,"Betting Wallet Top-up","Bank Transfer"
"0144564f-fcad-4be2-8950-f3b3215f6f3d","74ec7917-2d1e-47d9-b2e2-652e1582f197","2026-05-25T01:14:02.358Z",50451,"P2P Transfer","Cards"
"e35f0765-0080-4349-838f-b44cbe9d9de1","a17d61b1-d565-42e0-8cd8-9b9e4ebe566c","2026-05-25T04:56:55.460Z",109324,"Airtime","Bank Transfer"
"514a84ed-d600-4c37-b0a2-34a2dd6e3c80","887827ff-6e5c-4660-8ef5-623389bfcd17","2026-05-24T21:42:06.057Z",80624,"Airtime","Bank Transfer"
"0591f236-520c-4ed3-8d59-9ad004975d33","afe3fb6e-17bc-41b8-b37b-96008ad4619d","2026-05-25T01:15:41.806Z",113788,"Airtime","Cards"
"c561fe7d-2074-49bc-b47b-d5e06b0cd088","1f2b4a72-dce3-45e9-9c89-dc6cec0ef988","2026-05-24T22:03:02.448Z",21882,"Betting Wallet Top-up","USSD"
"9a513357-5884-4c14-ada6-72e2d097f5e1","15af6123-1ec9-4165-8f15-c779276e5316","2026-05-25T05:29:40.802Z",77038,"Betting Wallet Top-up","USSD"
"759b383e-962f-4949-9fb1-fb855643f2a2","f515daa3-2106-4d06-82fe-06caf6f1393c","2026-05-24T23:01:48.381Z",98807,"Airtime","Bank Transfer"
"c157facf-921c-4acc-ad84-c9bdc7b90ac6","519af13d-6705-4694-92f5-47ab6fc8870f","2026-05-25T07:19:15.792Z",123775,"Utility Bill","Bank Transfer"
"de660517-464a-43fb-85c4-ca4cacf12299","31827ee1-63dc-45de-99d9-79fb34dc10e3","2026-05-25T01:24:27.072Z",96498,"Airtime","Cards"
"92c2361d-19be-49c6-aea5-1c3c6cb457aa","81083654-9458-40ad-bf71-6a6ec607cef1","2026-05-25T09:47:13.632Z",48232,"Utility Bill","Cards"
"2cb8b631-d87f-4ea4-b457-ff219ee25813","b569b47f-357b-40e9-8b42-0bae59ed1cf4","2026-05-24T18:57:39.445Z",82100,"Utility Bill","USSD"
"8aa71162-dc70-404f-bcd8-27f0ce13f601","6c27b124-fdcb-48b2-a35b-bdee4c90a362","2026-05-25T09:18:37.312Z",15506,"Utility Bill","Bank Transfer"
"0527573c-d28f-4f27-a2bc-fb903f461286","14650fa6-9443-48e2-ba2d-1eb1445918dd","2026-05-25T09:49:14.338Z",3917,"Betting Wallet Top-up","Cards"
"2f61921b-ab17-4f24-b13e-d378daae3dd3","acf44594-4a4e-44c8-b99d-61dcf6b7b39d","2026-05-24T19:42:07.737Z",27510,"Airtime","Bank Transfer"
"c085942f-4792-4e38-a7fa-0d15b103bd52","b9e39d62-e36e-48b1-84ea-17c66942d22d","2026-05-25T14:06:48.049Z",123608,"P2P Transfer","USSD"
"87d569a8-efc6-4f8c-85e6-38f1039ca59e","8c0c3ea8-24ea-4829-a153-17827c8bf685","2026-05-24T17:51:15.397Z",70610,"Utility Bill","Bank Transfer"
"d00d14b2-7258-45a7-9ee8-c958d303cef3","5b83d14b-b9b5-4589-a19e-1aed6a997977","2026-05-25T08:46:35.154Z",32639,"P2P Transfer","Cards"
"2fdc01bb-879b-4503-998e-3ff64c6d47ee","0e5a6438-c902-46ec-b52a-b1ea1e3b2979","2026-05-24T16:57:06.127Z",28090,"Airtime","USSD"
"64ca8869-1c78-41aa-b0c8-c29f4784fc94","98b4510f-375c-467c-bdcc-e00749f53a62","2026-05-25T11:58:34.208Z",111083,"P2P Transfer","Cards"
"f82a3281-bf51-43e9-b0d1-3f19a232689a","cf0f4c19-5fc0-451a-bfbd-0be9281ed384","2026-05-25T13:19:12.722Z",47666,"Betting Wallet Top-up","USSD"
"f9e64c76-2573-46b2-909e-dbd04a6319bb","19fcbeb8-f645-413c-bd47-2f43e55cf38d","2026-05-24T19:27:54.103Z",128529,"Betting Wallet Top-up","Bank Transfer"
"092da32b-3c46-4df1-a5cf-b57760c39b68","ebd1d769-8ba3-40b2-8e4e-7db283708ee4","2026-05-25T05:32:36.112Z",26594,"Betting Wallet Top-up","USSD"
"53d0ba6f-1714-4410-aff3-8ace427a265e","e72c0563-1876-4810-937c-680b8a067ab8","2026-05-25T10:12:37.111Z",115843,"Airtime","USSD"
"14139069-0a27-4b14-8b56-ce9bf025d143","62aa9a77-a7d4-44cd-9768-934aaa66ad21","2026-05-24T23:24:32.554Z",139456,"Airtime","Cards"
"f0045568-b704-4d12-a7dd-ef1f86b307b8","7c0dd2f6-a8f8-4164-a0bf-e60f8ea7df64","2026-05-25T10:07:15.107Z",125107,"Airtime","Bank Transfer"
"89e0da30-d4b5-42e9-a2cf-bc046e109bdf","ed114881-db68-412f-a69c-2088d9d7e622","2026-05-24T18:38:38.108Z",88161,"Betting Wallet Top-up","Cards"
"8ad0a1be-7f27-45bc-b86b-193a98b11fab","70ffd257-6f1a-4649-b2ff-10a46cc79ac0","2026-05-25T00:52:13.732Z",47500,"P2P Transfer","Bank Transfer"
"4d76db69-78c1-4f3c-8ff7-2200e8ef56bd","18e66d96-504b-4f9f-ae93-d3b79b6b76fb","2026-05-25T11:44:59.443Z",31424,"Airtime","Cards"
"605e9767-17d8-4b0c-b34c-4e4d9cdead78","bbf89769-b22e-408d-bdb9-81905c59d169","2026-05-25T11:44:38.194Z",126018,"P2P Transfer","Bank Transfer"
"7276f026-58e2-4434-8c7d-38d5c2abd865","d69a0dd7-65ce-44b8-8c41-283ca98c05a6","2026-05-25T12:22:15.310Z",138491,"Betting Wallet Top-up","Cards"
"3baa3ff5-df6f-4fc8-842e-eb135263067c","0df0d8cd-838e-47a4-a2c9-1d1c3d745789","2026-05-24T19:05:54.689Z",46997,"Utility Bill","Bank Transfer"
"98fffedc-857a-46b4-be7c-ba876ac9683a","7db00e95-4a3c-4953-9257-debc12430061","2026-05-24T20:54:53.882Z",109953,"P2P Transfer","Bank Transfer"
"6d4effa8-870f-4f25-92ca-f5afa824032e","d0cbbff9-a46b-4db3-9387-c6a5cea7e938","2026-05-25T05:16:02.950Z",116389,"Airtime","Cards"
"8b72e85d-5acb-434e-8073-4088b1742ad4","eeba8151-9121-43f2-9500-11aa0ec3a0d1","2026-05-24T14:54:20.757Z",90605,"Utility Bill","Cards"
"2de6dae0-1019-425b-bbee-90159b66aa36","4954c438-8cb7-40a9-bfb6-ac5340e024b7","2026-05-25T03:24:53.973Z",92973,"Airtime","USSD"
"139049e6-2e9a-463d-b7d6-52444ef244bc","0b2319e5-33fd-419a-8256-e9fed541b83f","2026-05-25T02:56:19.434Z",145327,"Utility Bill","Bank Transfer"
"d0ff0ea4-2980-4635-935c-23bea22fa178","1cd48ab3-a32f-4d01-abdc-e4d1721ca47e","2026-05-25T08:48:36.875Z",127952,"P2P Transfer","Bank Transfer"
"129a5eb7-611e-4730-b02d-608bf863aa32","87423a28-2e4f-4674-add7-c5c08f13c15b","2026-05-25T03:02:00.255Z",18694,"Airtime","Bank Transfer"
"10bb75fa-2e19-4099-9053-04fa18d723ec","02e2d434-a7e2-4e44-9c43-e52446967adf","2026-05-25T13:28:41.534Z",2913,"P2P Transfer","Bank Transfer"
"69c13bca-111c-42d5-9e22-4bc038c1ac5b","c80a2f3e-77e8-43b5-8290-4db04a1a7cbf","2026-05-24T14:57:36.868Z",139222,"Utility Bill","Bank Transfer"
"23780a0d-baeb-4710-bddd-29d6dbad2419","623649c5-c98f-4f8e-a71a-b17e13f53179","2026-05-24T19:23:31.832Z",120685,"Utility Bill","Cards"
"083da574-7852-4da5-ac37-29cc2b67f62c","c93d17c7-3fbb-4be3-98d5-71363343265f","2026-05-25T12:11:24.761Z",37392,"Utility Bill","Cards"
"b50aeffd-0de1-4532-8eb9-09de63b42630","e2277613-523c-4c49-830d-e0216c514fac","2026-05-24T14:52:10.082Z",71968,"P2P Transfer","Bank Transfer"
"eddcb383-0d92-44ee-a7bb-6bb4eb69bfb4","369b131d-e361-47f1-bd33-cec255a8ecbf","2026-05-25T13:10:12.877Z",104708,"Airtime","Cards"
"eeb9b3c6-e40e-4561-9d63-04757fe6f6f9","8a404c5e-8f73-4d56-9a83-117548e181f1","2026-05-24T19:28:21.594Z",62970,"Utility Bill","USSD"
"a6fda72b-ee65-4930-9822-bd78c8d3abba","9f8c67a5-7be3-49b7-a626-321ea550b5ad","2026-05-24T15:51:44.885Z",40803,"Airtime","Cards"
"6329fec9-8e0d-4a9c-a9d2-889872f1633c","c448b7af-2604-4066-8467-8c85c5d76013","2026-05-25T13:56:21.247Z",22009,"Utility Bill","Bank Transfer"
"b914efba-0377-42c5-8e2d-f4204ce5aacb","95c2b1db-bbd6-49ad-b4f9-5b03d259fb94","2026-05-25T14:00:56.376Z",65168,"Utility Bill","Bank Transfer"
"ce4ef1cc-4336-45b7-b974-cfb5bd049186","d0ee4df5-9763-4b44-9cde-7efdaa716426","2026-05-24T20:29:35.872Z",55865,"Utility Bill","Bank Transfer"
"6443f3c0-96af-4acf-a42e-e53965e42a8e","b040d38a-eedf-4ee1-acd8-18028438e69f","2026-05-24T23:09:54.826Z",117484,"P2P Transfer","USSD"
"45b863f5-e0aa-4de5-aba6-7ca480d395a2","bc1401eb-01a0-4602-adf7-a41cc00bb8db","2026-05-25T13:03:17.327Z",63445,"Betting Wallet Top-up","Bank Transfer"
"c4a638f9-ca7b-4028-8095-c2d5c727b444","3c211a75-4dbc-4ec8-80fb-83f8cfb891b3","2026-05-25T03:24:12.536Z",54358,"Utility Bill","Cards"
"1997d2d4-c55e-4ea1-bd32-54c4be0e62c6","9a9f0c45-9113-4704-83d2-5a418fcb64bb","2026-05-25T07:53:33.836Z",74661,"Betting Wallet Top-up","Cards"
"d31355f0-be7f-4db8-bd4d-e55583ecd0f1","da7b87e5-3a39-4592-8c7b-7624436ec54b","2026-05-24T18:02:10.959Z",147355,"Utility Bill","Bank Transfer"
"182306fd-02b0-4522-b07b-30c6d90772e5","67a0f70c-041b-47e0-86a8-d8551811b1a9","2026-05-24T18:46:37.291Z",117593,"P2P Transfer","Bank Transfer"
"deb485f5-8bc3-48af-9e01-1407696aeb8e","32e1be44-52d6-4b16-9369-9c7ea25d4ee2","2026-05-24T16:04:00.435Z",45329,"Utility Bill","USSD"
"c2debd9b-6f0f-407c-a571-8fe75ce949f6","e673f737-5371-4683-91c3-422acfd29016","2026-05-24T21:57:53.131Z",35224,"Airtime","USSD"
"200e8975-4f0e-4ef4-8a85-6f5854324716","b5eeedfe-d823-4a79-9c81-a3f4625103b0","2026-05-25T01:26:24.111Z",81109,"Airtime","Cards"
"1ba80623-60bf-4e25-acad-c775e08a8008","acf8d4de-e65b-4ee4-b23a-e726b9068d5a","2026-05-25T14:08:19.169Z",102025,"Betting Wallet Top-up","Cards"
"270a5b2d-74b0-43ff-a064-4a05b1d8c419","65416d18-48eb-4bb8-8f5d-5a517a215572","2026-05-25T06:09:15.710Z",100257,"Airtime","Cards"
"be216bf6-6dff-450f-a52a-2a1917405b0e","d1db720c-2be9-43b3-a7da-911e89ed9fa1","2026-05-25T12:31:18.985Z",103620,"Airtime","Cards"
"7eb94655-8b86-4f3b-ad52-7dbffc98cd49","099529e1-701d-4308-ba27-a364847e40a4","2026-05-25T04:13:14.572Z",69858,"Betting Wallet Top-up","Cards"
"f6880e3c-960e-4593-be4a-03b92ea87130","a3f526c5-227b-4af2-a167-ac8922cad917","2026-05-24T23:12:01.530Z",97622,"Airtime","Bank Transfer"
"c7fdcaec-0bab-4afd-a831-ac551624dbe2","8b8a7161-b771-46e4-8898-d2c2874973f1","2026-05-25T14:31:39.004Z",28864,"Betting Wallet Top-up","Cards"
"f91f0d31-015a-4951-85cc-8a9de5156cfa","6a7b5392-4be8-4db6-848d-3d49890dd050","2026-05-25T11:43:42.984Z",99906,"Utility Bill","Cards"
"db977b07-a155-470b-a664-ac9ad5dab3de","cea91111-9783-4687-86e6-4efc7fd3ae27","2026-05-24T23:26:04.961Z",43459,"Airtime","USSD"
"5b2a370e-3d11-4aec-9795-8918fc773c8e","d5593454-d717-45b7-b898-00f3127634c0","2026-05-24T20:13:01.040Z",73933,"Utility Bill","Bank Transfer"
"4806f1e3-2d9e-4598-9c3b-3bcb80e72272","530723c0-a14f-483b-b1ed-a82d1685702f","2026-05-25T03:54:24.710Z",118937,"Utility Bill","Bank Transfer"
"cfac7bdd-5cb6-47b7-a172-6808c5fcbeb1","b54fb13a-c8e9-4cc8-acbb-386c5d113eec","2026-05-24T18:46:24.440Z",18232,"Airtime","USSD"
"bb1712cb-9131-4533-95b7-dc7f8601cfc4","fca898df-8896-4186-b8cf-47f66d8ec5d1","2026-05-24T18:31:01.106Z",142896,"Betting Wallet Top-up","Cards"
"d597962c-da5f-4fe5-9ee5-2caafe84c7d9","d116d3d8-4bb2-4314-b23c-6f1a382f0198","2026-05-24T21:00:26.536Z",143586,"Betting Wallet Top-up","Bank Transfer"
"abd570d3-9b77-40cf-a1b0-870b5fa6b2b3","4db9bb04-d739-4a9a-aec2-928208d7f609","2026-05-25T08:55:06.985Z",26042,"Betting Wallet Top-up","USSD"
"1d4ac534-d442-4edd-a51d-2a9beb6c5029","bc9805b1-36ab-49a6-b8a8-30025d675522","2026-05-24T19:33:40.082Z",2520,"P2P Transfer","USSD"
"b3b8b39b-d358-4bd1-b082-df4036922a92","589b57d2-68d4-41c7-9fc5-255b24e4fd57","2026-05-25T08:07:30.803Z",10059,"Airtime","USSD"
"f971513e-9b55-415c-ae86-ff9ff937bb83","1ab2aa28-f0d9-4deb-a65a-95bb8a8159d3","2026-05-25T08:11:54.949Z",57834,"Betting Wallet Top-up","Cards"
"adb48924-ed10-4d17-8080-9eb23a041742","1cd39be7-6b04-4e21-af2a-04f2ac622adf","2026-05-24T20:23:33.880Z",60861,"P2P Transfer","Cards"
"dbfa5a19-62f2-4f6e-bf37-1333e4383aa0","7dd7fe5c-5650-4f3a-a3e4-cafc0ff62d43","2026-05-25T09:02:31.964Z",96796,"Utility Bill","USSD"
"d404e96f-c7c8-42a2-9c13-0b5c4c06699f","e8e57976-a3d2-4897-b6b5-eb5987082015","2026-05-25T09:23:15.540Z",42931,"Utility Bill","Bank Transfer"
"b9180be2-cae1-4cb6-8188-6d3c135e0ad1","4aa0a554-1013-43c4-a059-1330fbdd6be5","2026-05-25T07:35:01.223Z",41744,"Utility Bill","Cards"
"e46eee94-27cb-4752-adeb-81a053ece2fc","20d7f6eb-c6ac-4d89-9d35-eeff6bcd67d7","2026-05-25T06:02:51.544Z",131656,"P2P Transfer","USSD"
"efe2c6c7-48f3-49ad-bf56-7eb58b860651","cd80c924-54a6-46d5-9fc9-12c605e634dc","2026-05-24T21:32:08.806Z",83627,"Betting Wallet Top-up","Cards"
"ed51e565-fa1b-4aab-b1cf-fd7866400673","e701cc8c-c6c6-4844-9658-5696bdb9f5fe","2026-05-24T21:55:14.859Z",37159,"Utility Bill","Cards"
"1f0d9174-6eec-490a-ab10-b4bd93c9d4de","73ebc533-a799-4d42-9d7b-9724cfe79ed3","2026-05-25T14:37:30.722Z",141781,"Airtime","USSD"
"0309fa24-d5f7-4011-b400-94137351102b","a0e17fad-b86e-460f-81f5-0f7e617c75e9","2026-05-25T09:49:05.269Z",143743,"P2P Transfer","Cards"
"4079217d-47b6-42cf-98a9-aac71bbc56dd","acbb522c-dcf1-4526-bc29-cbdde0150064","2026-05-24T17:02:34.458Z",53670,"Betting Wallet Top-up","USSD"
"ec7045a5-7389-4e33-8287-ea2e7e76cb87","ddf354dd-5984-447f-9372-45caf4ac01d8","2026-05-24T23:46:25.882Z",115809,"P2P Transfer","Cards"
"237162ca-a441-4c5d-842c-2b12b01cd670","ea0a0b93-7075-4dcd-9644-f34f39f0e529","2026-05-25T04:17:32.685Z",11491,"P2P Transfer","USSD"
"79d43c9b-1bd2-455b-96c6-283dfacb86da","228e058b-5dd6-46d9-b850-1b67f5535854","2026-05-24T15:32:15.173Z",43714,"Betting Wallet Top-up","USSD"
"b105d44c-5fc0-4e27-9067-6490058def54","816f4baf-eaf3-4dfc-9368-b47bf72c460a","2026-05-25T00:48:36.421Z",128437,"Betting Wallet Top-up","USSD"
"7f04230c-56dc-4502-849f-4b97e8f49a18","cfda306a-ebae-4819-9ae1-7048a9cc4ba3","2026-05-25T07:29:43.043Z",51698,"Betting Wallet Top-up","Cards"
"2f9a5502-b2f3-4f31-8c3e-611588baaf19","81e32ed7-d592-4d78-aeba-7bcccbf1dab8","2026-05-25T10:12:53.391Z",116715,"Airtime","Cards"
"01386894-6120-4a0e-b854-83dc87a1831e","cf451b15-783d-4d84-924c-d5a2dc9cd512","2026-05-25T05:31:15.890Z",86417,"Utility Bill","Bank Transfer"
"936da23e-4607-42af-93da-774c09c35fec","9ad36f48-2504-4687-ad3d-a84466bc4730","2026-05-25T00:22:44.917Z",10876,"Airtime","Bank Transfer"
"ad0f17dd-557b-483c-9a18-f63fcae6a53e","fd6c6ddc-6d61-45c6-91bf-b31a7b61e353","2026-05-25T06:36:54.610Z",18806,"Betting Wallet Top-up","Cards"
"908c0df8-9478-4f94-bacd-b6541cd8299d","f39dbc68-2305-4508-94f9-5e6f625c3c80","2026-05-25T00:28:23.561Z",81442,"P2P Transfer","Bank Transfer"
"5cc4a568-5cfa-474c-99f1-86a9314ed5bc","b391e710-b969-4a7f-8dd9-48a04df4e1d0","2026-05-25T06:58:25.816Z",69748,"Betting Wallet Top-up","Bank Transfer"
"c2a54117-aac2-488c-a16f-651fc70881e4","a4958185-f115-4026-b880-dad06d2404d7","2026-05-25T00:49:19.673Z",58628,"Utility Bill","USSD"
"19c456bc-2ed2-44ca-9880-99230f6180cb","09809172-cf4a-446d-9754-54fa0e28ad62","2026-05-25T10:22:47.833Z",69456,"Airtime","USSD"
"9c020648-02d0-4f7b-8970-59441c916de4","243a9a09-71a9-441a-bedb-ca91d2464da4","2026-05-24T20:06:25.544Z",26799,"P2P Transfer","Cards"
"448fb717-78c1-4e04-b390-d8e4bb57edc5","aac57868-53bf-4e1f-b48f-d029bf7fa6b4","2026-05-24T16:32:17.279Z",145549,"Betting Wallet Top-up","Bank Transfer"
"7171954a-b116-4711-9dfb-09a5ab04b330","98cfcf6e-b788-4c3e-aeba-3605d0b525c6","2026-05-25T11:12:06.228Z",2150,"Airtime","USSD"
"26f835c8-82a1-4358-a4f0-52fd6cbcd9a5","d448a280-7616-47e2-973d-78f0e08e1395","2026-05-25T00:47:50.119Z",135427,"Airtime","Bank Transfer"
"038d3168-fac9-4390-9e33-c32c9d8ec992","75a03ff8-0281-4c6e-a1fd-5e8b13e3c310","2026-05-25T07:30:16.083Z",130607,"Airtime","Bank Transfer"
"2138857e-fec8-46d0-af63-93293dcdd88e","37721e9a-d404-4e25-9716-f1f038e705a9","2026-05-25T00:20:40.769Z",148253,"P2P Transfer","USSD"
"30391b31-fd42-4c51-b1b6-6d64c05629e3","88c8e69a-52ec-4743-a6cd-13459787e79d","2026-05-24T18:04:12.373Z",8549,"Betting Wallet Top-up","USSD"
"2294dbc2-79b6-46f9-a6c9-e7a8130e77c9","be798236-519d-4582-b84b-d38d291f9e40","2026-05-25T08:18:51.651Z",3250,"Betting Wallet Top-up","Cards"
"48ef2275-d6af-4a2b-8fde-c6779ae7e258","1db33538-d297-41e3-9c74-c92cd03a8bdc","2026-05-25T14:07:36.108Z",108153,"Airtime","USSD"
"73fb2ab7-6f7b-4c69-9904-41b576f4d4ed","a150dd38-03bb-4399-a6fd-4203371ea252","2026-05-25T00:29:14.331Z",46792,"P2P Transfer","Cards"
"1c0fbaac-f068-4fe7-8bf2-4575b7a6eb30","e7db4360-317a-4903-ae6e-6287b06a9e8c","2026-05-25T04:07:17.958Z",17484,"Airtime","Bank Transfer"
"711a5b37-50c4-4b4d-94de-77cc30f860b5","a85afb9f-f8e2-4a02-aba3-f5596dddc2d2","2026-05-24T15:30:07.966Z",36425,"Airtime","Cards"
"b3ac14c4-5eec-47a2-a320-ae93138e7e78","b2d3fc42-8b2b-418e-8951-f6bf48a749fa","2026-05-25T06:50:11.574Z",6391,"P2P Transfer","Cards"
"d5cfb765-46ff-4998-b31f-4e0722f8d66e","7487995d-bbd7-4864-a082-3e7d2ca9d8f1","2026-05-25T04:40:38.163Z",75887,"Betting Wallet Top-up","Cards"
"a52ad4fd-4454-4703-b006-8add79f8d91f","24e1f4dc-ad2c-4979-912d-8441583f230f","2026-05-25T08:20:48.963Z",137122,"P2P Transfer","Cards"
"67a8e86d-689e-4c5f-9eb9-da460a34a55b","d997d6c3-e269-418d-93b3-7c8288d32900","2026-05-25T07:37:05.511Z",63111,"Airtime","Bank Transfer"
"9306fb07-2f7f-4b58-a7fe-7023194c6aad","c0628c84-9574-48ed-a3c6-a5c2bf53376a","2026-05-25T11:50:26.707Z",57947,"Betting Wallet Top-up","Bank Transfer"
"547ea85d-b107-4f2d-8f18-391a0fec7cd6","ae11da0f-7a78-43d6-a827-7069ddd0050b","2026-05-25T06:04:28.047Z",119098,"Utility Bill","USSD"
"b8e5202f-43e9-4e67-b628-abaccf42ccb7","746a8e3c-8a59-4dc8-af19-272366a4b41f","2026-05-25T04:55:28.210Z",53739,"Utility Bill","USSD"
"ae4cbaad-eaae-46ae-8d9b-924dd05f32f0","e40f91e5-30c0-43a0-825e-2d72708dd9fd","2026-05-25T00:00:48.228Z",106282,"Utility Bill","Cards"
"840348de-63ce-4ef2-a509-182d037a8596","96397651-0c0f-4471-934f-93a1c115ffd6","2026-05-24T16:02:05.348Z",78493,"P2P Transfer","Cards"
"ad8c88cd-2bb2-4f14-a0df-ee9504307431","85e35937-edf3-458d-a20b-e402aca444a2","2026-05-24T17:44:54.947Z",100624,"P2P Transfer","USSD"
"6c6264a6-dad1-43e6-a40b-a7746e9aa9dc","b46ce27c-3868-4b11-81f0-ba60e2c3af34","2026-05-24T18:47:44.552Z",50075,"Betting Wallet Top-up","USSD"
"b46524f9-fbcd-4e0e-a381-8c530b91f0f5","ae84cfa9-a76c-4585-8fe4-f16d9ba33aa8","2026-05-25T09:28:29.432Z",124559,"Betting Wallet Top-up","Cards"
"9dc688fb-88cb-43c4-977a-ef8674d1e8be","43fdde9c-3e4a-4749-aee3-ea9eac45c4ac","2026-05-25T12:27:21.430Z",44148,"P2P Transfer","Bank Transfer"
"68a640d3-7a4a-4039-901e-03e3a3391b81","3e123521-a233-4c81-bd31-aabb9ac88184","2026-05-25T12:34:04.367Z",83025,"Utility Bill","Bank Transfer"
"868e5aee-8511-46ce-90d2-3d28d5f8a282","dec87dcd-0188-40e6-a82c-ed91bf7c123f","2026-05-25T10:57:20.291Z",14005,"Airtime","USSD"
"1c10bd97-a129-4ccf-9c95-0269d6625dc4","d69c3c30-6603-4562-b563-94f5f5f6df70","2026-05-25T05:11:03.893Z",149758,"Utility Bill","Cards"
"7cbb6b05-9fdc-43d6-9dbc-58d9b59236f3","6be728f0-3894-4b78-a009-72fd38e96aca","2026-05-25T03:51:25.281Z",23599,"Utility Bill","Bank Transfer"
"232424a2-2aad-4c4a-a906-a28696587e5e","6531630e-42fd-4a30-9959-def24dec621e","2026-05-25T03:06:13.761Z",136584,"Betting Wallet Top-up","Bank Transfer"
"83e597ce-94d0-4cc4-a1ab-4ae121d3d8fd","23c816d5-1c91-46f7-9a1b-b922990c443a","2026-05-24T17:28:02.119Z",26567,"P2P Transfer","Bank Transfer"
"94ef7604-02d4-47aa-8e86-96f28b2ff6fb","9d82c2f5-6316-4f64-b24c-9239ebbf492c","2026-05-24T17:23:41.174Z",135972,"Betting Wallet Top-up","USSD"
"7c72d629-8da5-409f-bb11-b60a2aaf23ba","86e62581-f114-46b7-994d-a30784dcea5c","2026-05-25T13:22:38.158Z",91662,"P2P Transfer","USSD"
"185659f4-c7e6-44e4-b58a-626e8d7396f3","a347f1f7-6c67-4cce-9cfa-a36760b1958c","2026-05-24T21:42:26.015Z",33263,"Airtime","USSD"
"3c7e3ddc-e8e7-41e9-9fc1-e4d45c9f9a14","8a5c161c-a712-4b5d-a1d1-707bb60dcced","2026-05-24T23:35:41.666Z",49029,"Betting Wallet Top-up","Bank Transfer"
"5959901b-022c-4a19-9fec-ff6684950a51","30111d25-65c1-43c9-b7ce-f5b01b335a28","2026-05-25T03:27:36.940Z",74465,"P2P Transfer","Bank Transfer"
"2902713c-3cee-4647-bdd2-830e131079de","4aa00991-6291-487d-947b-3ae3062d3acf","2026-05-24T23:51:52.363Z",100679,"Betting Wallet Top-up","USSD"
"1b81509e-1e7e-4c00-85e0-b5160939e6f1","20f2c27e-cb81-4fcd-9101-4f33b190b7fe","2026-05-25T04:12:32.707Z",32280,"Utility Bill","Bank Transfer"
"dddef947-2a7f-4160-b939-a9c5fd364bcc","0ced626b-83cc-42dc-951d-c3713d27d726","2026-05-25T00:33:01.429Z",131338,"Utility Bill","Bank Transfer"
"85bb2648-b1e2-45fd-bfa0-dd0a3d027bc0","af758f42-8e31-4fe1-baaa-794a656086ca","2026-05-25T06:36:45.819Z",37082,"Airtime","Cards"
"3176fb23-10d8-4691-92c3-a9fdca34ce5b","6144a2cb-ae98-4b8e-8e7a-51b17e5b2c96","2026-05-24T16:27:01.899Z",50932,"P2P Transfer","Bank Transfer"
"fbffa9c5-dad1-4f14-b968-dc66f960bf11","b77bb80e-8407-433f-b859-23b2410a96c7","2026-05-25T02:25:06.227Z",27138,"Betting Wallet Top-up","Cards"
"2ca9b4ff-b012-4060-a7a9-cb459abd81e9","5b260a0b-78db-4e94-983d-b600d72e2f82","2026-05-24T18:18:04.175Z",92563,"Utility Bill","Bank Transfer"
"6c2ef7f2-6d6d-49ac-b3fa-9347f7d51fa1","4cee1b58-ab76-46e0-bc46-29eab889a023","2026-05-24T16:28:28.179Z",6352,"Airtime","Bank Transfer"
"4ad43131-3f2c-4b6d-9c40-449c9d95d92c","231acbf5-a987-4ee3-a8cc-98e23b02cc4f","2026-05-25T00:55:13.657Z",12958,"Airtime","Cards"
"e17f9a79-d6dd-4315-b110-912e09397d8c","6d04a7f3-b809-4b45-911b-586362a35876","2026-05-25T13:38:44.494Z",54512,"P2P Transfer","Cards"
"52ff4e87-9def-4560-bdfc-0f224085873d","4f466dd3-eb10-4ff8-88dd-b9e530d44cb6","2026-05-25T10:41:00.461Z",131702,"P2P Transfer","USSD"
"ea273a12-ec41-4b48-8e9a-119153105e17","598baefc-5667-4e86-9412-ad2332528909","2026-05-24T14:52:35.662Z",112482,"Utility Bill","USSD"
"e7192bea-636b-4584-8e56-ad9b1941fa77","ce8ccc3b-751f-462e-bed6-b1d4058e0044","2026-05-25T00:37:07.586Z",55764,"Utility Bill","Bank Transfer"
"ee021650-11e5-47c2-9253-8906ef611e70","9575e6d6-f7e4-4914-8f47-73ddde3ff840","2026-05-25T04:04:00.525Z",37276,"Betting Wallet Top-up","Cards"
"92fc6047-3592-46cc-bda9-eb3b53825445","d624ca03-f03f-4f32-bf37-edd7e04ee5ef","2026-05-24T14:14:27.296Z",67576,"P2P Transfer","Cards"
"2c2d658d-72d4-4c75-9a1b-8830eed27886","859e8e16-9f37-4d8b-aac7-755ef8c2466a","2026-05-24T19:29:27.892Z",30828,"Airtime","Bank Transfer"
"6ffe1222-b557-45c2-873c-adedd28a6fba","c16b08a1-dd90-4652-a03c-96e89980da15","2026-05-24T23:06:24.580Z",25266,"Betting Wallet Top-up","Bank Transfer"
"7267184d-bd9f-4bb4-aaaf-f109389e1c8a","aac5f0e0-f4ec-41a2-9edc-914d330c55b1","2026-05-25T12:23:56.395Z",65501,"P2P Transfer","USSD"
"9c2cdeb2-064f-42da-a575-5b4eec9547bd","94b9e588-873c-4a14-a0f8-1240921d9b53","2026-05-25T11:35:36.315Z",125440,"Utility Bill","Bank Transfer"
"749d59cf-ad2a-467d-9522-6a4723407a58","d0a16360-9576-45ec-9780-e06ff31ff92f","2026-05-24T15:12:56.957Z",11780,"Utility Bill","Cards"
"cf8cd156-0eea-4b83-9473-f88e422d91e9","dc589dbc-e9d2-4e20-bb3a-ceed6419b6f6","2026-05-24T21:45:52.469Z",99020,"P2P Transfer","USSD"
"9acaa299-8ec6-4c65-abf9-5c165ea30c5e","79b45088-03f8-45bd-86e0-bf029e469ee7","2026-05-24T19:30:13.726Z",738,"P2P Transfer","Bank Transfer"
"b790c779-8fbd-422a-9e9e-14b05a744dd2","b607d92c-1f85-41d0-b48a-dc97cbbc4504","2026-05-24T23:35:20.468Z",66242,"Utility Bill","USSD"
"cbf2b55f-d2b8-44fa-bb48-c59a8b28e357","ce56fb64-e1ca-4b22-8d7d-a79589cf8ebc","2026-05-25T11:17:27.338Z",84311,"Utility Bill","USSD"
"37744ea9-7e5d-41d7-a611-d5bbd673ea0e","d218b35f-db75-479c-9cd0-be59c24afd18","2026-05-24T14:51:51.951Z",92431,"Utility Bill","Cards"
"88ee8d23-dfd2-484e-b351-d9a2bcba13ac","929a6c0a-cc58-4603-8689-58452ce914da","2026-05-25T00:35:19.385Z",74865,"Airtime","USSD"
"a582905a-352f-42f1-8a1f-5aab73631e9f","f3ea07ca-3df2-49fe-8e7b-613d40844e41","2026-05-24T21:55:16.494Z",101505,"Betting Wallet Top-up","USSD"
"989d7a4f-abc5-4261-958a-93e0e9abb529","563e5855-ef2d-4814-8a3a-f34c9e1f804b","2026-05-25T05:54:44.742Z",118176,"Betting Wallet Top-up","Cards"
"4bef86c8-f96d-4744-9c4a-b1ef44dd9ab7","3de1a250-17ec-4069-9bdb-399a84f77358","2026-05-25T05:35:19.242Z",136837,"Airtime","Bank Transfer"
"26772c31-69e4-4538-91be-315dd4762253","311234b9-69c1-4f59-a69d-938157e56412","2026-05-24T14:39:10.408Z",34585,"Airtime","Cards"
"a1954e17-476c-47f7-b19c-927bf8a69c3a","5f0b0d43-d622-4eb5-a348-9120b2f8c8a7","2026-05-24T14:30:09.070Z",50006,"P2P Transfer","Bank Transfer"
"f57427a4-e971-45af-a0c6-6ef9208f0494","6f1471be-b8b3-4492-80c6-1c1128d29288","2026-05-24T22:58:19.878Z",74413,"Utility Bill","Cards"
"20b5331c-5a94-4341-aaea-2e9e5e13c49e","6981174a-92d3-4d35-a48a-de3ba8fc875d","2026-05-25T00:34:53.070Z",4745,"P2P Transfer","USSD"
"60249033-df34-43c3-97b0-1bca9a01cb53","a10784ef-bc29-486d-a6f6-50fa8a31cac9","2026-05-25T06:11:32.683Z",38461,"Airtime","Cards"
"e9a0990b-f2ee-4f38-8694-00501597d411","baef8752-4e6c-4fc2-a1ca-a948abbf5b13","2026-05-24T14:27:35.181Z",133178,"Utility Bill","Bank Transfer"
"c54a68b9-a59a-473c-90f8-370a5ed93da6","b076a541-7079-44ac-a2c1-9a558a3b3cb1","2026-05-25T09:13:15.245Z",97423,"Airtime","Cards"
"5018a98b-ea2e-424c-bc87-77446019741f","dd103c76-b5b4-4ce7-a0ab-ff1c4b52acb0","2026-05-25T04:29:21.197Z",66548,"Airtime","USSD"
"ccda08b0-46a7-44f8-ab3c-ac9ae4b5cd3d","1dacc2aa-9450-4224-9a89-e5ddf41be630","2026-05-24T18:42:27.420Z",72069,"Utility Bill","Bank Transfer"
"dbfe9967-0ee2-4d5c-b748-21cc7dcaaceb","a39b2ad4-d09d-459d-9b60-63e8e4658900","2026-05-24T23:26:10.934Z",95731,"P2P Transfer","USSD"
"319ceb2e-c937-452e-ac90-7993ae789942","d011db65-e8a4-4ea0-ad8a-f580ae59cb1d","2026-05-25T07:41:24.983Z",87323,"Betting Wallet Top-up","Cards"
"dfab44b7-b010-47f7-962b-409390a491e6","1ec08a09-68af-4eff-9989-746543daa90e","2026-05-25T06:44:46.889Z",148308,"Airtime","Bank Transfer"
"4cef4316-a1fa-44c0-9578-0d5e585785d8","6ac5ac12-a391-43a3-948a-dd1487ad6696","2026-05-24T20:33:08.985Z",7150,"P2P Transfer","USSD"
"87c2b58d-084c-472a-a441-7d84b2f8f9cf","bcf7486e-4aa6-46e0-913c-e7b056902166","2026-05-24T23:07:12.848Z",10065,"Airtime","Cards"
"f99db777-c01b-4e9f-bbc3-8a870f53d166","61f681ca-f3bd-43ad-9d31-f94cd7a9d516","2026-05-24T18:17:43.768Z",90667,"Utility Bill","Cards"
"dce1e5bb-2d18-4948-94b4-daf5f66e9717","96e7aa8e-35f7-43e9-93b2-4e004aab4d66","2026-05-24T19:08:13.876Z",7868,"P2P Transfer","USSD"
"cc57158a-2d8d-4adb-8ed8-be48e5674c5d","dcbcffd8-8e78-430c-8d9b-fe02d061fc75","2026-05-25T06:55:10.166Z",24340,"Betting Wallet Top-up","Bank Transfer"
"ced7cd4b-9f35-4933-801a-89ce2af6ae75","1ac3d545-9455-4673-9138-bc5ede357398","2026-05-25T00:38:50.720Z",12485,"Betting Wallet Top-up","Cards"
"688d048b-c441-45ac-92c1-9861ddaa9378","f81cabd2-7d11-4584-ad42-ae162eeaa6ee","2026-05-24T16:50:36.787Z",122289,"Airtime","Cards"
"3faddffc-e465-4d97-a43d-e69802b982d0","d89d2a8f-fdfb-41ac-b7b0-0786de34a564","2026-05-24T21:17:55.050Z",142362,"Airtime","USSD"
"e49d84ea-4d8a-45ea-b147-81b814741df6","2b8a613b-1a2a-41de-a73c-aca0a5226c9e","2026-05-25T08:58:51.446Z",100766,"P2P Transfer","Bank Transfer"
"0dca91f8-afad-4884-a072-9377476abee9","60ba1a31-f08e-402c-8b1b-7f36b68b4433","2026-05-24T14:57:55.655Z",137898,"Betting Wallet Top-up","USSD"
"80eb4420-6bc2-461d-a4d2-2e684eb268c4","7d81d0de-eeb7-4c04-a1b2-b194de25f4b3","2026-05-24T16:54:10.462Z",149845,"P2P Transfer","USSD"
"5b5f0dee-69b1-4cde-8935-ac97fc61d565","91d0a60b-1b80-4357-b31d-b3d90bdcbf26","2026-05-25T04:10:04.237Z",68705,"Betting Wallet Top-up","Cards"
"4bc160ac-3ee6-427b-b2d1-fe51b5605954","eb6a6bb8-b6ba-4177-91af-560a6308277c","2026-05-25T11:56:26.454Z",9345,"Airtime","Bank Transfer"
"76f232f0-0238-48da-b0a6-ec8ce0285390","35029515-ff60-4cec-962e-c49f4cdc0311","2026-05-24T18:08:22.455Z",133620,"Utility Bill","Bank Transfer"
"b0f0772a-a395-44c3-8119-fda0f915c0c5","9ce59091-e879-488d-b59b-145b9002ca21","2026-05-25T11:30:24.469Z",2725,"Airtime","Cards"
"cff0e416-6a15-42b3-9708-d6f85e421ba9","a6e84ded-b0fc-40f8-8c74-4bf91c817c10","2026-05-24T16:32:07.757Z",59687,"Utility Bill","USSD"
"94b597ee-62aa-4986-a70b-e38495f78666","ea74ea5a-ab05-4dca-9ce8-31c1a3e034af","2026-05-24T22:22:20.612Z",101983,"Betting Wallet Top-up","Cards"
"5472e1ae-012a-4397-8990-8d861981b264","a3d7afec-a141-453f-8d82-837b757cfce7","2026-05-24T15:27:03.840Z",142406,"Betting Wallet Top-up","USSD"
"38f37898-6f3d-4fee-b5f4-92eafb7ea56e","1580f0f6-429f-4b32-a9f1-d5834c30ee3b","2026-05-24T15:37:50.580Z",36722,"Airtime","USSD"
"7bd1990d-6387-4869-89ba-a571af027667","1d177dc5-a980-4a31-a2a7-5906de6956b5","2026-05-24T13:39:21.411Z",13450,"P2P Transfer","Bank Transfer"
"f07c7f31-dd00-4f89-b27c-f720ebac5823","2ada94f6-b12d-495b-a412-258d69e7ce3c","2026-05-25T06:36:33.294Z",78153,"Airtime","Cards"
"2ba5c1ee-8c35-4939-a540-39a8f6820af6","92ffaead-4124-462e-a68d-bf6a7837010a","2026-05-24T23:59:51.249Z",72051,"Utility Bill","Bank Transfer"
"a1502fa4-d0ff-4596-9cee-a211ee4896da","cbaa4e66-7647-4231-8c98-82ff1e9e3104","2026-05-25T08:48:06.839Z",45809,"P2P Transfer","Cards"
"eed3b7ff-3216-404b-8a4d-26d67914dbca","fb63d739-cc32-4a83-87d1-979f0c4b107f","2026-05-25T01:11:47.290Z",106524,"Airtime","Cards"
"d5a49424-a5c8-4406-9416-4c97b0cc348d","5d7b9174-b5f3-4ffe-ad41-60e672823ea7","2026-05-25T08:29:09.325Z",36354,"P2P Transfer","Cards"
"7219e52b-84c1-48f3-86f8-a0e7a6009bc0","95625b25-4c1c-4ab3-8a73-6f8c6dc58920","2026-05-25T09:04:26.787Z",109619,"P2P Transfer","Bank Transfer"
"0415feab-24bb-473e-b535-cde2891db0f1","a3bab197-38e6-4500-84b2-21d3d4dd4573","2026-05-25T02:32:21.011Z",34542,"P2P Transfer","USSD"
"d936e985-5eb6-4acc-97a6-bd27e48f4692","b980162a-6470-45f8-a93e-b57c8ea947aa","2026-05-25T11:36:29.767Z",48635,"Airtime","Bank Transfer"
"e466193a-9b9d-49ea-98b3-6204de06e5be","3efab0e4-d097-49c1-8738-2ae08fb5aa63","2026-05-25T13:24:03.589Z",123334,"Utility Bill","Cards"
"74411d30-abdb-4221-9d89-9864e199616e","ee00fb0d-c897-4942-abcf-e36d9493edc3","2026-05-24T15:50:46.113Z",138139,"P2P Transfer","Bank Transfer"
"e95cf0ea-3cea-4ac0-adff-da25bb96594f","f6b7e091-0359-4726-8527-3e2abda898f7","2026-05-25T11:48:15.842Z",82371,"Airtime","Cards"
"d94aa2a6-b42f-4e9b-abfb-de6ee8b3ce8c","f914ce94-78a8-4f2c-a3d1-4049080d33d0","2026-05-24T21:56:16.144Z",51104,"Betting Wallet Top-up","USSD"
"d8c2ce30-4b0d-4d38-89fd-e6280326a6a8","58c2c924-9245-436a-910e-5a5875144671","2026-05-25T07:06:02.218Z",143528,"Utility Bill","Bank Transfer"
"bfa9d745-1879-458c-a129-64a2cfdbcfc5","4383b3cd-b5ce-4cde-9359-980aa0a54bf9","2026-05-24T21:29:06.898Z",28594,"Utility Bill","Cards"
"cddcfbba-e20b-4fd7-92d1-1d75ba80ef83","90611ac4-6cf3-47fb-9743-48282f17656b","2026-05-25T07:21:12.297Z",88526,"Betting Wallet Top-up","Cards"
"9c70d33b-efae-41f0-ba61-ccf6f24675d9","510ac484-581f-4aca-9eae-8cd3024965f7","2026-05-24T23:05:41.878Z",98792,"Airtime","Bank Transfer"
"df0b702b-a367-4f29-84fc-93bc6840529b","729eaefb-7831-4347-a613-af2b5d2160d5","2026-05-25T09:31:47.905Z",143900,"Utility Bill","Bank Transfer"
"b2a4daef-482e-4fa8-bc87-a9518cae40a0","99f69411-ffe5-4b63-b467-7b08a8ac59a3","2026-05-24T14:28:11.696Z",43095,"Betting Wallet Top-up","Cards"
"651993f4-2e86-42c8-af66-19d23ae8e738","18f56807-f9b9-4a0c-89a9-eb26773d0d63","2026-05-25T09:29:28.211Z",107180,"Betting Wallet Top-up","Bank Transfer"
"b3d162a4-1119-494d-b7d4-daf4dcb4a885","6e1654c5-6db0-4015-996e-21bf70dae81f","2026-05-25T06:27:28.030Z",128021,"Betting Wallet Top-up","Cards"
"ff2c3721-c8c7-4e38-881d-6b56a6fa286c","4582b878-9847-4ed0-81bc-0958488505b5","2026-05-24T19:03:33.839Z",28933,"Betting Wallet Top-up","Cards"
"33cf124e-f525-4958-8e38-598800ac88b6","d29df0d2-96f9-4d82-97c7-f9d6347ea6ec","2026-05-25T01:43:27.591Z",97493,"Betting Wallet Top-up","Bank Transfer"
"d34b0f56-a777-4615-a2ad-f483e23c4de9","9a1344c7-3747-48b2-a768-b2f77caf3bcc","2026-05-25T12:46:30.493Z",83320,"Utility Bill","USSD"
"b4fbd020-edfb-480c-bdd5-12193b8db7f8","5f66cf10-7d1f-4e60-87b8-f196ad289951","2026-05-25T04:18:12.486Z",49428,"Airtime","Cards"
"884c9193-a5a9-4c1f-8c00-52e7a0777730","baf6b7ba-cac8-4f9a-aafc-ce623056739d","2026-05-24T17:19:31.803Z",14990,"P2P Transfer","Bank Transfer"
"da93e6a4-2027-4f48-bac3-b81393869f13","de4f6b79-8091-4d4c-89a3-758edb1cca03","2026-05-24T22:12:52.819Z",28775,"Airtime","USSD"
"830a405d-1c0b-4a17-ac87-a188bdc8ba90","4ec29cce-1778-4770-a2fd-d5de9b21ccd3","2026-05-25T10:50:25.338Z",118391,"Betting Wallet Top-up","Cards"
"e9e4d716-cc58-4438-8e4c-64d8974e528b","4347d819-b57f-4d6b-a11e-3681ad0d8d7b","2026-05-25T09:40:19.310Z",104060,"Utility Bill","Bank Transfer"
"90dc168f-d289-40eb-bad0-4a57eae3dd54","279367c3-4fa0-4a2b-b2a6-4c126df21572","2026-05-25T07:40:46.749Z",73792,"Airtime","Bank Transfer"
"d2874622-756c-4fd4-ac9d-8ba0b1d3b9f0","fdb771f0-39e3-4242-ac74-a0d6097b5ed7","2026-05-24T20:13:35.342Z",91169,"Utility Bill","USSD"
"7acc90cf-9ab4-45de-9dd9-b7882c5cab17","71ce7659-561d-4daa-8d44-95b30de51345","2026-05-25T11:38:53.137Z",93327,"Utility Bill","Bank Transfer"
"7a6455d7-25b9-4900-b18c-924a5273e104","4c90e894-926d-466f-a79a-f6ff3e2708bb","2026-05-24T18:36:15.817Z",108842,"P2P Transfer","USSD"
"6a57c2e2-3680-4657-9104-9ad721997fe2","d0ab85ce-116a-4183-975e-cc12b21de8a8","2026-05-25T10:50:30.005Z",41857,"Airtime","Bank Transfer"
"bf789388-62ce-49a3-9d46-d210b454e633","2887b24f-d29c-45ac-9e8f-ee73b89dfd6c","2026-05-25T01:31:26.398Z",50139,"Utility Bill","Bank Transfer"
"35b54234-0fdb-41b9-8431-25dda48607b6","8f920366-6aa2-4024-8c60-5a53f5da8b93","2026-05-24T17:25:15.946Z",40350,"Utility Bill","USSD"
"59c0ea6f-c9db-497b-9ac2-b55c0174721b","77d70429-b75e-41f2-8f46-264839e0b25a","2026-05-24T17:01:06.652Z",51474,"Betting Wallet Top-up","Cards"
"caf831be-2543-453d-bb75-1bb873ede2f9","c7f68e10-e3d7-4dcb-be31-74a0b2737d29","2026-05-25T00:19:13.636Z",144334,"Utility Bill","Bank Transfer"
"a75ed3ee-54e6-4707-873c-eb0b2463d927","05833b37-e09b-415f-94fc-a8fbd2a6fd00","2026-05-25T13:19:04.755Z",68315,"Airtime","Bank Transfer"
"304744a7-b653-4611-a6ff-db08ce9ed7cf","e6dd2b64-bf97-4e1e-9ca4-719e5ea355d8","2026-05-25T02:26:36.489Z",94949,"Utility Bill","Bank Transfer"
"5241d3fd-f8f1-4a67-9136-2e6ef7f36639","a46ebc3f-281d-405c-a979-978c86bbe11e","2026-05-25T10:36:07.871Z",112614,"P2P Transfer","Bank Transfer"
"b878b6ef-8d2e-498a-8921-a88e4075e365","0a497e5c-1f34-4508-9f2e-a8d63da5d683","2026-05-24T21:55:35.587Z",35151,"Betting Wallet Top-up","USSD"
"493bf1d0-2f4f-4736-93b4-df04e5ee5260","44c72a44-0486-44b1-bd9c-2b4cef9d522e","2026-05-25T02:58:59.763Z",94822,"P2P Transfer","USSD"
"ddce7ce1-464a-4a75-bf2a-65a611c76d3d","7d356877-66aa-4520-9fb3-4714e76296b7","2026-05-24T19:03:07.290Z",147995,"Betting Wallet Top-up","USSD"
"3f83c301-2f53-46da-a779-63b80ae9e1c0","c22eacc9-308d-41b0-b1b7-23f7b00ad41d","2026-05-25T02:51:33.415Z",95544,"Airtime","Bank Transfer"
"75b2a986-9f28-4499-bcaf-6f451d0a9a18","bb33316b-e449-4ee3-9e38-925b13e0818a","2026-05-25T12:02:30.882Z",6749,"Utility Bill","USSD"
"8facd88d-231d-4c51-bd08-296593b58d85","10039a36-024e-4c4b-a667-2c33da45ba9d","2026-05-25T05:18:20.229Z",23043,"Utility Bill","USSD"
"69370a8c-fa61-44ff-8280-50ab0cfb5acf","9767cad6-5334-4f0f-a3f4-d6a34be156c2","2026-05-25T12:38:55.696Z",26675,"P2P Transfer","USSD"
"d36daa78-805e-494e-8f87-996227e3890f","1638c070-affc-4d2c-adc0-f5464a842bad","2026-05-24T20:03:15.553Z",44945,"Utility Bill","Bank Transfer"
"86782dca-9c6b-48ab-8300-a1dfe3fddeb4","6766b6f1-8dc8-4ecb-a38d-51d9d5942cbf","2026-05-24T16:19:04.434Z",131507,"Utility Bill","Bank Transfer"
"1c6bfd3c-7057-4ed4-8218-a4423440241f","e3833dda-e6f8-43ea-985b-974d986c1d4e","2026-05-24T19:24:59.620Z",119038,"Airtime","Cards"
"de8cc23a-d584-458d-adce-94754b678927","f5908381-92c9-4444-94ea-1c736d9562e6","2026-05-24T17:04:24.032Z",100170,"Utility Bill","USSD"
"01eea6b7-ab80-4d15-928b-49f154e68e7e","40da8e95-9e30-45f8-84d2-84559f817203","2026-05-25T12:41:18.751Z",49688,"Betting Wallet Top-up","USSD"
"1f9b501d-bfcb-4bef-af3d-04a55e50b030","865afdc1-ce84-4d0f-bd85-d523f2b35b96","2026-05-25T08:17:02.104Z",90080,"Utility Bill","USSD"
"1c32fda9-c84e-4276-97d9-1413a881f02c","90485e90-6a15-424b-9b54-456b3376a292","2026-05-25T01:38:28.657Z",59062,"Airtime","Cards"
"3efd2fb9-87cc-4b62-9627-4aadab790d3d","5b9d4fb2-e39a-41fe-a843-2e67771d549e","2026-05-24T23:50:04.054Z",117151,"Betting Wallet Top-up","Cards"
"85a68eb4-e898-4b5f-8794-8427b04017cb","acd0918b-2193-4284-b0ba-92bb9a9d5fa7","2026-05-25T12:20:35.155Z",125180,"Airtime","USSD"
"a30bab59-0ab8-43c7-9f1d-d698636002ca","062f2e22-6c1b-460b-8c7f-d65b52bf7307","2026-05-25T08:59:10.481Z",139726,"Utility Bill","Bank Transfer"
"b8c884a9-7819-4650-8f17-eb4b31ac8967","94948552-acf2-4736-b1f5-ad53ee5a9e2c","2026-05-25T09:55:29.951Z",110588,"P2P Transfer","Cards"
"292af3b7-a4a7-4006-ad9e-c8ec276822da","c3380fd9-2da7-4812-91c8-c2878fba99bb","2026-05-24T23:07:31.491Z",3415,"Airtime","Bank Transfer"
"70fd3203-4449-4498-bb31-843815bf8120","b2807fbc-725e-45a8-8ccc-0bb0ede05815","2026-05-24T15:26:38.728Z",85923,"Airtime","USSD"
"989dd545-ea5d-479d-887c-61ade4ac727e","dba78813-01ed-4cbf-9430-9850733e3336","2026-05-24T13:50:48.153Z",141266,"Airtime","USSD"
"a95ce551-b0cc-4d23-9480-5ab0fb29b961","6aece522-add8-4e25-84c1-5781e351bdf8","2026-05-25T02:28:13.806Z",113336,"P2P Transfer","Bank Transfer"
"4f070a35-8111-4802-bc30-0bdfabae0986","083750c0-4108-48f2-b1e0-59da2226cd82","2026-05-25T06:29:46.285Z",81388,"Utility Bill","Cards"
"4a5df606-0aa6-4d21-b2ec-d21ef05f25df","4407d3a3-fa94-4467-901c-cbe7c67f90f9","2026-05-24T23:08:20.218Z",53699,"P2P Transfer","USSD"
"bd11f30d-499d-4d35-96ee-7f61bb915000","5edc9174-2b36-4867-ab63-f3df7de7646f","2026-05-24T13:50:16.852Z",128183,"Betting Wallet Top-up","Bank Transfer"
"a6ecf141-3dcd-4cb0-b63a-c3f859697280","53f93b6c-ef02-4739-a43b-4ebc6c4d666f","2026-05-24T22:07:29.356Z",148831,"P2P Transfer","USSD"
"a492ecd9-4772-4e69-ad08-3b3e8815d56f","5dc3fcff-ad2a-41e5-9854-f16ef4e68565","2026-05-24T22:14:49.705Z",54172,"P2P Transfer","Bank Transfer"
"39f65010-06ac-43b5-bd89-eaa0eb2dac20","1b0532fa-4e4d-4122-82f1-6af86a3c1c64","2026-05-25T03:17:28.804Z",139858,"P2P Transfer","Cards"
"418ae9c1-0115-4b49-8ef4-dfba0ae386fc","85e57ca4-ceec-42aa-94f5-5948d5af5881","2026-05-24T15:42:17.837Z",119405,"Utility Bill","Cards"
"bf1db448-418e-48a5-81e6-d01488c82287","60d0c785-339c-4066-b2af-8ed7d745fc4a","2026-05-25T08:24:33.562Z",13125,"Betting Wallet Top-up","Cards"
"1c1bd60e-aadf-4647-a6c2-094d2235a96f","a7230db3-0273-4b26-a44d-59b389bc8ad4","2026-05-25T05:20:44.872Z",124100,"Betting Wallet Top-up","Cards"
"9b1aea8a-931e-4715-b13d-2b309bd192d2","1f1cc508-5772-42c2-9f05-49ced95f5918","2026-05-25T10:06:32.708Z",148450,"Utility Bill","USSD"
"13168a26-06ed-4f15-849a-df7d21466e98","533f57f2-d139-4173-b85f-e070242ecd5b","2026-05-25T04:53:46.757Z",6994,"P2P Transfer","USSD"
"59fdd9f2-a1e8-49e6-9b6e-269b0cea20bd","9ca62138-332b-439d-a3bd-631fb99d36ae","2026-05-25T02:02:39.248Z",23992,"Airtime","USSD"
"ca69b14a-d8dd-4d0c-9988-c7f687da6046","52db8e32-8995-4c14-b6fb-a71ad9c81015","2026-05-25T10:42:12.994Z",118818,"Betting Wallet Top-up","USSD"
"48be946e-da0c-4857-8713-fa8117dcce0c","25c67a4d-7fe0-403d-9a0e-c9c893041cba","2026-05-24T21:39:22.052Z",11612,"Airtime","Bank Transfer"
"4d409586-1848-42ad-b42f-bfea17bbcb9c","3002e72a-a0d8-4060-b94d-3556e7976d1c","2026-05-24T19:52:54.845Z",23640,"Betting Wallet Top-up","USSD"
"901f35b0-511d-48db-bc1f-a413c1964e4c","fb673356-c5fb-473e-a100-9d1e0a6e544d","2026-05-25T11:48:18.054Z",110060,"Airtime","Cards"
"dc8909db-9df5-471a-9bbe-36ca57c109da","56bad355-92f7-434e-ae47-504cbb448b30","2026-05-24T16:26:49.367Z",68397,"Betting Wallet Top-up","Cards"
"67aadc1b-e987-4a82-abd4-4bcf1c217b06","b65f6dab-747c-4b38-8a4d-be4185be4a89","2026-05-25T01:54:09.967Z",42552,"Airtime","USSD"
"0c4331eb-8d90-429c-95cf-376e710de9e9","885b7a45-fbd9-48cb-94c1-28db12a90660","2026-05-24T13:44:03.024Z",118833,"P2P Transfer","Cards"
"59a7f239-942b-4216-9c06-fb4d1ad1ac43","08b23a0c-60e0-4df0-b4a1-b08b04376099","2026-05-25T02:52:02.604Z",6439,"P2P Transfer","Cards"
"73212fa1-b192-44a5-8ca0-9846435340d5","07c1eeed-7229-43c5-91cc-611e38bbaa1c","2026-05-24T21:02:10.651Z",58224,"Utility Bill","USSD"
"914e2ab1-86a6-4493-9255-1c7f99e35cc7","d10fd722-d198-491f-a650-af4ae7a02a7e","2026-05-25T11:29:16.886Z",52564,"P2P Transfer","Cards"
"022e5e54-b00b-4ed0-b24f-d892eecea273","3f93b155-3efe-4ffa-9f18-52f80b6d4a08","2026-05-25T09:34:20.725Z",71637,"Airtime","USSD"
"500f5184-4798-45d3-86a2-45a1432552ba","fc8ae0e9-ffea-4413-ac1b-54dcf989a91e","2026-05-24T17:53:52.169Z",139018,"P2P Transfer","USSD"
"f3a1c9cb-7278-43d6-83d2-0f385ce8bf39","632a32ab-c946-484d-be5b-1fb12ae5e51b","2026-05-24T23:29:19.475Z",71454,"P2P Transfer","Cards"
"48c4e7b5-23ea-47ff-8238-68126b252204","8ea7ca34-60de-483e-b854-7f8b4df0dc2d","2026-05-24T21:32:09.371Z",14836,"P2P Transfer","Cards"
"1c05a02c-b595-477f-89b4-6b5b71ca120c","3b5b5445-ca22-413a-b1db-4583e2054c17","2026-05-25T08:57:00.978Z",44639,"P2P Transfer","USSD"
"6775c069-b2d9-4f0f-9dd7-8137f2542a38","9d5cf8b3-d742-4459-a303-6af43c43d8ef","2026-05-25T07:19:43.444Z",79060,"Airtime","Cards"
"f19c24e7-8274-418c-9d3e-c77d664cf517","50283bbc-2f17-4802-9be4-83daf457e15d","2026-05-25T08:03:02.494Z",107678,"Airtime","Cards"
"78563ffa-e020-48f6-910f-13b496f4f622","c3deae70-e09a-4472-a629-e2691e4b4dc7","2026-05-24T16:40:42.323Z",147233,"Utility Bill","USSD"
"aa81183b-7293-4367-9495-bf35b06d6859","a883229f-ac3f-42e2-8cf1-2dec07b47afb","2026-05-24T19:56:36.235Z",63591,"Utility Bill","USSD"
"8cafe7f0-86dc-4cd4-beec-4018ee54a2ef","087b09ef-f564-4306-a312-a275f48e5468","2026-05-24T20:50:36.352Z",49849,"Betting Wallet Top-up","Bank Transfer"
"c4cbd699-4423-4285-b205-66ce27a08a73","ed712a44-e2df-4405-b2fe-768bd5601a94","2026-05-25T00:10:36.054Z",130177,"Betting Wallet Top-up","Cards"
"71b84b46-bf32-45ac-8328-05c752223c47","9fb32d9c-dc07-4aa3-a2cd-689843b889bd","2026-05-24T20:58:35.503Z",39525,"Airtime","Cards"
"881e5cc1-d9b9-4ea5-b46c-1692bc116279","9277968e-e7d3-4f7e-ab1e-e5974bc9e766","2026-05-25T07:39:56.480Z",11322,"Utility Bill","Bank Transfer"
"47473c0d-e76c-4fd2-bbf6-2f3e2e8e4928","5235f41a-066c-41eb-878f-7e193277b9c4","2026-05-24T17:17:44.114Z",51259,"Betting Wallet Top-up","Bank Transfer"
"c0558aca-d3ab-425f-bda8-8e3602f26166","72c418f6-4cf8-4bc2-95be-67b7e2578076","2026-05-25T01:47:59.847Z",10898,"P2P Transfer","USSD"
"df38d0f3-e457-4b86-b09e-b4d37a86d02c","ee67bd94-535c-4bad-8918-309de5de1ee6","2026-05-24T17:16:26.345Z",116587,"Airtime","USSD"
"6a065648-0ee0-4cf7-883f-9f0147bacb04","a2e024fa-4aa7-4796-8572-20a66165fda9","2026-05-25T03:08:05.816Z",17721,"P2P Transfer","USSD"
"3237c47f-e44d-45f4-9db3-5bb97fa6097f","67770f3f-28b7-41e0-9425-45b6d27a203f","2026-05-24T17:33:20.378Z",34882,"Betting Wallet Top-up","USSD"
"8d0c7aaf-6744-40d8-9234-c4711bfa068a","101ba5c0-6d88-4ed3-b69a-78ceef755d50","2026-05-25T12:29:52.458Z",65628,"Utility Bill","Cards"
"7f480256-7e1a-48c3-8fab-5f7d4715ca78","e1c259b4-80d5-4287-8957-7d36241822ca","2026-05-25T05:20:44.263Z",30432,"Betting Wallet Top-up","USSD"
"6f9ee2d5-ab9b-4483-baa7-0c11909ccade","3999e7f0-f09a-4513-8145-abf4573a6389","2026-05-25T04:54:56.973Z",8425,"Utility Bill","Cards"
"7448304a-a985-44e5-88e6-58c937b960a7","218f610a-ae69-4504-b3b4-e68863349477","2026-05-25T09:18:10.933Z",117685,"Airtime","Bank Transfer"
"5d0943a4-3d4a-43d8-9676-433823ec0c3a","6bbec6d9-122e-4f7a-9d93-d98542e87956","2026-05-25T00:37:02.093Z",113741,"Airtime","Cards"
"a5bf01ab-9bd3-47c2-9fa2-c31655d63158","7a2d0822-020f-4401-bfbf-d18d0c81873c","2026-05-25T02:40:06.691Z",139188,"Betting Wallet Top-up","Bank Transfer"
"58e5eb35-0276-4ce0-b39c-64efc931698d","ea0dc5db-57da-409d-bde2-e824395ae647","2026-05-25T06:54:45.209Z",39567,"Betting Wallet Top-up","Cards"
"763f542e-c70d-4059-8296-fad0addc1f7c","e4139399-016d-48e6-8924-6758d3da7f80","2026-05-25T05:08:15.246Z",93353,"Betting Wallet Top-up","Cards"
"5ff8f136-59b6-4390-a08d-804a0c8d1f60","943e6db9-33f2-4d80-8fc3-86933ce87b18","2026-05-24T16:16:37.144Z",31809,"Betting Wallet Top-up","Cards"
"78cc70f9-d232-41e7-801e-a579e2830932","d39fac17-d5a8-4211-aeb3-2d5439a94ee3","2026-05-24T13:56:30.839Z",119016,"P2P Transfer","Bank Transfer"
"33a1a25a-e736-4043-9028-480357cc4613","b83f1422-2f38-4513-addd-34304a9f5437","2026-05-25T07:52:04.178Z",147298,"P2P Transfer","Cards"
"9e7f575b-7491-4d53-839b-750653232783","9ab4727e-a516-42fc-beed-414347679c53","2026-05-24T19:54:57.570Z",41670,"Utility Bill","USSD"
"9f3c01f9-4df9-412e-866c-172d002bc973","359efb05-38d0-47de-9819-02227114d56a","2026-05-25T07:53:40.082Z",123957,"Betting Wallet Top-up","Cards"
"006af377-7548-4053-9e40-9002c0e969c0","293f13f7-9bf3-47b0-85b9-0fc727aa85ec","2026-05-24T22:51:53.823Z",60134,"Utility Bill","USSD"
"a4f3b35c-62b6-4eb5-a10e-a7eda0e18aa7","4d291d71-3861-4fe6-98da-24b124005c5d","2026-05-25T11:33:02.811Z",56530,"P2P Transfer","USSD"
"4c4cd668-6f8f-4ed0-968f-b03088434772","c2f67c6e-5d41-440e-867b-ee37a8deb3f8","2026-05-24T15:40:03.543Z",133471,"Airtime","USSD"
"06ea8203-6fe2-42e3-9aa8-39557242341b","8dc83a28-0163-46b5-89d2-b6d09ce84ba0","2026-05-25T04:45:58.810Z",73593,"Utility Bill","Cards"
"00690e4b-5c5b-4dcf-a9d3-296dd4aaf32d","b6851b74-6dd8-410f-bd85-91c409aeaaf0","2026-05-25T04:21:12.448Z",47969,"P2P Transfer","USSD"
"7908b40a-aec6-4591-b2d8-f1d715388a5c","7bc5c9a3-c70f-438a-84b6-a21e676ef260","2026-05-24T21:57:50.005Z",71276,"Utility Bill","USSD"
"e807b246-f23d-4bd1-afb6-32389b0df0b7","338eadd6-290c-4ff2-818b-68a8ca3f9472","2026-05-24T19:22:00.729Z",22897,"Utility Bill","Cards"
"ab05cb85-827f-40ff-8cb6-7d6eb4eca2fe","2ad0a286-ea05-4105-89a6-2c9c272c60e7","2026-05-24T18:21:58.981Z",128880,"Airtime","Cards"
"b22315c8-f963-46bf-a19d-b45fa92edb44","d4d23399-e618-44a0-bcb9-4e7f07823c81","2026-05-24T16:33:05.222Z",90470,"Airtime","USSD"
"a3b5dbec-1ae5-4ff9-a69e-15bb08966b0d","646493b6-3ac1-4609-8f08-5eb991481594","2026-05-25T12:36:40.523Z",30037,"P2P Transfer","USSD"
"45d21001-6a33-4773-9fd8-b8e28e31778b","ec5155a3-95a1-4979-825a-5182755afe80","2026-05-25T04:22:01.942Z",9632,"Betting Wallet Top-up","Cards"
"77a29009-34b1-47ac-bbb7-1d5f24319bce","95047927-6025-4fd6-90b1-3bdf1978b432","2026-05-25T05:45:39.900Z",21589,"P2P Transfer","Cards"
"91631962-4a77-4d19-9e7b-d332b84bbd32","0ed549b4-c58e-4e40-87dd-61dcd7dff04d","2026-05-25T08:38:24.238Z",97261,"Utility Bill","Cards"
"dd69829d-6d5b-4c4d-8b11-a6c358fc57f3","83d61271-7076-4c44-a6c4-d46efd86c4cb","2026-05-25T12:39:44.742Z",4322,"P2P Transfer","Cards"
"d9cde2cd-61d1-4dfd-9bb8-c372d50f7f99","6ec3807d-5594-4664-838b-ce7d5e822da9","2026-05-25T06:33:57.481Z",68530,"P2P Transfer","Bank Transfer"
"6c77e8d4-4ed7-49d4-a0c5-3f7f1f5d2a8a","38948d3b-fa45-42f6-ac78-4a47c4a1a925","2026-05-24T20:15:12.693Z",132388,"Airtime","Cards"
"2f98e4fd-f7d9-4b71-867a-02de6cad4151","fa74b971-7254-47f2-9af5-52d1653d7ae9","2026-05-25T09:46:44.760Z",86221,"P2P Transfer","USSD"
"6e47b9d8-6c8b-422f-9706-3c128c555548","b9591b58-2f53-4651-84c1-2c9580626cd2","2026-05-25T02:38:48.293Z",103811,"Utility Bill","USSD"
"cefd3e84-316f-4a02-8a2b-fa3de36d8466","97801827-68a9-48f9-8f36-55d64638fcde","2026-05-24T17:45:50.353Z",89375,"Betting Wallet Top-up","Cards"
"d0b62219-b7ea-4429-8825-bf669a3712d8","27360f66-5564-46ff-bb59-fec3e2379413","2026-05-25T12:24:51.851Z",70212,"Utility Bill","Bank Transfer"
"cbb71e35-b924-4da8-85ab-89ba7f1a93e8","f4c6829e-b83e-4442-86f3-6bca84c78465","2026-05-25T01:52:16.017Z",36805,"Utility Bill","USSD"
"d4f7cdd4-42ae-4088-948f-219d8bc5bb85","d4a91fad-6c6e-4b50-b43c-7ac6e79187ae","2026-05-24T18:07:27.713Z",59106,"P2P Transfer","Bank Transfer"
"c5f530f5-c9b0-4ea6-850d-5aedc1342075","7c7ff487-da73-4039-98f7-db4527957c70","2026-05-25T10:31:17.276Z",139243,"P2P Transfer","Cards"
"0c976395-e34a-4461-a912-cb1fab7d1735","5e364309-7c58-4096-89a1-67094cab590d","2026-05-25T08:03:54.502Z",29364,"Utility Bill","Cards"
"9028b202-db4d-481a-ad22-146000a29714","4aa3c0dc-1982-4acd-a936-582c9adf5b9d","2026-05-25T08:50:10.160Z",10674,"Airtime","USSD"
"ee1077d7-dc2a-42ad-9f86-fd8a6d4ca98e","5074f33a-7558-45b4-a5e7-59e6e79d2079","2026-05-25T06:22:20.096Z",122449,"P2P Transfer","USSD"
"07bbbb6c-6956-4862-a974-b5b07d378590","f73219e1-6165-4acf-98c2-a798f399a382","2026-05-25T02:10:06.204Z",27146,"P2P Transfer","Bank Transfer"
"64ead563-23e3-46e4-9459-44eba02802a8","ea04dc77-520f-4add-b55d-b7544b5d34e8","2026-05-25T03:03:46.708Z",4375,"Airtime","USSD"
"0a30169e-742a-4b57-bc7a-a3e8598be0cd","079f3786-92e4-4b9b-b1f7-68c28a558c42","2026-05-25T09:37:18.685Z",19540,"P2P Transfer","Cards"
"2790f426-a2cc-4a72-8321-a7a522115857","eab0c0dc-0a11-4b80-a290-449a2fada308","2026-05-24T21:59:03.758Z",74268,"P2P Transfer","Bank Transfer"
"d6c978ce-600d-4db8-8839-663d66f15f51","623f0089-45bb-4a04-b5f7-6026b4cfce6c","2026-05-24T16:56:09.024Z",81184,"P2P Transfer","Bank Transfer"
"37bc86a6-c977-4761-bb8c-21cd5e7e9759","2f639bb4-1f8a-4abc-8aa1-addc54b1b3f0","2026-05-24T18:35:55.163Z",42713,"Betting Wallet Top-up","Cards"
"2cffff6a-fb92-48bb-a3ca-8a7eb0e7d328","702f1458-9278-44d5-95d4-d3f0dfe57d9e","2026-05-25T02:05:05.460Z",101381,"Utility Bill","Bank Transfer"
"c28198c6-9d54-43a7-976e-5228c7884c18","d743da2b-f915-429a-926f-47ed4795fc8d","2026-05-24T14:38:47.208Z",104675,"Betting Wallet Top-up","USSD"
"65646d54-ee63-4615-9eaf-a1788b7461e5","7d7e2453-89a8-44ba-becc-5109d52ef3af","2026-05-24T18:07:44.885Z",3805,"Airtime","USSD"
"763bf67b-f87f-411b-9319-5b3043ee8ddc","1d1171e6-3aeb-49fc-a90e-8306a3d33ddc","2026-05-25T00:37:18.584Z",64685,"Airtime","Cards"
"a0a67982-67ef-4446-b1e2-3aaf3fd55d5d","db91c22d-8211-449e-8b19-cacd320ecab2","2026-05-25T01:37:54.633Z",28250,"Betting Wallet Top-up","Bank Transfer"
"8e74c5d3-04b6-405c-9982-7512c1c35bc5","efbaf10e-ddac-43a8-ba2c-73e1648e9ccd","2026-05-25T02:31:17.634Z",146106,"Betting Wallet Top-up","USSD"
"874c8da2-0fbc-47fe-8e5a-2a1a6fd4b466","d8b3d769-df71-4d96-8bfb-a555d2b67777","2026-05-24T13:47:59.016Z",92504,"Utility Bill","USSD"
"b4660abb-e31d-4b73-8fdb-9bee72351943","1f917877-616d-4ae6-9db7-e293b92cbe8b","2026-05-24T14:02:49.550Z",137882,"Utility Bill","USSD"
"ff0b30b9-44a2-4180-afa0-74b1ac68adaa","48a6bffb-9505-4806-adac-fa21fd93f8a5","2026-05-24T18:51:28.652Z",131550,"Betting Wallet Top-up","Cards"
"11ba0778-e6b5-4d58-b211-a1a81d4516ae","fc3c2ceb-d300-451e-ad39-574476e805a6","2026-05-24T14:13:17.103Z",130548,"Utility Bill","USSD"
"e1ac8c08-fa8f-40a7-b532-bc5d6e7888c7","193c2e43-e867-494f-9745-dc5cdb818ff0","2026-05-25T09:15:00.600Z",110203,"P2P Transfer","Bank Transfer"
"fb131210-0e2f-4639-a493-48b86f71c855","3bdb4987-4959-46c0-ac64-f1ba52be1b68","2026-05-25T10:43:21.673Z",97403,"Utility Bill","Cards"
"5b85f530-177e-4463-83b2-c76e567b8832","2d09cec7-3ca8-497f-a61e-bce45febb6e8","2026-05-25T03:50:55.014Z",62235,"Betting Wallet Top-up","Cards"
"d2ed76a2-cada-47a8-93b0-5b53a42dd007","9e596243-0358-4fb5-a13b-992ac510ed5b","2026-05-24T15:18:09.331Z",117944,"Utility Bill","USSD"
"60ac6b67-6056-448e-a93d-acbd3d3a9cc4","221b10e5-0b1a-4463-8dde-aac3d45814b7","2026-05-25T02:52:28.527Z",47196,"Airtime","Bank Transfer"
"2ffcc471-e434-4494-880c-234697ba44ee","6e4eb45a-2601-4914-919d-dc953256d12e","2026-05-24T23:37:53.283Z",26027,"P2P Transfer","Bank Transfer"
"307a76a8-7dfb-4e2b-a344-31875bd390d3","51e68f40-62f0-4e51-8723-d5b2bb08b914","2026-05-24T22:13:23.327Z",109903,"Utility Bill","Bank Transfer"
"4b78bdc1-90d2-47e4-84bc-5e6867593bc1","dbf5b0d9-c56b-4f0d-989b-e57c696b2a61","2026-05-24T21:27:21.669Z",49527,"Utility Bill","USSD"
"e50ef8a2-75a1-4b61-b48f-0f6cb9cb2864","51def8e4-eeb6-46d1-aa28-efffa1296392","2026-05-25T11:02:43.310Z",24738,"P2P Transfer","USSD"
"f847117f-d2d9-4b0c-94ee-65e41094e0c8","897c40a9-9338-47b7-80d1-689f56e774d1","2026-05-25T00:32:20.752Z",6106,"Betting Wallet Top-up","USSD"
"5d335ad9-55a8-4235-90bd-be4fdfc8636b","28f8cbfb-9163-4501-8509-32cc9927b253","2026-05-25T00:56:56.563Z",20935,"Airtime","Bank Transfer"
"2b01c295-a7da-4898-9df6-4168229c15a6","64d49842-e335-4f71-a707-a55ed263d990","2026-05-24T23:11:48.138Z",44232,"Airtime","Cards"
"b1c19c1f-4abd-4a4d-90e9-61ea2d711973","bf630a49-73a2-4544-906c-e0f91a36963b","2026-05-25T03:18:27.614Z",57323,"Airtime","Cards"
"19f5dcb8-fb0b-4bd2-88dc-1c6946619c91","53a3f4f9-5a11-49ce-93c2-1a007b75b6ed","2026-05-24T20:47:42.512Z",147276,"P2P Transfer","Cards"
"f18b72eb-5900-414d-a687-4d092d47919b","2a11f0ab-3279-4086-acf0-dc82b5a1ff64","2026-05-24T18:16:54.330Z",65863,"Utility Bill","Bank Transfer"
"61a30fa5-35fa-4bb4-b37f-76bb27bd3015","d3caedf3-07ca-4c8a-888a-4ec22fa53fab","2026-05-25T12:42:37.648Z",15909,"Utility Bill","Bank Transfer"
"b4850fc2-76df-4a44-b3cc-d9e94673d213","89154dca-d70c-4adc-bf81-7ba6ae6b9f86","2026-05-24T22:44:45.753Z",86865,"Betting Wallet Top-up","Bank Transfer"
"0fdb0d44-f3c3-4885-8233-c47c560542d7","edcbd813-8177-4d5a-9a8c-3186a01f1247","2026-05-25T12:18:25.086Z",100919,"Airtime","USSD"
"88a5a6d0-d168-4c17-b29b-a7c822d80614","a1476509-5cba-4b9d-87f3-2ca490345fcb","2026-05-25T09:39:11.559Z",107061,"Betting Wallet Top-up","Bank Transfer"
"efae8c15-06df-4d0c-85df-a0be3ced7842","32746d52-ec6b-4099-8fea-8699d7eef4e1","2026-05-25T06:02:42.113Z",49746,"Betting Wallet Top-up","USSD"
"cad0c3b9-6c9e-4cdc-9a3f-584b3ba31bd4","c2ee4b08-8403-42ce-abec-0d0e1309a043","2026-05-24T21:59:43.353Z",133910,"Utility Bill","Bank Transfer"
"d886d8ab-fcb5-4174-bc2e-9e5ad336389b","92096f4b-37de-4726-b369-7382f95b6789","2026-05-24T20:33:59.258Z",83935,"P2P Transfer","Cards"
"0d346ee9-3149-4d8c-93a1-95f2d0111171","8cb23854-62dd-4670-b264-2872672982d3","2026-05-25T03:48:28.600Z",78859,"Airtime","Bank Transfer"
"925ca21b-cafb-4b1c-a303-13cde72f67b6","9018e7a9-1be8-444b-8934-78ab9c88f6d1","2026-05-24T23:44:24.653Z",56027,"Airtime","Bank Transfer"
"cb0d0c2c-9c7e-4dec-9c4e-55f5b3a6547c","55fe658b-980e-45fe-9a6e-01bf5cb56106","2026-05-25T11:29:42.726Z",125214,"Utility Bill","USSD"
"70ff6779-4036-4619-8a5c-355ef440ee08","ba94517a-72b0-4d80-92d3-ff07e0482d0b","2026-05-24T17:10:41.626Z",1111,"Utility Bill","Cards"
"0581295b-0033-4f89-b24a-7b12d30976d9","516ad520-6555-4055-8545-7722926b4f10","2026-05-24T23:50:26.184Z",72279,"Airtime","USSD"
"6bd27f60-c5d2-4ad3-abe2-df69feb0658a","fc623e06-b123-4cba-989c-a59c3fdcbca8","2026-05-24T15:53:10.597Z",62695,"Utility Bill","USSD"
"1b701ac8-5cae-4cde-a99e-95bdae8bd56a","30f33d25-3839-4ce3-ae08-55faf80f0622","2026-05-24T22:40:16.039Z",49432,"Betting Wallet Top-up","Cards"
"ad530364-867e-491a-81b4-a04d5fd46d00","b25680c5-b5ae-4de9-b5b9-6cb55581a15d","2026-05-25T02:01:14.347Z",70128,"Airtime","Cards"
"0a9bfaee-bffb-4c5c-8d22-8c5e277a6eb7","1561a0e5-21e3-4edd-8cbc-9de99de0cd69","2026-05-24T23:39:37.943Z",41485,"Airtime","Cards"
"c75718d0-9eb2-472c-8794-df68e5632b8a","e600bb8c-b512-43ae-a7b9-7eed92ddc7ef","2026-05-24T17:36:34.117Z",129335,"Utility Bill","Cards"
"a8c4a19d-098a-413a-8525-cdc6fbf2aded","22ce39f8-465c-47ba-b408-3a9af4bec4e7","2026-05-24T14:43:27.438Z",77529,"Airtime","Bank Transfer"
"dee8d93b-226d-4934-a15f-b7ddc3a1d164","256394b5-047a-42fa-a77c-8b71677fcb66","2026-05-24T17:22:43.148Z",78194,"P2P Transfer","Cards"
"68d489e1-c58a-4ffc-8fc0-08ba76bbfc05","63ecdbe9-2566-4acc-bc68-aebf51eae78d","2026-05-24T21:56:42.563Z",31662,"Betting Wallet Top-up","Cards"
"f9f07e25-0227-48c0-9283-43d9288168db","dce5ee67-8351-4782-bf17-961c64c68313","2026-05-25T11:20:44.324Z",9248,"Utility Bill","Bank Transfer"
"b5116a80-6521-4c5e-84df-4bf69974f83b","d9ff2b9e-9771-4903-ad2c-c3cb986530ab","2026-05-25T11:52:52.650Z",13362,"P2P Transfer","Cards"
"743e1e61-3a10-4b07-8781-b0de47792b6b","5bbad405-08fa-4b63-8f6d-abcd76d809ce","2026-05-24T21:46:42.265Z",149199,"P2P Transfer","Cards"
"993018a8-eb75-43ac-8348-ad4db0f2219a","0e9c25a8-991e-4c7e-a417-f46666c55333","2026-05-25T06:45:12.789Z",116964,"P2P Transfer","Bank Transfer"
"b5a91877-0b53-4c0b-8d75-cde9f1f4b970","1739c803-b63d-478e-8075-e18122381834","2026-05-25T12:31:30.092Z",114157,"Utility Bill","Cards"
"78bd59a1-413b-4e3d-abb3-bf6ef84da9d5","d4167bbf-dae0-4c9b-9c66-74ea1244ef5c","2026-05-24T22:32:45.373Z",63467,"Betting Wallet Top-up","Bank Transfer"
"f38ec31d-9d47-4f74-b9ee-d68421e184db","8dbee436-ef52-4027-beda-9d021a9b1034","2026-05-24T22:16:15.974Z",76726,"P2P Transfer","Bank Transfer"
"dfc32eb6-92ab-4ca6-b1d6-e264939edb76","e5bf3043-4c2e-48f0-a86a-73526805525d","2026-05-25T05:18:47.482Z",73849,"Airtime","Bank Transfer"
"d4d993a8-83ec-47ab-b335-abc811254b5c","52251f0d-9b1c-4996-8fd5-6c144bc95390","2026-05-25T06:01:42.446Z",148047,"Utility Bill","USSD"
"a4916b16-2222-44cb-9fbf-16ba08b652b0","ee84ebad-c2ce-4dc9-bf4d-0987ee327069","2026-05-25T00:42:58.214Z",100694,"P2P Transfer","USSD"
"5c17dc7a-7241-4678-a979-f643708a4a30","0749d40e-75ca-46ca-bbec-280fd38df962","2026-05-24T21:52:26.683Z",74014,"P2P Transfer","USSD"
"fe3852e5-54e4-450b-b87f-b14d043effd5","30d08d84-1ecc-4fd9-bde9-66de1f711b59","2026-05-25T12:59:09.152Z",135687,"Airtime","Bank Transfer"
"eec43acd-3828-4c62-8c6e-f6844555f6a7","c19017dc-3ee2-4e85-85b6-90b3b7257271","2026-05-25T02:44:33.606Z",7050,"Betting Wallet Top-up","Cards"
"4073b8fc-380c-41cf-9569-6270db725a31","447932a2-99dd-4e5b-8ffc-9ad7137479c6","2026-05-24T22:35:02.036Z",58756,"Utility Bill","USSD"
"a90f0b58-9024-4de6-833c-50e4b8e19676","43f77e82-0243-47c0-ae8b-db08976f245e","2026-05-24T23:52:46.376Z",126861,"Betting Wallet Top-up","USSD"
"84d37aa7-512c-489e-b524-fc7f0d4384b7","509ac5df-1fda-408c-9d0b-cd901faa71bd","2026-05-24T21:26:25.675Z",142958,"Betting Wallet Top-up","USSD"
"3b212bdd-2aef-48b8-8f22-cff8f735cf65","573b63bf-6e8a-4a70-a516-df657630894c","2026-05-25T11:56:50.116Z",94049,"P2P Transfer","Bank Transfer"
"fc1a302e-9eab-481a-912e-90fb53eb10a5","c9a98c1e-428e-4585-8eb0-063d55321b58","2026-05-25T08:48:43.185Z",5160,"Airtime","Cards"
"9d7a8355-9f2e-4ff9-8c75-19f4ed3e96e3","d2ebdc6a-a22e-4882-9b62-af8c36dfb277","2026-05-25T12:43:04.243Z",17508,"Airtime","Bank Transfer"
"ae92109b-4b53-4663-8d2b-49f1920e7c43","aa73c431-bd96-463b-92b6-6b4b55321fae","2026-05-25T12:44:41.725Z",114715,"P2P Transfer","Bank Transfer"
"50e9affb-b3c6-460c-ba7f-dc5f717ab2df","a1b9c809-585f-40bf-af61-40a1d360dffe","2026-05-24T21:33:07.680Z",125210,"Airtime","USSD"
"b6b70e83-e357-4624-acbb-79292ed2d116","2a64da6c-e918-415a-b369-7b7ea1f12862","2026-05-24T17:57:32.967Z",147297,"Utility Bill","Cards"
"58164b1f-2901-4e69-a88f-d318cec30b26","1759b0ba-39fe-4512-b97a-999ac0899a37","2026-05-25T00:26:35.602Z",48094,"P2P Transfer","Cards"
"0af42298-2a23-458c-92ec-0cfcd3feec31","dc06d63b-857b-46c3-9d9b-f0defab64213","2026-05-25T11:37:05.509Z",102878,"P2P Transfer","USSD"
"d50848fa-4f5f-4759-aad1-05c94b092811","b008df63-0b5b-42c9-bc4b-130d415f9b30","2026-05-24T20:11:21.152Z",60643,"P2P Transfer","Bank Transfer"
"ec8d94da-4dbe-4767-af4b-677253787c8d","7a436cca-0c51-4dd0-884a-6c543d98704e","2026-05-25T01:14:39.790Z",109943,"Betting Wallet Top-up","Bank Transfer"
"add8d624-5e29-49e7-9fac-74c822958e63","a901dfcf-c09b-4079-b390-2be8da7b6e5f","2026-05-25T12:11:43.676Z",86150,"P2P Transfer","USSD"
"04ac95a5-0d8a-4020-a34b-f4e33cebf55f","5bb902ac-ac2e-4dbb-9aa9-68cd2a096957","2026-05-24T20:03:22.669Z",25000,"Airtime","Bank Transfer"
"58c607b7-be86-4607-939a-b04f0f4ef994","03f40f0a-80ac-4960-8859-0c6cea155da9","2026-05-25T08:01:13.478Z",61312,"Airtime","Cards"
"dbc77f9a-ff5e-4db9-a2bb-c2af149b01ae","c15db458-166c-4087-afaa-5b85ffe277aa","2026-05-24T23:46:25.826Z",28753,"Betting Wallet Top-up","USSD"
"d9e40a07-6b26-4cd8-b231-68d951dd989a","68bf6042-b07f-4510-8d3d-09f096fed98a","2026-05-24T21:20:34.847Z",129236,"Betting Wallet Top-up","Bank Transfer"
"6bbb4a9e-073b-4509-808a-cba7bcfd545e","5158b29d-d77b-4ca8-ae25-1fc1b614fe0b","2026-05-24T13:44:06.939Z",26600,"Airtime","USSD"
"f66fc47e-1bee-4079-86c2-0fcb5fea2d12","6bf27687-54d5-4193-bfd5-1bbd99dbac40","2026-05-25T06:19:49.289Z",1707,"P2P Transfer","USSD"
"b34f1894-9c44-4642-99e3-6d1fbdc7da17","d365c9b2-622c-41e3-81c3-aa6a086576a8","2026-05-24T21:40:49.401Z",10287,"P2P Transfer","USSD"
"11008625-3fc8-4001-9713-662ac3f3587d","0692cfc8-59c1-4563-8552-eacfff910afc","2026-05-24T18:23:22.222Z",41956,"P2P Transfer","USSD"
"9e354a8b-b04b-44bb-b71e-082c618ba530","3ddf7d77-3141-490a-a71e-925ee4802f0e","2026-05-25T11:36:59.902Z",49108,"Utility Bill","Cards"
"f304d2cd-ff1d-46ec-a23a-57076427c9b7","c882dc55-1ffb-4daa-8d1d-3c4bb12a408f","2026-05-24T21:31:44.251Z",123216,"Airtime","Bank Transfer"
"8b36cf6b-ef16-4c11-b0f2-c38160ded130","ba08e921-b54e-4819-a9d8-50eb1307cf47","2026-05-24T22:24:40.171Z",119560,"Airtime","Bank Transfer"
"b01b1c61-e3e0-4079-9d28-11d6c0d8b85a","2699a5ef-d1d7-4e07-9093-9a60e1e19eef","2026-05-25T03:43:14.213Z",88865,"Utility Bill","Bank Transfer"
"eeb7af0a-34db-4434-ba77-a7131dedc3c3","7ae66c86-9203-4b09-a9c4-91e7110f504a","2026-05-25T08:17:57.793Z",93079,"Betting Wallet Top-up","USSD"
"b26c7f4b-ed11-4e09-ac65-f0a15d35e8b3","92d30e2b-e4eb-4d47-810f-45cc93dab36f","2026-05-24T18:40:56.955Z",94076,"Betting Wallet Top-up","Bank Transfer"
"dcf52bd4-6444-40f6-bd93-18af5536daa0","8b9ceefb-551b-4a70-8519-7a1f40a42e81","2026-05-24T21:33:59.066Z",62866,"Utility Bill","USSD"
"176ee40e-0bae-48fd-bdc9-76c0ae12ecd3","628b63ee-0c8f-4caf-9738-70a68a0209e1","2026-05-25T01:28:00.141Z",116535,"Airtime","USSD"
"907e45bc-6e2f-443e-af63-64605ce4074c","894bf485-35b5-4f48-929f-e0451ed4f391","2026-05-24T22:07:01.145Z",70201,"Airtime","USSD"
"72997729-d424-40be-b273-6b908d2f3b1b","8a3767b4-77fa-4ed7-a5b5-bd875add6a4c","2026-05-25T01:27:27.785Z",59187,"Airtime","Bank Transfer"
"7597fca4-3397-417c-8bc5-60167ae122e7","fb75f33b-535b-4187-b731-0f6568900f07","2026-05-24T22:47:35.752Z",103106,"Betting Wallet Top-up","Bank Transfer"
"7e571004-b701-4108-af6c-168f17acff7f","b9448c99-c33a-4c2c-98bc-c3d430d35d14","2026-05-24T15:23:12.642Z",117957,"Utility Bill","Cards"
"678a90cc-b777-4c40-96ab-6e5ff0334d5a","bcfcc69a-3ef4-425d-878c-b2bcde8085c1","2026-05-24T22:07:59.641Z",87709,"Airtime","Cards"
"b1d7c59a-077e-4722-8118-98f4c4dbbe77","337193c0-2a5a-4e7a-ad2b-d37dab04ef3c","2026-05-24T16:52:45.032Z",123452,"Utility Bill","Bank Transfer"
"9fd13424-8ec9-46d7-9a98-d978b475c872","172ef45c-ceab-4a8d-9bd3-8fcb43a7c8fa","2026-05-25T07:14:03.733Z",132573,"Betting Wallet Top-up","USSD"
"f127a7e5-9bca-428d-9dc0-094d67cccaa9","cca47508-25e5-400b-9a8e-096c59531d29","2026-05-25T03:04:21.423Z",20605,"Airtime","USSD"
"cdd8c81a-5c10-4ba6-94de-f704b42908f9","edc64d13-4c85-4e6c-a2f6-234750fd0b30","2026-05-24T14:31:51.984Z",36288,"Utility Bill","USSD"
"56d2feab-9989-4768-bcd3-7ca645b5be9a","f3af4a3e-3ed8-4f10-af32-9103c4fd1fc3","2026-05-24T19:27:03.838Z",57076,"Betting Wallet Top-up","Cards"
"14aeae61-fc8c-40fb-a98a-6d3828b58852","9ca3f183-4bbf-45e9-a162-39053792b46c","2026-05-25T01:48:02.125Z",63962,"Betting Wallet Top-up","USSD"
"ff47c762-f730-4188-9e00-880fa8ef01d2","124dd17e-07d5-43ed-be5b-c78f754f822e","2026-05-24T19:10:30.047Z",64916,"Utility Bill","USSD"
"b944ed82-c45e-4687-968e-dd4f7c69cec9","6aa3c795-0878-4dc5-957c-82e8963f0c7b","2026-05-25T00:15:02.587Z",71241,"Betting Wallet Top-up","USSD"
"3a735d5c-635c-4dae-81a1-36fafecdbc9b","ef294361-6e6e-4a73-b6e5-24b6538e02ac","2026-05-25T02:58:10.631Z",89407,"P2P Transfer","USSD"
"40752b72-a256-40b9-aebc-7f7d23a29537","311bb261-5c9c-463d-9c93-ab6f403744b5","2026-05-25T00:09:40.514Z",122393,"Airtime","USSD"
"80f191d9-fb24-4b72-81b7-17870e30ead7","5a0b7d4b-b6b2-4e23-98c9-023baa3e32b7","2026-05-25T02:04:51.082Z",122830,"Betting Wallet Top-up","USSD"
"a0b209c3-9583-41af-a94e-933ea0b4584d","12221e33-9bba-4960-b46c-1f94150ee706","2026-05-25T10:10:32.186Z",67451,"P2P Transfer","USSD"
"3c903998-00c7-475a-a921-59bacafc2437","e72d65d2-1751-4bf3-b030-9267daee842c","2026-05-25T12:54:47.932Z",53740,"Utility Bill","Bank Transfer"
"1e65ade6-66ec-47eb-8306-e1bb074edf1e","869ef220-64ac-4d42-9522-8c35ca95613a","2026-05-25T08:50:22.765Z",19130,"Betting Wallet Top-up","Bank Transfer"
"df2ee646-f599-47db-af3a-647aaeff0fee","e97f210a-7a4f-4afc-a594-07bf4adb9369","2026-05-24T18:53:06.908Z",102671,"Betting Wallet Top-up","Cards"
"ac709d8a-506d-4e54-82be-a84087376d8d","61a35433-2aaa-40e0-87a3-1dc039c67be4","2026-05-24T15:17:29.763Z",25599,"Betting Wallet Top-up","USSD"
"937bad3a-7f66-4bdc-a75a-16b6864e4d67","90a8d87b-1dac-4bfd-a07c-37964ac8f95a","2026-05-25T12:36:55.642Z",92862,"P2P Transfer","Cards"
"5ee003c0-6ad8-4f3c-af3c-072f76ba6970","704b2342-bf93-47d4-8ed8-9a27a984c31f","2026-05-25T01:24:05.869Z",46603,"Betting Wallet Top-up","Cards"
"8f7ba23c-8011-491e-929a-830d0b2113c5","4939a156-70c8-4843-b311-12dd0a2db436","2026-05-25T03:31:44.557Z",73855,"Utility Bill","Cards"
"5119f73b-409f-4dd5-b921-d50289236f45","1f8412a6-c238-431f-b4e6-c733fd1b794a","2026-05-24T15:18:57.575Z",95829,"P2P Transfer","Bank Transfer"
"545f44f1-73db-494c-b968-5f4dc2b539a6","8de6bf0e-6a24-4ea2-a4ca-2788f2579382","2026-05-25T07:54:54.094Z",148107,"P2P Transfer","Bank Transfer"
"7bdaf597-66af-4edc-b132-328c2014b166","7e3d7139-d751-45d0-9073-5272a5351d6c","2026-05-24T19:13:56.216Z",106660,"P2P Transfer","USSD"
"0946cd3a-ff4f-4f97-9b76-f93e32658b73","c6d30015-adac-4484-96d7-0ad3bdf92913","2026-05-24T14:04:03.100Z",78640,"Utility Bill","USSD"
"eba0b659-17ab-4fd7-aca8-b56f03b2feb9","fe1c93e1-bff7-472f-8be2-03a1ccf391d2","2026-05-25T04:56:34.479Z",2589,"Airtime","Bank Transfer"
"5e9de0bd-19a5-442e-bb53-fcd670cb92e3","0651136d-9e46-40b7-8882-8a8bfd705b15","2026-05-25T09:13:19.663Z",30514,"Betting Wallet Top-up","Bank Transfer"
"4f2de3f1-72a3-493e-a805-fb0f7a7a5fef","6b47c33e-73c6-42e7-8846-194b564d7d49","2026-05-25T02:39:28.061Z",8670,"Betting Wallet Top-up","USSD"
"82521738-34aa-434d-8e57-73435a7c820c","69e3e9bf-0061-4d17-91da-e65d6e7a335e","2026-05-25T06:04:25.151Z",90055,"P2P Transfer","USSD"
"f963ec06-ee00-449c-84d7-0313e65b4ec6","5b7dda82-8200-4238-9330-943e7a87bec0","2026-05-24T23:35:18.918Z",57539,"Airtime","USSD"
"d15813ba-a2d5-4c4a-b510-0185c2b83354","44f113ca-3dc6-41fa-895d-3517c1ad565a","2026-05-25T04:04:09.953Z",11375,"Airtime","USSD"
"8233ccb5-4234-4b41-87d6-6f16d079b466","34479dd2-d730-4933-8b76-ebbeb42b3c26","2026-05-24T17:13:47.496Z",101375,"Airtime","Bank Transfer"
"10187462-4537-441b-b9a2-f18fc8635a11","ea085744-f46d-4819-be37-5264cdf8ccc3","2026-05-25T11:44:39.357Z",146665,"Betting Wallet Top-up","Cards"
"f1c238f7-4d7a-4eab-b180-df359cc51dae","5282ce7e-8fd3-41a5-9ece-7920f442060c","2026-05-24T17:22:18.988Z",73615,"P2P Transfer","Cards"
"b60dd479-859d-4bc3-87ef-66858de6ef93","d75bff04-c37b-49aa-8755-210a0eda710e","2026-05-25T03:47:45.102Z",19537,"Betting Wallet Top-up","Bank Transfer"
"3701e5b9-d738-41ed-98bd-3e0a29f0b75c","885b8f39-ca83-4942-a023-4989bbd8c16a","2026-05-25T10:10:04.850Z",100826,"Utility Bill","Cards"
"73e1bd9c-e8a4-49c5-9de4-97b47eb117a2","bddaaca7-75a8-4f0e-97e0-1ab8b876ac62","2026-05-25T05:02:43.568Z",34144,"Betting Wallet Top-up","Bank Transfer"
"df85fe4c-c95d-40a5-86cc-31c08073762e","b723b154-7458-45f2-8c06-a707dec1abbe","2026-05-25T03:08:57.138Z",57596,"Betting Wallet Top-up","Cards"
"7a75055a-c3a6-4af6-b05b-22793c22d058","90cfe580-2b59-4ef6-909d-8e47090d7e6a","2026-05-25T07:35:07.216Z",126603,"Betting Wallet Top-up","Cards"
"6890282f-d379-434d-9529-e750b8c0a18b","c35428f1-a234-4531-aa15-0d8e2d6b63d7","2026-05-25T10:32:07.596Z",14403,"Airtime","Cards"
"cb1b2fd9-b5f7-4f91-9482-6ca24b0e21c4","da972f8f-afb4-4c1e-b334-3e4995dfdbc2","2026-05-24T22:06:46.404Z",136681,"P2P Transfer","USSD"
"d8dbfa16-06c5-48bc-a7c3-b8aa5db52aa6","9cf27e6e-4035-4327-b0cd-6a8d8d06f2fd","2026-05-25T06:14:05.167Z",6605,"Betting Wallet Top-up","Cards"
"9f8699a8-54e3-4da2-9469-97f02dd680ae","8347dc75-d4c8-4d13-8556-a9d3a5053f89","2026-05-25T06:19:37.975Z",136735,"Utility Bill","USSD"
"cbae614c-06a1-4aae-887a-deac1b098a39","62d0752a-31bf-46c6-b89c-d10043c578bd","2026-05-25T04:26:18.650Z",43647,"Utility Bill","Bank Transfer"
"43718951-b09e-408a-b921-eac348fd93fb","4d4249e8-054f-4a21-8707-8fd0368b7eb1","2026-05-25T03:03:55.253Z",11238,"P2P Transfer","Cards"
"673c8322-feec-4746-a972-4178567a6ea6","b34be325-5e07-4fcc-b79a-4f48ec4b1d45","2026-05-24T14:05:22.264Z",109241,"Betting Wallet Top-up","USSD"
"e4167a27-f10d-46f9-b34c-811489e5b80f","61b5e6e1-3ef5-4d51-86f9-40e1f7ef1a0f","2026-05-25T05:48:36.553Z",29175,"Utility Bill","Cards"
"f420a43d-f457-4e03-98f6-0d3bbf9b8ac3","18c22cfa-a76a-4f42-8490-eebe69f6883c","2026-05-25T11:36:24.027Z",148670,"P2P Transfer","Cards"
"36246a5f-9dab-461f-a571-02da1d10c0a2","3d07dd30-60d0-4cfc-9794-b65f01781a55","2026-05-24T13:35:23.879Z",110887,"Airtime","USSD"
"f7f97298-f24b-428b-9cfd-c68e090d92dc","340fdb5f-d861-4b02-8b31-7331f45372f5","2026-05-24T21:34:42.152Z",60844,"Betting Wallet Top-up","Cards"
"21a33686-4810-4787-9bf8-972765edcae9","c6c323e9-352a-4f73-92ef-6ed0ec895a50","2026-05-25T02:04:09.856Z",114897,"Betting Wallet Top-up","USSD"
"6d056ff5-9528-455b-a30c-1c3ebbfae14d","854b0a69-b04f-41f6-8950-fb455b568a28","2026-05-25T01:00:07.972Z",90501,"Betting Wallet Top-up","USSD"
"83fc311d-074e-4d7a-9249-7ef187b6992f","8c01c2b0-e97c-4e7a-ae8b-ae15c15f07da","2026-05-25T05:54:28.128Z",72623,"P2P Transfer","USSD"
"c5a90286-2d0e-4114-b591-b2e59d80e3de","d9920b95-108c-4a6c-af5b-5c345200debd","2026-05-25T09:01:50.682Z",140185,"Betting Wallet Top-up","Cards"
"3223708b-a5eb-403d-aebc-f47b3094c78e","c9c9418d-8945-4227-a861-3eeaa88dee8e","2026-05-24T19:24:58.596Z",112731,"Airtime","USSD"
"3557723f-655c-4a9c-9a76-3c92291ffa12","63cdb56a-a83c-4fc5-b488-b674e8d22792","2026-05-24T17:07:01.407Z",51038,"P2P Transfer","Cards"
"568c5fe1-bde9-4389-803d-23b8d81277d4","bc8bc045-3eec-4b75-aaed-7c10e10d00f7","2026-05-25T06:17:42.022Z",6562,"Airtime","Cards"
"dec89578-8303-40e6-b992-74a0c6c6bae9","52c71ecc-df02-4841-9bf0-3ab704df1fa9","2026-05-25T08:58:17.995Z",41493,"Utility Bill","Cards"
"64b83016-dd5f-4954-b83f-7b50fa59196d","6a883d20-95fd-4afd-b31d-00f03e5fcfff","2026-05-25T04:33:52.690Z",13095,"Utility Bill","Bank Transfer"
"4a8889ed-b588-4235-bc3b-eb58a2b835fc","d1ac6415-11d7-4095-b877-d4c41c5c95bb","2026-05-24T20:49:48.361Z",34229,"Utility Bill","USSD"
"9ec551af-c425-460a-8137-5e662aefa049","ba88c656-2286-40c0-82e8-787bc25d38ed","2026-05-25T05:51:59.499Z",27779,"P2P Transfer","USSD"
"db6ba7ca-f737-4ac2-911c-29530f53c739","71b10c62-38aa-4a05-bbe0-dbcade372128","2026-05-25T01:07:57.094Z",62585,"P2P Transfer","USSD"
"f54aa574-42c2-4533-b160-b10f7f0b45e3","6226dd0d-02ed-462e-aa5e-3caff75c3a6f","2026-05-24T21:47:01.738Z",144790,"P2P Transfer","USSD"
"0a5d7526-35cf-4a9c-be5a-d50e4b374654","44e7d9ab-47ce-4af1-b5c8-862f857325eb","2026-05-24T18:48:05.877Z",109490,"Airtime","Cards"
"e0731519-3841-499d-901e-938724fe653b","bee920de-1561-4b04-9ab0-60f9838b11c5","2026-05-24T15:04:45.085Z",6938,"Betting Wallet Top-up","Bank Transfer"
"3d4b7cbe-fbc0-4d02-ade0-fcc9bf1b7ce2","78860ea3-3a57-46a8-a381-5bc7ea125af8","2026-05-25T03:59:20.603Z",97454,"Airtime","Cards"
"126b7af0-fd5b-468c-8851-de34762fc863","1e7404d6-db0e-46d4-9743-34e26eb8cf00","2026-05-25T05:02:04.903Z",80181,"Betting Wallet Top-up","Cards"
"c7fdb3c8-f38b-4bb7-970a-1afa6bd86ba5","b773e087-1039-41a9-9aea-5abf9f72efc0","2026-05-24T17:18:37.521Z",102864,"Airtime","USSD"
"4c955a29-9d40-4e7e-9ca2-ea4e184ff4ad","1745b64d-c96f-49b6-a947-a2eb8b687e7e","2026-05-24T22:10:42.904Z",146811,"Utility Bill","Bank Transfer"
"9735adf0-533f-431c-b22b-24cffb13eb03","d30d2f47-79b5-469b-b21a-a2c8d5f0f63d","2026-05-24T23:17:18.587Z",114538,"P2P Transfer","Bank Transfer"
"5789fe30-f59e-4b64-8d19-ca865ae15533","5751de15-0058-4d85-9edd-e98af7614f0d","2026-05-24T16:32:20.429Z",55407,"P2P Transfer","Cards"
"123c5bdd-c768-428d-8a03-b027e977b644","1702d604-a702-4065-8c08-f4c06eb52af1","2026-05-24T16:05:51.627Z",9900,"P2P Transfer","Cards"
"967a95ad-faa4-480a-83fa-ff8240710eac","fcc3c91e-f8ef-4e30-9643-89e30ee68123","2026-05-24T14:59:40.354Z",145165,"Betting Wallet Top-up","Cards"
"9f33b7a4-64fe-4d88-93c4-cb50902cc671","4e30664b-9cc5-48ef-9267-2ec5e27f2222","2026-05-24T20:27:16.578Z",53452,"P2P Transfer","Bank Transfer"
"b9dd1739-02a9-4776-823b-77a3be255a96","10bd389e-27e8-40e4-be5a-4dae3eb775c6","2026-05-25T12:28:17.456Z",80670,"P2P Transfer","Cards"
"c287e313-dd20-4a86-a107-b10918fc6889","ae0d1863-85df-4222-86db-f00b5eeff24f","2026-05-24T18:11:34.225Z",37739,"P2P Transfer","Bank Transfer"
"7161062f-a8eb-4bbe-9e53-81b575f4ad27","16d80480-7a10-4cb0-8c4b-6815164e81a6","2026-05-25T06:56:30.727Z",83134,"Utility Bill","Bank Transfer"
"7c671b8c-d5c3-4485-ad4c-8de79e7f19ba","b6c5c34d-c3fe-4871-b955-dc55777c4c22","2026-05-25T11:58:43.021Z",139625,"P2P Transfer","Bank Transfer"
"f614599b-e33c-4c1b-8224-5fde8121b4a2","23090ba5-106d-4d90-a25b-77f047af03f7","2026-05-24T20:16:43.859Z",105097,"Airtime","USSD"
"fffdf351-926a-4891-9069-fceeff85875c","a8420d2f-a462-433b-94dd-d0d56fe69565","2026-05-24T19:42:49.332Z",46905,"P2P Transfer","Bank Transfer"
"2a827cee-884f-40d2-b348-d726ec4ecddd","89f8293b-ec0e-40bf-8305-14192c941bd9","2026-05-24T13:26:26.391Z",76081,"P2P Transfer","Cards"
"e1e9cd8d-e4b5-48ad-8ba1-f8c913aef66f","c335be61-25fd-43ec-83b1-0e89a4372bcd","2026-05-25T10:35:49.168Z",138517,"Utility Bill","Cards"
"f12709ca-e49b-4f46-bb8a-e0ee16bfe3df","a2dbdf04-a022-4af5-b1b4-df4e140459a0","2026-05-25T12:34:50.329Z",92130,"P2P Transfer","Cards"
"6b3d9f34-d123-42da-b2ba-1f88677f9790","50c3f77d-331d-41b5-8f0e-4c67cc62d542","2026-05-24T15:54:24.822Z",116862,"P2P Transfer","Cards"
"f26497cc-c3e9-4f69-98bb-59cb94403cf8","a1a7240d-df56-4be9-a46c-b667841a1746","2026-05-25T06:12:03.440Z",124353,"Utility Bill","Cards"
"01f48103-d5cd-4b37-a788-61024aa9a528","f548e4d6-1267-489c-a0cf-a4194ffb28b6","2026-05-25T02:18:19.568Z",58224,"Betting Wallet Top-up","Cards"
"13671d56-edfd-486e-881a-9a8a72f1bed1","5fad6382-00b1-4eca-b5b4-a916cd25ed6e","2026-05-24T13:18:05.391Z",83345,"Betting Wallet Top-up","USSD"
"418544a8-787f-4849-8984-851523e4b0a1","0a65a5f4-9ec9-4ed2-812f-4766f8abfe4e","2026-05-24T20:54:32.803Z",65837,"Airtime","Cards"
"bd304ab1-f04b-4c6c-bbd0-fd28cf84355f","d55f9c29-5bf9-4e97-8c45-74a13bd5086a","2026-05-24T13:19:10.962Z",89438,"Betting Wallet Top-up","USSD"
"f1f2af05-a4ed-42aa-a69c-0e3270c0e97f","795f6e5d-433e-41c0-9d75-9e0ed34dc2c0","2026-05-24T13:44:10.082Z",79852,"P2P Transfer","USSD"
"b6f10338-3c07-4816-9fd6-1f8723760aa8","b22a7d26-83d7-421e-b599-88ab990b2bc4","2026-05-24T16:39:49.471Z",107474,"P2P Transfer","Cards"
"3e0d22ed-1761-4709-9f05-0b71e3ef496b","9126c45d-be6a-4ba2-adc2-b6109cae1493","2026-05-25T02:43:01.760Z",53157,"Betting Wallet Top-up","USSD"
"831b2584-1e8e-4c49-88d1-ac5fe0285df4","174d94fa-261b-407d-922b-d57f8b1ffdc9","2026-05-25T09:26:51.021Z",111313,"Betting Wallet Top-up","Bank Transfer"
"2ce85b46-9d44-4f6f-890c-8378790452da","2408aecf-0f1e-4ea3-ae68-40f16d6f40da","2026-05-24T15:59:17.965Z",148592,"P2P Transfer","USSD"
"369b2594-dee6-4c6c-bfe8-b741849845f7","9222eb7f-00b4-4443-a102-fd0d44f89621","2026-05-24T21:59:35.929Z",4643,"Betting Wallet Top-up","Bank Transfer"
"f9cb6b70-60bd-43a1-bf59-c28b2e35dc12","17926709-8ce3-422c-bbbf-044093452732","2026-05-25T10:06:39.332Z",57468,"Utility Bill","USSD"
"bce5beff-180b-4d46-9927-5706d8ddd2bc","1a0722ea-9067-4b88-a10c-02bfbbf30017","2026-05-25T05:13:55.473Z",106085,"Utility Bill","Cards"
"f005b6d7-1973-4ec0-9f88-f69649e590d4","9a855fc4-bd00-4ff0-a4b2-5b8ac322a0fe","2026-05-24T17:52:40.339Z",85379,"P2P Transfer","USSD"
"66f0f752-1ae2-49fe-9ffd-06fcd263634e","8b7af5b1-4ec6-4ad1-b59c-23cfaf8f32d8","2026-05-24T16:06:32.811Z",34924,"Utility Bill","Bank Transfer"
"663cfcda-920a-46e9-a1bc-d450be78da44","bcf7d68d-701d-4c5a-b8ca-389ac3c15218","2026-05-25T06:42:41.098Z",94560,"Utility Bill","USSD"
"a291e34e-c6e5-4399-9c17-8461fae97fd5","e603c445-a367-4241-b677-efb8f0f63dd0","2026-05-24T16:58:21.547Z",115755,"P2P Transfer","Cards"
"caadcf77-fd44-497a-8de9-328d3f21cc7a","48a5828c-91bc-4610-9cff-b7e1c19f89aa","2026-05-25T12:18:33.404Z",13784,"Betting Wallet Top-up","Bank Transfer"
"8b871f29-6bd8-43a8-8da5-b989cea6248d","6ddaccd1-60f2-4e34-9086-16cbabb261c6","2026-05-25T05:42:24.520Z",144745,"P2P Transfer","USSD"
"cf5eac19-0a93-4ade-bbe9-80f3d2f30757","4b622eb3-d812-4b05-81e9-51cc747e22d4","2026-05-25T04:48:14.221Z",78507,"Betting Wallet Top-up","Bank Transfer"
"0919236c-9560-4521-a12c-1e4cd6fd656a","69fe53ff-091c-42b9-bca9-53daff2e90aa","2026-05-24T17:47:02.749Z",19845,"Airtime","Cards"
"27ba5a9a-283c-450e-96db-41c7032c41f7","47466882-c9f1-4c65-a419-deeb25541df5","2026-05-25T04:22:43.133Z",115636,"Betting Wallet Top-up","Cards"
"c4ed70f4-cc0c-4f77-a549-ac4c13e293af","b3bb7ab9-d94d-43bb-a6e4-1fbc71fcd3a7","2026-05-25T09:49:02.719Z",103134,"Utility Bill","USSD"
"44e8674a-c935-404c-a2e5-253c6aca59d0","300ca95d-8767-41ca-8727-fc581c579689","2026-05-24T16:23:47.923Z",128264,"P2P Transfer","Bank Transfer"
"761e900c-0c92-4236-a8c4-28b786c4d2a4","8d7c431a-892c-4f40-817c-6529c3fa3aa6","2026-05-24T16:34:41.207Z",54980,"Utility Bill","USSD"
"7f2a4bf4-47ee-40e6-a4b6-74b995690ff3","6a86b4a6-e0b7-4793-bf29-3817c5cdf758","2026-05-25T01:27:20.414Z",23624,"P2P Transfer","Cards"
"e06ba08f-5b13-4a04-ae45-600987aecdc3","61aef1d7-4e47-434b-8212-93bc955b8cfd","2026-05-25T08:15:22.784Z",114629,"Airtime","USSD"
"00a933f9-100c-40df-937c-abbecc4d56e3","3dfe116c-09d8-4c3a-b203-1ef670fc8f6a","2026-05-25T09:03:48.691Z",99027,"Betting Wallet Top-up","USSD"
"9d6b8aca-bc2c-4464-9e47-57129a63d36f","a288437f-6d07-49e2-95d6-7707656ff723","2026-05-24T17:45:35.657Z",17144,"Airtime","USSD"
"587e682a-be2a-4803-a6be-ef8df2c702d0","e8fdb98c-a7a6-4bcd-99c3-f274933f2bfc","2026-05-24T14:49:23.976Z",47097,"P2P Transfer","Cards"
"2a2b47c7-3da2-4b82-874d-4f7723df5ba8","e17c4b5e-549d-4bbf-9a50-31e21839844b","2026-05-25T04:56:32.308Z",97747,"Utility Bill","Bank Transfer"
"8bfd82c8-587e-49e6-ad12-15462c091a1b","f8bc9b89-5cb2-4f9b-9224-e96e35a22e25","2026-05-25T12:14:19.263Z",121760,"Utility Bill","Bank Transfer"
"ffa65a1c-69ce-4396-8784-0de415de47aa","8c199a8a-7144-49d0-97fd-0ac25c9fb64f","2026-05-25T11:26:03.117Z",53055,"Betting Wallet Top-up","Bank Transfer"
"a89d9052-7559-4cef-af2b-b2abd4d23f58","75c5ff86-4776-4798-8893-b8f019824be6","2026-05-24T20:24:46.127Z",27027,"P2P Transfer","Cards"
"0a2f5bf5-bf53-4c3d-bbb5-fc1a188c6dec","acd50aed-c226-41cf-b0fd-cabd3eb9329f","2026-05-25T00:50:25.731Z",70920,"Airtime","Cards"
"66cb8979-7b5b-4b13-82f4-f93c3206d1d4","dd0710ab-c33f-4d21-9a82-6414979df66e","2026-05-24T18:56:09.960Z",83363,"Betting Wallet Top-up","USSD"
"41f1fd32-8bed-4172-bd3c-38db97054877","80c6daa7-a35a-4213-ace0-d207db1915d0","2026-05-25T01:21:25.604Z",137355,"Utility Bill","USSD"
"3b4de884-1aad-4407-86b7-60a6b2035387","5bd1605e-a707-471a-89bc-c0c3540b7192","2026-05-25T08:39:00.493Z",4274,"Airtime","Bank Transfer"
"558bf3ff-a9c5-4b2f-ae6c-829b76a50786","1d437cca-3c12-4afc-a03d-84a61639c081","2026-05-25T07:27:55.987Z",25586,"Betting Wallet Top-up","USSD"
"167d9411-995b-4fa9-8156-5d0b667aa443","d9969cc6-5573-4362-9356-d62e594284da","2026-05-25T10:02:03.794Z",98196,"P2P Transfer","Bank Transfer"
"dd23e87d-b8bb-47f3-9334-f6fc56feb73e","39d80809-d58d-4e17-a1e9-d5053e8b826f","2026-05-24T14:42:06.237Z",34864,"Airtime","USSD"
"cf4a42d3-51d5-462f-93f4-93122a17240d","f626cf2b-53d8-44fc-abc8-50e0be29e3cf","2026-05-25T02:45:47.507Z",55118,"Airtime","Bank Transfer"
"7d272c38-17be-45b6-a3f5-cf28bc1e61e5","378aeda3-e9e4-4e3f-895d-28a707f8b14f","2026-05-24T14:04:48.120Z",105790,"Airtime","Bank Transfer"
"86f5e52e-5290-465c-9057-ac0c02021c74","5d5714cc-9eab-43de-a3dd-ef66a282ede5","2026-05-24T17:15:34.151Z",138310,"Utility Bill","USSD"
"500f9497-da8e-425b-8118-aa618766ae3e","0390657a-63d1-40ff-8220-897cf7926047","2026-05-25T01:30:55.449Z",118761,"Betting Wallet Top-up","Cards"
"71625348-1418-4048-a6e1-0771a62bc485","5116ee2c-9979-4c1d-b8b6-0d1c6cccd8ee","2026-05-25T11:12:09.395Z",73382,"Airtime","Bank Transfer"
"a26198e2-6376-412e-9b0d-6b994c55d1a5","bcde0d70-8ffe-46e6-88e9-ece3ccfe1c4d","2026-05-24T15:32:15.209Z",85340,"Utility Bill","Cards"
"701c3d4d-4862-4b4a-82fa-59060bf81431","7689a98e-8056-4676-bd04-39dcc664e2db","2026-05-25T07:18:43.318Z",125004,"Utility Bill","Cards"
"65f24557-d7cc-4058-aad7-af801539e369","7e2cf533-6cbf-464c-8cc2-7cf5fef8f78c","2026-05-25T00:04:29.713Z",111619,"Betting Wallet Top-up","Cards"
"0d73267e-43a7-4ead-8a76-924ece829e1b","9313315b-f961-4019-845e-6a1aec1e4d1e","2026-05-25T07:52:37.907Z",45113,"P2P Transfer","USSD"
"61f67a73-2de8-4bab-8302-32d323f04f38","547fe047-7d7d-458b-9e64-06e6d573b409","2026-05-24T16:34:50.690Z",57301,"Betting Wallet Top-up","Cards"
"6c126047-78a7-4917-8d66-3a54e6b2bf09","603a9023-1796-4713-ab9c-0ffdde765e42","2026-05-25T05:06:49.317Z",116767,"Betting Wallet Top-up","Cards"
"887e3574-9dcc-446a-a61f-61216550a784","45842ed8-d4f8-4979-8f27-b087a43bb247","2026-05-24T20:03:39.035Z",135054,"Betting Wallet Top-up","Bank Transfer"
"904d2cda-8563-4513-ba75-35171951a3a5","7211f0f4-3207-42c3-b8b3-9ce3955ad96a","2026-05-24T14:57:57.069Z",47086,"Airtime","Bank Transfer"
"ca3b0981-867c-4122-b26b-9aa34fbb6d2e","57da2064-498d-4c0a-9d6a-9b22c1e17346","2026-05-25T03:47:30.046Z",6680,"P2P Transfer","Cards"
"72d576ba-f1e8-47bf-a50e-5b3e28ff0434","a9c4ea8f-e1a6-478b-acd3-51f98059652b","2026-05-25T06:01:23.782Z",64284,"Utility Bill","USSD"
"55f72bd9-5062-4d7c-a997-607a37d41c12","4bbeee97-fa2c-4301-b04b-6fda01551b31","2026-05-25T01:35:16.954Z",5343,"Airtime","Cards"
"7b25373e-74b4-4a76-82f7-d7f8c8c0193e","17ff4c04-0137-40d8-97f3-49a7c02905a3","2026-05-25T13:06:11.118Z",47020,"Utility Bill","USSD"
"5f7c08ab-b5e0-4372-9bc3-56e75d216944","e6c8fa37-c7ca-4e1c-a194-b93c350505ca","2026-05-25T00:43:04.522Z",47916,"Utility Bill","Cards"
"f284d4c0-64d4-4aad-b439-1cedb83afd35","5152f9fb-1c4b-4805-a451-3e548e1945bb","2026-05-25T06:20:07.705Z",6015,"Utility Bill","Bank Transfer"
"e91fdb3e-1741-42cb-8564-342f31cde187","2a49eb2c-d21e-4cd7-8927-c850fead58c1","2026-05-25T03:04:34.826Z",6976,"Utility Bill","Cards"
"4ca22527-2085-4599-be77-2ef8987caa8d","e9d0a09a-a4bc-4b5a-91e0-4b20533853e8","2026-05-25T11:16:10.497Z",144392,"Airtime","USSD"
"da561b44-2d4c-454e-b0a0-d828201f7536","74a4caed-6abf-4e4d-82f5-080b3c515810","2026-05-24T16:15:07.733Z",20166,"Airtime","Cards"
"0adad2ad-ef0c-4b36-b9bf-8cd1211be281","4de690c3-f2be-4ad7-b2da-bcbd9859aab0","2026-05-25T08:06:52.536Z",81496,"Utility Bill","Bank Transfer"
"a9a4c6ca-06b5-43b6-988b-efcec3a32c5a","bc44352f-f69d-49c7-b2c3-2493477e7996","2026-05-24T14:58:33.022Z",6559,"Utility Bill","Bank Transfer"
"284f2880-e10a-4a62-b949-5cea8e066988","a8419eaf-b7d4-4a0d-a410-cea886b7e6e7","2026-05-25T06:54:58.003Z",68370,"P2P Transfer","Bank Transfer"
"1e7b55bf-cbb8-4431-8ac9-f0e3fcb4d2e2","f446ff82-58bb-4706-9476-7837697d0588","2026-05-24T17:41:14.955Z",127832,"P2P Transfer","USSD"
"3203d8ab-3b1e-4ff8-9222-23727cb5b8f9","3d25db84-968e-4929-b7e2-e1881f127893","2026-05-24T13:35:26.879Z",98053,"P2P Transfer","USSD"
"3e926544-df74-4105-9d9c-e4637097817a","d0b4a5e1-96db-4456-81ea-04c908c137ef","2026-05-25T06:47:15.756Z",31289,"Betting Wallet Top-up","USSD"
"2675c26e-6dd1-4b24-940a-71ffaa17edc9","984da329-64a3-4337-9710-00b48c6be092","2026-05-24T13:27:25.567Z",122173,"Airtime","Cards"
"bf0352bd-c33c-4277-ae58-3f81e5453f91","31c35370-ad53-42dc-a5e4-dc5c32393a21","2026-05-24T15:41:29.690Z",144995,"Airtime","Bank Transfer"
"27f08273-8700-43b9-8ba3-3a009b73e2e3","1de9152b-9536-49ae-b678-bff2f42cd310","2026-05-24T14:42:30.822Z",138924,"Airtime","USSD"
"3fba15aa-382d-410f-b8e4-f9316fad2258","d9562aae-61b8-484a-a698-82eed2892981","2026-05-24T19:24:30.008Z",61678,"Airtime","Cards"
"832c1dba-a6e1-4875-ba12-ee997bdbd476","6c38d3fe-e54d-4bdb-b2e2-ce75dc6cc0c6","2026-05-25T00:37:07.968Z",88051,"Betting Wallet Top-up","Cards"
"31f59490-ecc6-4062-9791-749f8d9a1ac5","77b958c1-b253-4dbe-8906-690b38002157","2026-05-25T06:23:38.560Z",44012,"Airtime","USSD"
"7b27ff95-0af7-486e-bbde-12c849865395","f57c043e-2363-4273-b784-8df8a6e9c127","2026-05-25T06:42:05.342Z",76489,"P2P Transfer","Cards"
"741fc046-e6f1-4653-9d5b-346f46de58e3","d9460943-1192-4048-939d-34b8141800e9","2026-05-25T09:13:36.998Z",66576,"Utility Bill","Bank Transfer"
"a6060ea8-f3ac-41a7-ad70-02eadf4435c4","6858ecb1-0e1d-4421-8f2e-9feec3146159","2026-05-25T00:13:43.436Z",54188,"Airtime","Cards"
"c3c25938-ae74-4e8b-a10c-893bf33a1d1c","76d73920-8623-4003-8da7-a3292c52af6a","2026-05-25T10:55:18.901Z",40823,"Utility Bill","Bank Transfer"
"e521388e-6d03-4609-9dc4-98bde4152908","c829a64b-c034-4780-b472-80d484c7c733","2026-05-24T18:47:19.994Z",72605,"P2P Transfer","Bank Transfer"
"bec9fa7f-37c5-4fd4-b109-b2a55e3e00af","308d7fa2-d585-4ddc-b054-6e087ee51cbe","2026-05-24T18:25:51.109Z",144320,"Airtime","Bank Transfer"
"45211d19-18e7-4125-ab2c-f51b47fc3ac3","1fa6b540-e607-4b52-80e2-e2760ac07f84","2026-05-24T14:06:22.078Z",41419,"P2P Transfer","USSD"
"e1597b54-eca1-4f84-abb1-b45619640878","5ce1c993-1522-430f-a031-ea98c476fcb5","2026-05-25T07:55:48.267Z",90358,"P2P Transfer","USSD"
"7c14b552-97eb-40a2-944f-0914e6cc40ab","46e8b77e-8fc0-441b-9c94-5e66bc46098a","2026-05-24T19:02:31.884Z",18044,"Utility Bill","USSD"
"cd527914-34b9-4119-9dde-c19c3477fb9d","0198c66d-b262-4b85-b620-724c18651c01","2026-05-25T06:07:46.194Z",134633,"Airtime","Cards"
"8168235f-6db5-44bb-ab7e-23329e8f4f99","a6c03178-dd5b-4987-b465-1a458bd1391d","2026-05-25T04:10:19.663Z",80775,"Airtime","Bank Transfer"
"94348db7-4776-44d3-95e2-e76919999715","33c8a727-c356-47c2-80f8-74c63c7c00cf","2026-05-24T20:35:27.813Z",3257,"Airtime","USSD"
"6d926348-a961-48a5-9c71-331c4e1d93da","b3b72695-3e00-4744-8a8e-cb1ce37b4ff7","2026-05-25T01:29:19.823Z",142775,"P2P Transfer","Bank Transfer"
"3b171c91-aea0-4827-919d-0642fa5bd10a","a09e6a6a-9046-4c5f-baae-8aa5d14bedc6","2026-05-25T04:16:37.252Z",1507,"Betting Wallet Top-up","USSD"
"d14b4bb9-faf1-4217-be17-e10c06998296","faa5d4fc-a41a-428d-94f3-630cab66cd3a","2026-05-25T07:26:47.654Z",128014,"Airtime","USSD"
"ca716600-b849-43db-8f3c-f8369ae5318f","4b16574f-da90-4b31-9feb-dc063364705f","2026-05-25T02:06:34.183Z",108224,"Airtime","USSD"
"4543d9c2-ba48-428c-b89e-b59bd96655ee","d3eb8cc9-268d-4e78-9b87-1f0371f8e36d","2026-05-24T15:19:46.664Z",140970,"Betting Wallet Top-up","Bank Transfer"
"d41f9d8c-3169-428f-ac47-effae6aa33e2","968a1424-d68f-4f55-830c-7f2a8d61ec6c","2026-05-24T21:11:38.188Z",11747,"Betting Wallet Top-up","Cards"
"dfbd8910-4d0d-4b8e-bab9-8044e7345836","bdb24041-4ee5-4898-bea5-252b4ddbd958","2026-05-25T03:25:51.209Z",130431,"Betting Wallet Top-up","USSD"
"9bb6937b-3fd4-41d9-a07a-beb3fe64bfaf","3d0e5728-a6b7-4100-a38d-9bd6e34944b8","2026-05-25T06:26:42.346Z",45698,"Airtime","Cards"
"d641c43d-ef41-4705-a917-d206db645efa","7613a7ff-c1bd-4b61-8149-998f8ddd91a3","2026-05-24T17:37:46.864Z",140078,"Betting Wallet Top-up","Cards"
"ade22e09-6639-4914-9b5f-cd8f24caaa0d","8552fe2a-d3e7-444f-beac-6f73d236d856","2026-05-24T17:27:12.297Z",130086,"P2P Transfer","Cards"
"81c5d53c-6ca1-4ebc-8bc1-ce57771723e1","eb9fddfd-1b6a-44b6-837c-22835cb7c847","2026-05-24T23:29:38.689Z",39950,"Betting Wallet Top-up","Cards"
"4d9f0b52-6848-488a-bb41-c46c303fffb8","6fda94aa-7b79-45f9-b6b9-e7c8b83602d9","2026-05-25T03:10:01.578Z",90720,"Utility Bill","Cards"
"3c93c4ef-9d8f-46e6-9d33-8a14c48a1749","dd9e4c66-b773-488f-b162-9141adeda3e6","2026-05-24T18:56:09.954Z",82850,"P2P Transfer","USSD"
"2e64dc8c-c16f-42b1-925f-71bf27b62822","39731d4f-40a1-45eb-94cd-ded326c37c68","2026-05-24T23:52:58.326Z",102901,"Betting Wallet Top-up","USSD"
"c15fc606-f32f-4d49-b9de-f07df6530984","76ffb31b-0e4e-4a30-af81-a9b18e694547","2026-05-25T09:50:02.548Z",76254,"Betting Wallet Top-up","USSD"
"5b9b8eed-8ee8-4bb5-a067-41b7c0dc2bfe","bc0e91ce-cfe0-4dfe-b7e3-6d1ec5c7d730","2026-05-25T11:50:16.928Z",131946,"P2P Transfer","USSD"
"e990a757-0e4b-4e70-bc03-dd2ab84fb1bd","dc3669ab-609c-4bfb-833e-fe6222752b2f","2026-05-24T19:47:14.493Z",91400,"Utility Bill","Bank Transfer"
"1f96a630-7362-4bca-94c5-856665d211f7","bd4432e3-c905-4a93-bdc6-1a901231283b","2026-05-24T22:50:31.738Z",123480,"Utility Bill","Bank Transfer"
"f5beb84d-22a4-4f34-805a-ba0595e8c327","59cd049e-c367-46a8-8ff6-9c0c8cccec76","2026-05-25T05:30:14.117Z",13671,"Utility Bill","USSD"
"7649a695-99e3-4ec3-9f9b-37d3eb12f081","c0a31f56-3650-44d9-b2e9-8b725dcc8595","2026-05-24T16:48:23.216Z",146383,"Betting Wallet Top-up","USSD"
"fd259ac3-5bc7-462a-8a17-c3b19584139d","db592064-2276-4308-9678-191ca30c60eb","2026-05-25T08:43:03.667Z",39908,"Betting Wallet Top-up","Cards"
"3112ffd6-12c0-4a84-a709-0fee4ec6aa45","6b9608da-07c2-4f28-af89-d349554a4685","2026-05-25T07:07:37.638Z",19443,"Betting Wallet Top-up","Bank Transfer"
"8fad603c-6703-4aa9-853c-fa8c10069930","b8c01ebf-ec02-40d6-ab92-8501fc032f43","2026-05-24T14:11:57.289Z",27286,"P2P Transfer","Cards"
"ef6e5a37-55db-40db-90c4-87b4908e6ada","103b508b-4e16-4283-b353-5da7b710a52c","2026-05-25T08:37:26.962Z",132024,"Utility Bill","USSD"
"4717bb48-1950-4ed1-8d9d-64c43ee9abd3","476ccc27-76d2-43af-a9c5-e11595c645ae","2026-05-24T14:32:54.879Z",87869,"Betting Wallet Top-up","Cards"
"ab7bc2b6-22bd-4b84-aae4-5ce78fc3d572","54bfd9c7-1640-44c8-a681-631a58d57209","2026-05-25T12:52:49.895Z",4987,"P2P Transfer","USSD"
"12832a59-1892-4e59-b624-672fa8e545cf","0641dc94-4707-490d-b24f-8732037a0d04","2026-05-24T18:42:23.767Z",52142,"Betting Wallet Top-up","Bank Transfer"
"f839be25-4a7b-476a-88d0-1a7396f75892","9f6bfbab-91f5-489c-b77b-1063a157d483","2026-05-25T09:30:01.147Z",6624,"Utility Bill","Bank Transfer"
"5df10471-6e9e-4767-b113-3c3b38ef60ed","10ee515f-eac3-47a1-93d7-442a83414fcd","2026-05-25T11:18:46.291Z",72565,"P2P Transfer","Cards"
"c497433b-25f0-41a1-9846-817e01533db5","1b2648e9-70a7-42a0-9c3c-e5f91247b731","2026-05-25T04:20:16.624Z",91221,"Airtime","USSD"
"5302beb5-ba5e-4d7f-8aba-928796a5302f","16bea25c-cbe8-4395-89f2-685f4371fc55","2026-05-25T11:07:59.217Z",135433,"Airtime","USSD"
"70ab8155-0f6d-4991-be85-4ecbd8163e95","eb24ddf8-c29a-4eec-a2b3-70242261b3b9","2026-05-25T04:27:05.259Z",116001,"Utility Bill","Bank Transfer"
"d9f14981-6c2e-4ff0-9a53-5c2a9dc7f91b","a92e5185-7999-40a8-bf9a-fbaaf611b507","2026-05-24T17:27:40.161Z",117252,"P2P Transfer","Bank Transfer"
"43dc791d-4c15-4539-b3f8-e43fee522be2","a5b126b1-dc92-4058-bbca-6a6561d91043","2026-05-25T04:37:07.833Z",83403,"Airtime","Bank Transfer"
"bb8f500f-5bd1-43ff-b901-c4f54402f60c","19c123ba-32fb-4b19-bdd8-449a48c070e2","2026-05-25T03:43:44.755Z",95573,"Airtime","Bank Transfer"
"b2c17152-41dc-441e-9a4e-489c79a30423","9bb39daf-c6dc-410d-bbe7-fc8419d63b71","2026-05-24T18:14:12.921Z",20961,"Betting Wallet Top-up","Bank Transfer"
"e9178b28-960c-44b8-8ec9-7597c4537935","78f056d3-10c2-4f83-93cb-38e79ad86189","2026-05-24T16:29:20.807Z",11512,"Airtime","Cards"
"bd52cc14-3e52-4683-84d0-0a6a30897c8a","1227e0b1-ef12-4bc8-be22-41d6afbbedb1","2026-05-24T17:07:48.957Z",93334,"Betting Wallet Top-up","Bank Transfer"
"f0a0a221-fe04-4b75-9943-bfe00217b008","5c620189-274a-4105-8f26-a7f24edb2135","2026-05-24T18:02:05.264Z",99964,"P2P Transfer","USSD"
"f22092cf-a210-4d74-8250-9ec4989cd6c0","cfc568e0-e762-412e-9c78-15709c550339","2026-05-24T15:33:04.374Z",52415,"Utility Bill","USSD"
"eac32ada-5909-4dca-b0c7-133accb66fad","a33dd868-2893-4fd1-9dd3-906c4b76faf6","2026-05-24T21:46:05.214Z",103693,"Airtime","Bank Transfer"
"23bb4b2b-ea18-454a-a6b6-b61b8cedbec7","5c3e6b83-f377-440e-b646-42f24f00ba4c","2026-05-25T06:44:52.713Z",137238,"Betting Wallet Top-up","USSD"
"59ffe254-f268-4f31-a5f4-da07d433fc4f","097a174b-01b5-4de7-9aee-2d6fd9f6dc3f","2026-05-24T21:53:25.458Z",23883,"Utility Bill","Bank Transfer"
"7bd0a085-203b-45cd-aa0a-4861479bfc3e","df7db3cb-a72c-4efa-b9b4-1353d2d80d4a","2026-05-25T02:41:37.991Z",67886,"P2P Transfer","Cards"
"50a404b0-00b3-455e-a483-0d2b4d18de5a","5be8bb58-7238-43f3-ac4a-0df3ac6e5d63","2026-05-24T17:57:17.363Z",103112,"P2P Transfer","Cards"
"603ac5e5-98f6-48f2-9dda-3d402ce1b983","8c63215b-28c0-4327-aa82-4911f6c9fa97","2026-05-24T16:30:31.673Z",79615,"Airtime","USSD"
"38a50c5c-99d8-4a01-bf0d-5d522c028073","0fb20f1c-8acd-42c7-8056-e708a35a8dc7","2026-05-24T14:05:17.180Z",111085,"Betting Wallet Top-up","Bank Transfer"
"21b763fd-36cd-4055-a390-5bee64cf87a6","38674d8c-61fd-4ad9-b2ee-c75107624975","2026-05-25T05:00:15.119Z",80548,"Utility Bill","Bank Transfer"
"341fa346-4244-465c-a0a4-7294cbf0412d","35bab303-6989-4860-8e8b-8cea197bdd69","2026-05-25T08:26:12.294Z",26511,"Betting Wallet Top-up","USSD"
"05fd6e84-4b23-4607-a0f5-ca0225cb5eec","18e32cdd-7b5d-447a-8279-1da7e41f6d9a","2026-05-25T12:19:32.453Z",15756,"P2P Transfer","USSD"
"51ddd463-5bf5-49ad-b5fc-51e3cf00fa29","7c78e858-993d-493e-8dbe-750ed7b6dfbd","2026-05-24T19:58:58.502Z",69694,"Betting Wallet Top-up","Cards"
"59df3b2f-073c-4f35-9841-62c86166b2d0","34d84713-6eb7-43fd-b726-f6299f5c7f47","2026-05-25T11:13:06.327Z",116328,"P2P Transfer","Bank Transfer"
"bb02695a-62c2-4652-a43b-c7bb20cb3808","2dc16ab1-ccc5-4f34-b7e0-79f449f8a4f2","2026-05-25T03:35:36.713Z",113358,"Airtime","Bank Transfer"
"7ee2ac77-c60d-4c8a-8bc4-4a965b944739","d374cf05-602f-4ad9-a340-b0354dae19ce","2026-05-24T14:27:46.373Z",75288,"Utility Bill","Bank Transfer"
"847f0a22-1f18-4044-a361-238cc1a08266","ab354153-ad90-4cee-9568-4f175e298498","2026-05-25T04:49:42.973Z",65562,"Utility Bill","Bank Transfer"
"79aa550d-1b42-4d62-ae11-b74960b625f7","f8a2229f-455b-4b1d-9609-ded4a3db03cb","2026-05-24T15:16:36.777Z",45787,"Airtime","USSD"
"57e1c677-c150-45f3-b7b9-4a6763da8b44","bed86d22-1c44-4f97-aaf8-0f9e851a4e8c","2026-05-24T20:59:47.382Z",30982,"Airtime","Cards"
"9b8c476d-1b99-46d6-bd24-2a26547fa2e8","40da9011-df7c-4746-80bf-461c7d0adb65","2026-05-24T18:44:14.092Z",49988,"Betting Wallet Top-up","Cards"
"d0d42e96-54db-4c8e-97fb-c3d4c533eb5d","0b3e4bdd-0c5d-472e-a2de-28662e24032a","2026-05-25T08:48:57.541Z",11980,"Airtime","Cards"
"78c0f8de-848b-498f-997e-8632adb113c7","d7d378b3-0481-4f87-8dd8-b2f22ecc3555","2026-05-24T20:14:26.030Z",42523,"Betting Wallet Top-up","Bank Transfer"
"7265c1c5-2906-4272-8841-b48c37d1c449","a8dd3189-b550-4297-9d2e-ef7c2572eaa1","2026-05-25T09:01:27.520Z",101470,"P2P Transfer","USSD"
"42ac9178-f83c-4f60-aa4e-9ffaa8e08721","02d6a68b-05b5-4d3e-86fd-1d8124ee0f17","2026-05-24T23:05:42.932Z",91984,"Airtime","Bank Transfer"
"2b08d972-1add-4f87-b65f-ec6e640becdf","d7df385d-3a29-4b0a-900f-96dddb61eca6","2026-05-25T01:34:23.637Z",73534,"Utility Bill","Bank Transfer"
"47d3704e-ea4b-44d5-94fa-eba796dd7411","0833dd57-7678-4eeb-af5e-d8a532ec4de2","2026-05-25T08:06:07.244Z",12325,"P2P Transfer","Cards"
"033cd145-9e8b-4bd1-a9cd-534b38fb10c9","be749fe3-4ed8-4fa6-8bb3-5b46e93ea8ef","2026-05-24T18:55:16.297Z",70769,"Airtime","Cards"
"71c975c2-4167-4b71-bbf3-381f9fa21927","8183b16b-77d0-4de7-8719-9f844c574d3d","2026-05-24T21:45:53.527Z",52575,"Airtime","Cards"
"8a40280e-9f6d-4379-94e3-ab0010914178","289c8537-409e-44f3-ae45-42f413fe3916","2026-05-24T22:28:24.546Z",55059,"Betting Wallet Top-up","USSD"
"a51382df-6c9c-4936-804f-856c3ba6c4b4","d29d0c98-fc66-4d27-aee8-121cb29fe1fb","2026-05-24T16:18:28.812Z",123349,"P2P Transfer","Bank Transfer"
"04a1cacd-181f-45ef-8438-fbc5178a9480","a4c780c9-e918-4a03-9071-347dd840acdb","2026-05-25T11:48:56.145Z",77644,"P2P Transfer","USSD"
"6090ec5f-6e77-48a3-93f7-aa31c8634908","cb96e699-0095-488c-a84e-1726e7ededb0","2026-05-24T16:55:28.215Z",70529,"P2P Transfer","USSD"
"a6d3afae-9b6f-4128-9835-d0686d39c0c2","90d4c515-e0a5-449f-9654-4583ebf396fa","2026-05-24T22:53:44.258Z",47781,"Betting Wallet Top-up","USSD"
"36d06e7e-0474-4bdd-9703-4f28e157a9cc","09ca2e66-518f-4f82-8e51-4b19a4afcfa2","2026-05-25T00:15:16.968Z",48772,"Utility Bill","Cards"
"10c702fa-98d2-4cd5-a413-0f2f78e7435f","eaa06d25-7dd3-4fb7-8edc-b08debed7cb5","2026-05-24T18:41:45.395Z",117189,"P2P Transfer","USSD"
"ac456136-9a82-4608-9bd0-3278699ab069","4a9ea4af-f89c-4786-a7de-047ce8f681a3","2026-05-25T07:12:23.409Z",125165,"Utility Bill","Bank Transfer"
"01812275-cc41-4dc7-b02e-f002ffb45bfc","233d26fb-73ae-4cc1-9870-e9e6643b2e66","2026-05-24T14:26:41.910Z",73928,"Betting Wallet Top-up","Bank Transfer"
"0e942722-9229-4faa-8600-53dd50e0e1a8","3d59cefb-3076-4c3d-82b2-2e0be574d111","2026-05-24T20:16:15.668Z",62683,"Betting Wallet Top-up","Bank Transfer"
"1e27abdf-cee0-47ac-846b-a4b916e5b88d","1779af85-bf00-4d4d-99be-e2a3d1617838","2026-05-25T00:35:32.939Z",76084,"P2P Transfer","Bank Transfer"
"bafa1ef2-8d02-4e68-bee0-360466affd1b","5e30ee71-19fa-44f6-92c9-ea8047bda0d5","2026-05-25T09:43:20.864Z",120436,"P2P Transfer","USSD"
"97a4d931-68f7-43af-b68a-4b6abf3d2dfa","8f06cb80-8713-4a5a-ad61-a05858209c53","2026-05-24T20:47:19.405Z",123477,"P2P Transfer","Bank Transfer"
"4be76cc8-0dab-4279-8055-2cb7f96695df","a24cdb65-6763-469c-90e7-1e0e35818c30","2026-05-24T20:22:19.099Z",98544,"Airtime","USSD"
"39f1412c-3dc7-400d-aa52-34dd9dc1708a","84ee6c28-16ea-4fe2-bd81-39bfbadcd59b","2026-05-24T19:47:15.832Z",77722,"Airtime","Bank Transfer"
"e59e4481-e29c-4010-a8bd-3c1cac5987f1","ff296b1b-44aa-43fd-bc77-cc4d0f04e9c1","2026-05-25T06:26:42.798Z",129473,"P2P Transfer","Bank Transfer"
"ec1fadbf-e344-4520-aa3e-1ffd35492c9a","499f4a9e-fd2a-458f-ba67-ddcf6061ced3","2026-05-25T07:17:23.453Z",125360,"Betting Wallet Top-up","Cards"
"8131185e-9b3f-4049-8113-f8899dc89cd7","2c4701dd-f879-4708-b19e-7054c5ee891f","2026-05-24T18:14:33.247Z",113336,"Utility Bill","USSD"
"4cb8602c-ded8-4dab-82e5-8dcde731e179","11f3c631-23bd-46c4-aa57-4c0b7f7582e9","2026-05-25T09:36:53.191Z",92759,"Airtime","Bank Transfer"
"a9372a92-7342-485d-b35e-d8ae8da19ebd","cb0fdd34-13f4-4671-9107-97482969dd55","2026-05-25T08:23:01.119Z",18737,"Betting Wallet Top-up","Bank Transfer"
"e8a09b19-0d96-4031-b546-22e8df9eec23","e7539d64-c376-4b79-b242-4b49e39fc371","2026-05-24T17:35:44.428Z",33187,"Airtime","USSD"
"7fd7502d-998e-451f-9de9-450afb571708","fd56e87f-051d-494d-87e5-35487d4bc7c3","2026-05-24T21:41:13.010Z",14750,"Airtime","USSD"
"dc5ade48-04fe-4a74-b13e-7681d8e23615","939f7317-020a-422b-89ac-4b750b759536","2026-05-25T10:50:56.047Z",7533,"Airtime","Bank Transfer"
"e88cbbde-6ba1-4363-8cc9-08252823c92e","7f61bd47-d104-4d39-a179-b2d5f3e73f2a","2026-05-24T23:18:40.016Z",23110,"Betting Wallet Top-up","USSD"
"d7c6131e-0103-4244-b60d-3715444a995e","f49e527b-e84d-4575-a08b-753a562c65b2","2026-05-25T12:41:49.277Z",3183,"Airtime","Bank Transfer"
"80314e82-1fe4-4392-857c-ce022a78caf0","62b1fa7f-ba1a-45b9-bdde-c5662ba13195","2026-05-24T17:06:48.367Z",82488,"P2P Transfer","Cards"
"e19767bf-1868-475d-8daa-efa677d5a055","4ec93636-a158-4191-a623-19daa8e15735","2026-05-24T22:04:35.429Z",45817,"Utility Bill","Bank Transfer"
"0cb9f0b8-7f84-4460-a9ce-9615d1110734","31b5eda6-8332-412f-b849-efc13f3c8502","2026-05-24T23:22:50.311Z",27276,"P2P Transfer","USSD"
"9b9c51ed-7e29-468d-9113-d0ee0b745f18","e95efcb0-fc37-43d9-8f2e-7b9793719eb3","2026-05-24T18:47:45.030Z",131796,"Betting Wallet Top-up","Bank Transfer"
"7894e0f8-cfde-428e-8697-276578e3e1e0","25fad722-fc6c-409a-8083-e25bbe281925","2026-05-25T04:59:44.825Z",7610,"Airtime","USSD"
"adb683b8-de39-4b6d-81c4-d708a4928e3d","91558184-1a8f-4c10-ba85-c247da4df212","2026-05-24T15:48:05.100Z",104069,"P2P Transfer","USSD"
"77730846-848a-4307-b4ff-ecea270d5a4b","67045d47-7db7-463e-9cfc-7a70aafe262b","2026-05-25T10:01:12.015Z",44993,"Airtime","Cards"
"eaad7243-e99c-4462-b137-a6e9b3ee1b1e","03f5a948-f7a0-4f7b-a443-f0d353760c98","2026-05-24T23:25:54.823Z",80490,"Betting Wallet Top-up","USSD"
"83de94dd-7540-4829-bc9a-d267400c32c0","70174bce-73ab-4131-8097-1c999387d1fc","2026-05-25T00:23:04.974Z",118473,"Airtime","Cards"
"62e12e86-8228-47fb-92f2-c619c1f713f2","47f5451d-b6a7-4c06-a925-249ee680031d","2026-05-25T12:03:04.039Z",10649,"Betting Wallet Top-up","Bank Transfer"
"ec53c9e5-a7f9-48b3-af49-f5890d583acb","f2e22099-e7c2-42bd-8779-aa8dd107ccc9","2026-05-24T20:54:20.680Z",148237,"Airtime","USSD"
"2393e6da-f6e7-4c13-8309-dc4818778c31","07ed9ead-685d-4b73-8371-715c8d3d3540","2026-05-25T06:25:26.801Z",47871,"P2P Transfer","USSD"
"03bfee04-e0bb-4c3d-86f5-b6264abf5ae4","e2e1eaae-b84a-4b31-b0f0-cd1307904168","2026-05-24T20:01:04.094Z",103778,"P2P Transfer","Cards"
"6b98825f-a16e-4cdb-bdbc-72b7cc988635","e3126477-cc2f-4698-bc9e-93e4ec492aab","2026-05-25T12:21:54.473Z",92786,"P2P Transfer","Bank Transfer"
"4e18d452-5ef1-47bb-8ade-bfa130993d0d","ad1a78da-2912-4554-a214-5c4a512ac551","2026-05-25T10:44:29.082Z",119168,"P2P Transfer","Cards"
"1e939127-080a-4148-881a-51c017458807","e4902260-d0a9-4226-8a5f-8afb8428eed6","2026-05-24T16:21:17.210Z",4321,"P2P Transfer","Cards"
"aa3cdfb0-9396-46fe-97c5-d67836a1a594","4c182b6f-591b-43e7-bb1a-3de2092bd0f3","2026-05-24T19:31:33.748Z",77331,"Betting Wallet Top-up","Cards"
"45f0f22e-6ea8-4447-8a8b-8d0c44669ec7","845ac617-71c8-4d85-997c-d9281fb13e83","2026-05-24T17:25:01.880Z",86430,"Utility Bill","Bank Transfer"
"66fed674-a345-4155-ab78-8b1a061ab48a","abb6daa2-67a3-4fd5-b7f3-f6716603f873","2026-05-24T22:44:40.396Z",33792,"P2P Transfer","USSD"
"d1eb22a9-5856-4a09-8453-0def13c38e9c","4f0b6e39-9c09-4d03-a131-a64a29c8917c","2026-05-24T22:35:20.601Z",44803,"Betting Wallet Top-up","USSD"
"67dded70-a758-4eae-87d2-7a374255d465","0298d448-d42a-43bf-85ab-98f59d4377cc","2026-05-24T14:02:35.988Z",147947,"Utility Bill","Cards"
"f83f2eae-4c63-4115-9d64-3f839993c85a","b9b7e5c3-036c-4ba7-9c43-a8605276797d","2026-05-24T16:56:26.245Z",81880,"Betting Wallet Top-up","Cards"
"0a58acf9-0fb9-4a97-9da5-9b0b95c21e11","f740bcdd-677d-47a0-b6c2-272ce15e9916","2026-05-25T04:29:12.841Z",64297,"Betting Wallet Top-up","USSD"
"55023c24-e0b8-4321-b8b2-10dfa4dc45e5","c7000523-e3e7-482e-8e98-8e80b9f4681f","2026-05-24T15:36:44.469Z",70744,"Airtime","Cards"
"571a294b-86ce-4ccb-bba0-6498a98e72ca","08248cc0-c72a-46af-8fc0-6d3b64b70367","2026-05-24T15:25:37.960Z",96255,"Utility Bill","Cards"
"8dd68724-3e45-4e19-8cc3-ba7baeabf229","f321ab6f-2065-4815-89a3-ffc380038df5","2026-05-24T16:39:06.040Z",36250,"Airtime","Bank Transfer"
"cd0ce282-eaaf-40e2-bd81-b758ac404f8f","317b2156-793d-4956-abc6-a91dd5730483","2026-05-25T05:38:28.792Z",3470,"P2P Transfer","Bank Transfer"
"4f258f7e-c87b-47da-be31-9ff4fd12833f","bf3f75b4-b57b-4d34-aaa0-7b87b83910da","2026-05-24T13:13:40.578Z",25008,"Betting Wallet Top-up","Cards"
"dabfdd90-65ac-4951-8eb6-8ff1064e62e6","b1fc59d6-0c90-4050-957a-593a5250b74c","2026-05-24T16:29:36.068Z",92164,"P2P Transfer","Cards"
"74d628b5-8e2a-4cc8-bd39-d1bbfc42cccc","bfe39e8f-f3ca-4128-8cb6-57a5b0051953","2026-05-25T00:57:29.712Z",144967,"Airtime","Bank Transfer"
"a359c75e-32c0-460b-acd9-daebf7de4de2","84858287-24f3-4bb8-ab02-f60e32cde178","2026-05-25T09:35:17.591Z",142952,"Betting Wallet Top-up","USSD"
"a8e2b58c-fd4f-489c-821b-610aef4a67c1","1c1d3ad4-2975-429f-871b-ba32cecb8c0a","2026-05-25T08:09:32.610Z",122122,"P2P Transfer","Cards"
"351bb2ca-d4d7-4297-9e89-a56ce7990734","5a50d06d-8733-41f3-8ae4-f5fffb73da9d","2026-05-24T16:22:58.973Z",74246,"Utility Bill","Cards"
"a2a8db9e-fde1-4eb9-8dd8-00a9ba4663ca","71a713d2-938a-4c90-b628-2fe611e4ef73","2026-05-25T01:40:46.936Z",18647,"P2P Transfer","USSD"
"ad6b5945-be42-47db-98cc-a582a05b8d3a","3326078c-fc01-4a0c-9c13-440621b970bd","2026-05-24T19:32:19.650Z",37557,"Utility Bill","Cards"
"a92e7dc4-3314-4adb-8117-5501d00da6a5","3e231ee7-053b-4ed5-95e5-3026db1d4a6b","2026-05-24T17:43:28.987Z",48828,"P2P Transfer","USSD"
"6428bad7-828c-4965-b7c0-61c0354c25b0","20811e23-b6f5-43b9-bc83-9cacc376229c","2026-05-25T02:44:15.259Z",110951,"Airtime","Bank Transfer"
"688f324d-d801-44e1-b0d4-13713777249f","3f19f920-f3af-45b3-a692-7f27e898a964","2026-05-24T16:08:13.577Z",60989,"Airtime","USSD"
"efb61ba0-e95d-43af-adbc-a9d0a6b58246","0df6a3f5-54c1-4fcc-9231-d25e15cfccf2","2026-05-25T03:02:11.068Z",63859,"Utility Bill","Cards"
"960380d7-2e59-4f20-ab8d-f86930159ad8","9e14ee55-4f97-495d-83e8-0e99a52c7ce7","2026-05-25T02:33:42.614Z",71671,"Airtime","USSD"
"0717f75a-7516-499d-9c40-68e05fd6a371","ffcaca84-b6a7-44a4-b80c-8643a5b5af19","2026-05-25T11:49:05.693Z",125020,"Betting Wallet Top-up","USSD"
"ebf8aff4-8c67-4955-947a-5dcf12a67375","3981d1a0-21eb-4f4f-8f97-aff14ffd29ce","2026-05-24T22:37:29.916Z",46392,"Betting Wallet Top-up","Bank Transfer"
"95b2aad3-5bab-4c92-abe2-559455b06e7d","2919baa4-9683-42e3-b0a0-ecbc56df5c03","2026-05-24T15:07:57.905Z",94265,"Airtime","USSD"
"96895802-d011-4fca-9d24-ae7ae6bc2fb1","9f64d60a-d54e-4f43-950c-102d5150a8af","2026-05-25T00:58:26.017Z",145725,"Utility Bill","Bank Transfer"
"b6b3c999-c551-4e39-ba49-18380f431415","5738ad03-47ed-4a39-9843-d1205220ab46","2026-05-25T08:41:19.568Z",144641,"Airtime","Cards"
"3dc798ab-3a2e-42ef-b3d7-8e28173bf0b2","baf76a94-30d2-44d2-8376-e2275b00201e","2026-05-25T00:09:58.140Z",35137,"Betting Wallet Top-up","Cards"
"bc61135f-e91e-4a98-826d-a97f5727163d","539fa5da-8703-4e23-8a43-9be4f99bbec4","2026-05-25T06:25:08.064Z",98656,"Utility Bill","USSD"
"ed3f662e-5ff1-41be-b88c-384c8ae971f4","4bd66390-8536-40bf-99a6-35b336060b3c","2026-05-25T11:34:37.789Z",102956,"Airtime","USSD"
"8fefb5a8-09c1-4755-b74d-09475585b771","3550b47b-27eb-4f94-95c0-daa349472b4a","2026-05-25T12:45:10.806Z",144578,"Utility Bill","Cards"
"c29d550a-a83b-4ea3-8549-8b704939a991","68cfc561-f877-4655-9709-7b60d6b4ef26","2026-05-25T09:13:15.479Z",21253,"Betting Wallet Top-up","USSD"
"23051237-6258-444f-801c-03945532611e","8fda82dc-31a1-4290-87df-79bf0636d678","2026-05-25T10:37:48.629Z",30324,"Betting Wallet Top-up","Cards"
"107e0477-3199-4565-be4e-7cc4934361c5","a408ae13-1a0c-415a-b4b8-e9a1eccd61c0","2026-05-24T21:21:55.931Z",8064,"Utility Bill","Cards"
"b8833b25-3a25-47fa-991f-6549802a27f4","4a369bc1-da45-4c10-bd40-2670efd4960c","2026-05-24T23:24:39.471Z",120466,"Betting Wallet Top-up","USSD"
"3cf92302-f823-42a3-97a7-848123b195cc","9c32bf67-a212-44f6-97ed-df76011b5786","2026-05-25T08:53:05.375Z",147848,"Utility Bill","Bank Transfer"
"38137441-7669-409f-9f70-5167f71cd910","76250175-91f4-479e-bd71-8cb7dfb4b79e","2026-05-24T16:50:37.463Z",100262,"Utility Bill","Bank Transfer"
"1da15fe0-5367-47c5-9457-10d04306c076","55572481-1d4e-495c-9535-f7b925117da4","2026-05-25T12:57:31.089Z",18480,"P2P Transfer","Cards"
"36603c17-0ed0-4876-a3ea-4cc7b47fdef3","f33abd85-3dbc-4a40-9d14-330a85f82406","2026-05-24T13:48:38.378Z",36145,"Utility Bill","USSD"
"c24708aa-a18d-4fc0-9f5a-5b38ce908e9a","dae156d1-af08-47be-a283-49f66d840830","2026-05-24T21:39:26.371Z",127793,"Airtime","Bank Transfer"
"b5da3fe1-18fd-45da-bafa-056d6cbb2b81","5a9f0ef5-09b6-46ab-8de3-307d817c0dfb","2026-05-24T14:21:53.051Z",41993,"P2P Transfer","Bank Transfer"
"24760eb2-c80b-4d76-9f4b-cfdec8a9ad80","1b288faf-4ae6-454c-bac9-54f7bf4e1f3a","2026-05-25T07:49:43.217Z",15916,"Airtime","Cards"
"42d2561a-b1e5-4b41-89e5-128edc3a45d1","fad7c524-0577-4cdc-88a1-65e83bb393c4","2026-05-25T04:56:09.378Z",47301,"P2P Transfer","Cards"
"6e339116-d5fe-40bb-9421-2a7fe419c081","faafdbdc-3d9a-4ce0-921f-f14bd623ebe1","2026-05-24T19:47:27.119Z",89485,"Betting Wallet Top-up","Bank Transfer"
"a03b3b71-84c2-4375-84fe-424008ada327","0b2211de-b518-42dc-8a4a-82e3b34bd67b","2026-05-25T08:35:37.631Z",26360,"Airtime","Cards"
"8be0c75b-f6f9-4630-b5ae-8956972a6a5d","399c589e-1686-43fb-b47f-9a64d0eb4422","2026-05-25T02:16:45.341Z",31475,"Betting Wallet Top-up","Cards"
"4599c5b4-90b3-4cbb-bfed-a31ac5e15e8a","6dbbbb3e-ac60-4e95-8871-9429c0de80bd","2026-05-24T17:14:07.454Z",50972,"Airtime","Bank Transfer"
"1371e8b9-d6ef-4e25-8739-9f742dced5f8","fb30b40a-8d96-49d1-b4ee-2ce9e9780917","2026-05-25T09:54:19.288Z",95337,"Utility Bill","USSD"
"0b27746d-135d-483a-a08a-768f9a3fb74a","ef3167b8-06d5-4e43-96f1-11eae252d192","2026-05-24T22:17:41.146Z",106046,"Utility Bill","Cards"
"e7d1896a-df93-406c-9967-e4c58fd6523f","72e9d882-a115-4571-977f-8b27dc273d19","2026-05-25T00:18:20.388Z",48604,"Airtime","USSD"
"9b70bb8a-8d91-490f-ac86-61d48af5749f","3cb26c53-063e-48f9-a924-3be8e00de3ab","2026-05-24T13:38:31.941Z",37402,"Utility Bill","Bank Transfer"
"026a04eb-9b99-49c3-901c-39735778d752","569e5bff-9f62-4f08-ad4a-a2797388d22e","2026-05-24T18:15:41.148Z",77271,"P2P Transfer","Cards"
"9436e04c-156b-471b-98a5-7d9717a19dbd","91493b36-c753-4e11-8d77-5d0d8fc0de83","2026-05-24T21:06:33.385Z",116101,"Utility Bill","USSD"
"68004b19-ec72-4d9d-928c-2a437c989ad8","dc0bb4e0-7c25-4145-a45b-e706dd53c2c9","2026-05-25T05:38:25.508Z",32338,"Airtime","Cards"
"fb1af940-b628-4231-86a5-1dc4e542499f","fd9cf96b-0a1e-4b61-8657-06f6c4263c75","2026-05-24T22:42:19.804Z",3137,"Airtime","USSD"
"bc971c80-89be-4161-aaa3-875dedb18812","339cbd3a-3d2f-4b20-9212-f324a164d776","2026-05-25T11:31:36.287Z",105682,"Utility Bill","Cards"
"5ac5ad55-eeeb-4c8d-ac4d-4e25a4a4bbf0","3abfaea7-a381-4c56-ad75-3e92bb72603c","2026-05-24T20:26:46.726Z",109749,"Airtime","USSD"
"aa645d50-690e-4cc2-9213-f8d9d865cc26","b429f4eb-a3fb-46da-abb5-a228dee31540","2026-05-24T16:15:49.096Z",78940,"Utility Bill","USSD"
"1a590cd1-92cd-4893-8ab4-91fba2041c45","e94b8cbb-c959-42fc-9374-388cd01745c2","2026-05-25T05:28:28.687Z",105364,"Betting Wallet Top-up","Bank Transfer"
"7ff27997-6607-41b0-bbb6-e81a780de15d","5a787d78-8f48-4fa1-acfd-bca924ad24f8","2026-05-25T08:19:07.527Z",92588,"Betting Wallet Top-up","USSD"
"1a4406b8-8f40-4fa5-b05f-56f56370c266","ffe21c89-72ea-48aa-b0cc-6a0ecc9c503b","2026-05-24T21:16:27.702Z",30121,"P2P Transfer","USSD"
"3d72a3ce-0cac-4722-8910-45253ceed5b1","ef3537ae-597a-4cf5-bfb5-faf9e969f8d0","2026-05-24T15:38:21.397Z",76768,"Utility Bill","Bank Transfer"
"f2f61658-7b75-4e36-8638-f522736f8425","e6e45c3f-0029-4f2d-9474-1c710103eb69","2026-05-25T11:34:32.572Z",61113,"Airtime","Cards"
"99b8dc9d-c349-4294-a51b-128b81c86a41","0872641f-0f89-486b-a0ff-ba93a4127190","2026-05-25T02:46:52.294Z",139965,"P2P Transfer","Cards"
"c499fea0-c801-4b1d-aaed-94aacbb49c1d","af100e5b-5c74-402b-bbe0-b80cd2926f92","2026-05-25T00:05:50.877Z",87827,"Betting Wallet Top-up","Bank Transfer"
"ff31372a-8666-4b23-93ca-998a8618ee0f","214d1f0a-a0e3-4cbe-ac7d-8dd1f30c7508","2026-05-24T15:45:18.110Z",2448,"Airtime","USSD"
"610284c0-54c2-4bfc-9ddb-b36eb347e25b","e4d5923d-66fd-4fe3-af87-08ccafe5c570","2026-05-25T09:32:14.820Z",126487,"Airtime","USSD"
"b1c3e382-9c30-4a2a-ba10-f62c0e786d84","8bb8542e-1f1c-4ab6-8d1f-bcac5358b442","2026-05-25T07:32:52.111Z",100255,"Betting Wallet Top-up","USSD"
"743913b1-0cab-4e92-9a87-390e515ba573","d86455c4-2da9-4f16-b9fb-bf24230d22e7","2026-05-24T19:35:41.349Z",10750,"Airtime","Cards"
"ff117b29-ea24-4fc4-9686-28374c9308df","7acab18d-7c58-48d5-bde8-d2deb50cf698","2026-05-24T15:38:56.035Z",148451,"P2P Transfer","Cards"
"c35e119d-fc19-4751-8c24-1b4fecf30714","db195072-501f-4d19-9c59-dfbb58b6eff7","2026-05-24T17:06:05.845Z",144667,"Airtime","USSD"
"ccca7007-2393-4de2-b1b1-9defe4a37813","7a7740d9-f09f-4718-93d9-cb98d188a645","2026-05-24T17:59:03.213Z",30987,"Airtime","USSD"
"a0ecf3fc-7ff4-45d9-ba4e-551a9ea5fe77","df63793c-baa9-49d9-850e-39fc6e595441","2026-05-24T14:58:30.389Z",87707,"P2P Transfer","USSD"
"f214319f-000e-4475-af71-531050e80cf4","5e431456-b6ac-472a-b516-c5fc954c7005","2026-05-25T10:12:47.806Z",1455,"Utility Bill","Cards"
"cdbb18c7-0cdb-4625-b7fb-eeeb724be437","3f257ecf-a07d-48ca-bfa4-50b95c6adc05","2026-05-25T11:03:46.761Z",70929,"Betting Wallet Top-up","Bank Transfer"
"2b10f81c-591d-4f4b-92ec-19ef4f20d147","d73aca56-bdb7-4459-ad24-e106ab03e858","2026-05-24T19:11:26.213Z",104276,"P2P Transfer","USSD"
"5405e949-eb5a-4a5e-b752-b9450defd5cf","769a0817-9711-40f1-9de8-166d4cf97830","2026-05-25T04:41:51.898Z",81819,"Betting Wallet Top-up","USSD"
"297c3a96-dbcb-4e4b-8123-bcfdc89b822d","26f26c6a-1849-4cad-9286-e6ea42b378dc","2026-05-25T00:08:18.232Z",51267,"Betting Wallet Top-up","Bank Transfer"
"93dcf946-6035-439a-9d8e-355ad0a4a418","37641113-d9ca-4bfe-a465-a4035012a21b","2026-05-25T08:26:00.437Z",9777,"Utility Bill","Cards"
"3862b71e-c21f-47ea-9b9f-b20b4c6664ac","9a5da104-07a1-47db-bed1-9ed1c2ccd6e7","2026-05-24T21:27:31.482Z",80386,"Utility Bill","Cards"
"6185ab1d-12aa-4e32-8b7d-670b5e7382a2","23679919-4772-4b31-b293-cc32ae0350e0","2026-05-24T23:41:40.100Z",146914,"Airtime","USSD"
"49471572-25ac-4ba5-9aba-1a4ccb96b296","a4820253-edb8-4f0e-81a5-77b49bf2cb9d","2026-05-25T12:16:00.368Z",132848,"Airtime","USSD"
"3927c77d-5e3f-4722-b13d-361c972e3958","81d98958-ab64-42f7-9680-311931d385f1","2026-05-25T11:48:46.383Z",25983,"Utility Bill","Cards"
"e8b9b196-6995-49a5-a0dd-67dbab1801ec","60d1b448-74be-40c4-95a9-ef2fd90aba16","2026-05-25T01:20:09.170Z",104149,"Betting Wallet Top-up","Cards"
"87dfeacb-b16a-4f9e-9c09-43559f480063","d2c0816a-ce2c-4d3b-8f9b-85becff72ce7","2026-05-25T02:11:29.942Z",55059,"Utility Bill","USSD"
"0fde3690-292f-4a8a-9639-86fb6135a85d","4f992ebb-4a30-4295-9496-f5a1799c230a","2026-05-24T15:17:44.595Z",132534,"Betting Wallet Top-up","Cards"
"abfe2360-bd05-49e2-b15c-5d0db042011f","121cd80b-47a7-4473-bb91-de504782e14a","2026-05-25T02:22:38.617Z",114150,"P2P Transfer","Cards"
"2f4d784c-63a3-4cb4-80df-832fdbb8dee1","8380f9ed-307f-47d1-9f1c-2f129e254d36","2026-05-25T08:06:21.795Z",113777,"Betting Wallet Top-up","Bank Transfer"
"282ef4ca-4307-4d8c-b8ee-8893ccfaa998","5a228e11-5b5c-43d0-a814-2d6a80ed918c","2026-05-25T00:15:02.940Z",144560,"Airtime","USSD"
"1d36a157-f209-4010-b0f4-8cf8a86726ee","3fa8e812-8480-4daf-8875-ccf2b3d6b732","2026-05-25T08:02:55.557Z",42321,"Utility Bill","USSD"
"f01c94e4-10fc-4b38-8e3e-d2b65504e1f9","bc135aeb-c568-400d-8346-c67e0ad37f6a","2026-05-25T09:56:26.733Z",50852,"Airtime","Bank Transfer"
"e54349be-083e-4c89-b93a-9ad5876132c9","d5f5fb7c-b6a4-446e-9e8f-1b0c5d5f74ad","2026-05-25T00:37:45.754Z",29136,"Utility Bill","USSD"
"4569b458-6edf-471a-a7c4-997cfd0dffb2","f8cb0b3f-664e-4c49-9805-f6e959d2eeef","2026-05-24T20:48:50.447Z",102688,"P2P Transfer","Cards"
"7aeb205d-f555-4043-8e39-1280210fc01f","e999e228-585e-44a3-9b7d-f47caf66470e","2026-05-24T15:00:18.151Z",53357,"Utility Bill","Bank Transfer"
"4bf29d14-fbfa-48ed-9561-33ac4e383a41","e0f3a4d4-8770-4144-944f-f0272e8ea90a","2026-05-25T12:44:59.271Z",34802,"Utility Bill","Bank Transfer"
"3a8a6a1a-6d16-42b9-a524-b6c1596c2d7f","c661fddf-d52b-4587-b9e0-2ac135d5075e","2026-05-25T08:10:08.336Z",130562,"Betting Wallet Top-up","USSD"
"19c30140-61b5-4f18-8fe9-f08b7fa6a37e","70fdb545-c536-4ce1-90b5-557199e117a5","2026-05-25T09:35:34.261Z",98881,"Utility Bill","Cards"
"7cdcae0b-7601-4e89-9b2f-f04200043fc4","8474c273-1eed-4fb1-bb10-ec13486b4b2b","2026-05-25T07:11:57.781Z",100867,"P2P Transfer","Cards"
"78aea440-9ada-4077-98f5-22d5bcea8cfc","eeacdf53-36de-405e-908d-36210b94bfd7","2026-05-25T04:24:46.767Z",37114,"Airtime","USSD"
"bbe0abdd-d12f-4b11-b7bd-d863f6d59ddf","b159f78a-b3fc-42d8-a673-4b882b87d926","2026-05-25T01:45:15.591Z",15724,"Airtime","USSD"
"26d7890a-613d-4fdd-ab09-c48b9b263ee8","c2d707bf-8774-4134-b4d7-00b2bb061cc0","2026-05-24T20:13:15.258Z",25139,"Airtime","Cards"
"0f25b37b-b808-4ad0-87d6-d3881e56daa0","03062bfc-57b5-4e49-b6dc-9265864fc921","2026-05-24T22:15:05.355Z",47512,"Utility Bill","USSD"
"6dfbcb45-0afd-41de-b8f3-857949f5c4e8","44591a92-76dd-42ee-8eb9-cd0e82a55b84","2026-05-24T15:36:02.226Z",114402,"Airtime","Bank Transfer"
"fa36fc3b-286c-4076-afa2-3e243f0f581c","90e9a31d-191b-4998-997e-697a77306742","2026-05-25T02:09:02.382Z",143124,"P2P Transfer","Cards"
"805ec3ff-6303-49b4-b156-31a8ec150666","7b61280b-cdfd-4c01-b82c-a6d674763e98","2026-05-24T21:47:00.730Z",105437,"Betting Wallet Top-up","Cards"
"4fcf8af7-7f14-4ace-a998-7e90df7b5007","957cfba4-8518-4615-b1d7-275a7eaa06be","2026-05-25T05:24:28.784Z",138031,"P2P Transfer","Bank Transfer"
"a339a591-e8ae-46ae-9899-25e10abd0b9a","fc31e410-f46c-4d00-a202-51d8b81a8166","2026-05-24T13:40:50.838Z",114324,"P2P Transfer","Cards"
"fd4272c5-e3ac-40a2-b5ff-345b00262192","041c8f40-61fc-44c1-ae16-7f24a70a35d8","2026-05-25T11:43:56.500Z",107914,"Betting Wallet Top-up","USSD"
"145cb058-c05f-473d-b6d9-aa5447ec41a1","38b8629c-209a-4c98-ba7d-6f40efff0e77","2026-05-25T00:53:53.699Z",116244,"Utility Bill","Cards"
"1fb5c85a-5adb-44a3-9b3d-63a181ea4987","1d2fa051-bcb4-4bf1-9c82-6548eb4465e4","2026-05-25T01:01:05.007Z",28058,"Airtime","USSD"
"baf85c99-03b5-41d0-94f5-95e8b4123093","eb1a576c-7388-4333-bc8e-b26b826e4e8e","2026-05-25T07:28:31.089Z",63418,"Betting Wallet Top-up","Cards"
"d442fcb3-0a6e-4652-a3ba-4b7a79bc2af8","38dfc0e3-16e1-41dc-887c-3114722aac2d","2026-05-25T13:01:41.586Z",24173,"Airtime","Cards"
"c8e38581-c4ec-404c-88f2-2ed59e4b607a","1653415a-9129-4da0-bbbf-967a816ca3ce","2026-05-25T02:04:59.529Z",17157,"Betting Wallet Top-up","Cards"
"fc6e4e69-4ed0-4250-b69f-531d75320522","1684fe80-9130-467d-a710-6279853e4d58","2026-05-25T05:31:54.238Z",4106,"Airtime","Bank Transfer"
"61fd7bb2-5552-4984-9706-9013953edbed","72dfe2b2-504d-40fc-b15e-53c3a61101ee","2026-05-25T08:35:31.887Z",107003,"P2P Transfer","Bank Transfer"
"6f5fdb56-082a-4d5a-aa7a-9659830e20a5","55b91f26-9484-466d-bd4f-814448c70f47","2026-05-25T05:47:42.864Z",142844,"P2P Transfer","Bank Transfer"
"4ea5ac9d-9fd6-4557-aedd-a21966b030c9","884e8169-316f-42ff-89f1-2aa49b9db16f","2026-05-24T17:54:23.514Z",131104,"P2P Transfer","Cards"
"f02118d0-a205-4f0b-b7ce-7e25d1da259f","ac601dca-29df-43a6-b182-834a62b00f86","2026-05-24T15:12:42.865Z",47958,"Airtime","USSD"
"6dfb1211-c98b-498d-a762-e367f755858f","e47da1bf-1253-4911-9916-0dc3e6708bcc","2026-05-25T11:35:33.103Z",75155,"Airtime","Cards"
"7ce923d2-961b-40c4-b916-58a4c14a60c9","a2128b12-e6be-4a3c-b239-497d6bc1a96a","2026-05-25T03:45:07.641Z",86654,"Betting Wallet Top-up","Bank Transfer"
"5083f67c-9e75-420c-87fe-fed64d199b5d","d40da25d-8048-430c-bed2-a72316444028","2026-05-24T13:21:09.285Z",122937,"Utility Bill","Cards"
"ce1c9a14-992c-4a28-84d5-71407e2a2caa","02b7252a-fed1-4798-bc9b-28f9ad9f37ca","2026-05-25T04:38:46.336Z",124564,"Betting Wallet Top-up","Bank Transfer"
"6aedf53e-8e12-4edf-9b2b-01ae921f69a0","c8c9dd64-e485-4cd8-9ac0-ccff8ac2184e","2026-05-24T13:30:00.016Z",115620,"Airtime","Bank Transfer"
"a7351c1c-07d0-4f39-92c4-7518983c9e98","4c0c2dd5-d4e3-4059-ac71-2702c36173af","2026-05-24T19:13:02.490Z",142150,"Betting Wallet Top-up","Bank Transfer"
"532d4db1-3870-4323-baa8-6bb663f02bdb","94bc9004-72fa-4457-a29a-642c2a049ba7","2026-05-24T13:49:12.076Z",16073,"Airtime","Bank Transfer"
"5ef12f7e-1b12-43b6-bc23-5a996a024655","e2fc7b19-fbed-492d-b6b6-5b3b9d805130","2026-05-24T19:37:09.859Z",64632,"Utility Bill","USSD"
"1ed0de39-1243-4b6a-8ced-3cb669d052ee","49306011-de0f-481f-8e58-33d7cce84726","2026-05-24T16:41:22.491Z",130954,"Betting Wallet Top-up","Cards"
"da88c994-7653-4f66-b897-af33642fa2c7","eae42a4f-a3f4-4a7b-8211-45f425aa9636","2026-05-24T14:14:33.190Z",115880,"Utility Bill","Cards"
"325c742d-972d-4b59-bff6-a46397b999ec","d0fed027-9fa1-4a17-83d7-cad28ebf5112","2026-05-25T06:08:16.742Z",8172,"Airtime","USSD"
"2195af22-94a9-44e7-99ef-f4f1f40afcc1","91d12a70-9ab7-4ab4-a376-c681f9e3eb39","2026-05-24T17:55:44.900Z",48004,"P2P Transfer","Cards"
"825011ba-b9dc-4392-ad28-3b37da43f52a","697c7568-02f6-48a9-a1ec-06d3c4499516","2026-05-25T12:40:10.086Z",141012,"Betting Wallet Top-up","Bank Transfer"
"d529a475-b099-4262-b01a-703820f4b46e","3fb4f039-078f-43cc-a6e8-bef6ac9d334d","2026-05-25T11:03:46.053Z",2409,"P2P Transfer","Cards"
"423d290f-0362-4d9e-b708-fceb19a9d4fb","ad11215a-ea85-471a-83d2-11c268d3e99e","2026-05-24T18:14:34.988Z",717,"Utility Bill","Bank Transfer"
"5f88ec98-56d8-4994-bd9e-db5cb7cd96a6","1f5b83c3-0504-4cf9-b926-eb3b848ece64","2026-05-25T06:20:21.193Z",97820,"P2P Transfer","Bank Transfer"
"ddb9b4f4-5dbb-4866-b66f-95395da997f8","8f3580bc-560f-4dd5-9ff1-781d6e9e924d","2026-05-25T13:00:56.366Z",119178,"P2P Transfer","USSD"
"74b573b7-d0da-4569-af88-ea77855aa08d","688e8adb-d391-4aaf-80a6-5c9e7d2ecad1","2026-05-24T17:12:08.222Z",39025,"Betting Wallet Top-up","Bank Transfer"
"4d4869ce-9cb2-4f42-b300-7f8b74321cc0","f4a52efb-fc7c-4b98-ba4c-57add71f70db","2026-05-24T13:17:45.148Z",105931,"P2P Transfer","Cards"
"b0534f7e-70a4-4972-a033-524ce3d0a768","146fb36a-2387-45de-bf37-47f31a0a3f80","2026-05-24T23:41:26.196Z",86584,"P2P Transfer","USSD"
"47b17968-bac2-44f9-b832-c2de8f3c37c6","550c0ab5-4809-4817-a1f3-dd719c003997","2026-05-24T14:20:30.205Z",42244,"Utility Bill","Bank Transfer"
"64fc0fcc-f8ff-4e1b-aa8e-3ded7fb66ca6","d2230adc-c9cc-4c37-85d2-df00bd8995b4","2026-05-25T04:53:53.253Z",3933,"P2P Transfer","USSD"
"7c8ae963-52ae-419d-b89d-e889b0f1f892","15872bfa-7efb-471a-bf8c-c6247d4e9e5b","2026-05-25T05:16:23.991Z",61955,"P2P Transfer","Bank Transfer"
"842c32f3-d31f-4fc4-84cb-e9991fd4fe3f","7415c984-37be-4bae-91ce-1edb34ae5bb9","2026-05-25T05:11:16.667Z",127347,"Utility Bill","Cards"
"501ab24a-00e5-4978-a912-7b47b8dafea4","4ea1ea5e-3b8b-4021-adda-decab14a41a7","2026-05-25T02:58:31.649Z",78040,"Betting Wallet Top-up","Cards"
"31a98433-081e-4269-9833-6fe2ef1f7509","59a6fcb2-1d00-4303-b85e-baae8a139025","2026-05-25T06:14:56.415Z",31903,"Airtime","Cards"
"75285dd7-2a0f-433c-9253-cb9e8eb5ab5c","ae39f13b-3385-4e5c-bbdc-5c4a08ec00a8","2026-05-25T03:45:09.001Z",44388,"P2P Transfer","Bank Transfer"
"59d982a6-dd94-46c1-8c4b-54eb23c48f7a","69857d06-c135-4b62-a67c-10b10ac440f6","2026-05-24T15:03:28.653Z",75267,"Betting Wallet Top-up","Cards"
"d0fb3f8c-101e-4365-99ee-45fb05ce8a5e","10ebec53-a5c5-4860-9734-0a13e8a370a7","2026-05-25T02:15:27.557Z",104222,"Betting Wallet Top-up","USSD"
"da6b70d3-e79e-4c8d-b5bd-894985bfae91","6b8749e9-5291-4917-a61d-6072afe490d4","2026-05-24T20:04:24.276Z",124417,"Utility Bill","Cards"
"c7207d28-a962-4254-b87d-895147c8aa9c","d42e1820-e249-4cca-9e39-6024620ded0e","2026-05-25T07:36:23.367Z",133065,"Utility Bill","USSD"
"149c47b2-e544-4696-81e4-3c4e40b7cbc2","a006d4b1-33ae-4886-93ed-789d68d91344","2026-05-25T02:25:46.795Z",83473,"P2P Transfer","Bank Transfer"
"f2f17fff-c084-4e24-8540-faf3c283369d","e03a0eab-f0bc-4061-80ee-0548b87b02a2","2026-05-24T16:33:24.732Z",23146,"Airtime","Cards"
"061035b9-64af-400f-b13f-3d7c1cc79a82","83aa4bd3-fb2e-45eb-971c-baf04b37996e","2026-05-24T15:35:49.324Z",141859,"Utility Bill","Cards"
"4006db5c-ae90-4b96-abc1-d642b8da94fe","9ad410ba-ca78-4e0b-8339-4ca8f80d18ed","2026-05-24T19:16:10.477Z",6464,"Betting Wallet Top-up","Bank Transfer"
"6710c7db-c8e9-41af-94a8-ec5eddfcd717","47ea8353-0312-4756-9e79-d611e6470ae3","2026-05-25T10:26:44.138Z",26299,"Utility Bill","Cards"
"3f4fc2b8-dc47-4d0f-b669-ac9089a8bc92","792abf5a-8565-4268-b631-9e4d9136c828","2026-05-24T19:34:21.716Z",127779,"Betting Wallet Top-up","USSD"
"573b47df-619a-46f8-8233-fdc2919e9d15","faaa76c0-4e58-49fc-9342-92b673c7b482","2026-05-25T10:52:56.993Z",43608,"Airtime","Cards"
"acda5f6f-12ac-4ede-9ad4-8b1b3d544dd0","9073eb78-ca4e-4dfe-8d2e-f5faeb6479ce","2026-05-24T17:40:32.803Z",52048,"Airtime","Bank Transfer"
"afc7abbc-0d0d-40f1-81a7-340b166e51d5","ed6ab7d9-3475-47a3-8aba-cd32ab80dda6","2026-05-24T14:27:36.377Z",32688,"P2P Transfer","USSD"
"82bba6d5-abbc-4a3d-b7e0-66b54ded63ef","14976cd8-b368-4bee-8b8c-897b091a00ad","2026-05-25T10:35:34.262Z",97847,"P2P Transfer","USSD"
"b2dd4192-bdcf-4ebd-9686-8e07dc2d2baf","2ac3b295-7ea8-477c-9203-3f70c6fe3dcc","2026-05-25T01:54:33.228Z",89206,"Airtime","Cards"
"ba553e1a-1101-4fd3-89a6-da0af99f4925","e904db1a-1ce4-432c-836a-aba3f2e04e32","2026-05-24T14:12:27.687Z",14982,"Utility Bill","Cards"
"36ce8771-456a-4a9c-bf79-dae6f841d00a","c49fa18e-4ac7-46c5-97a1-28eb8496eefb","2026-05-25T01:23:49.943Z",93699,"P2P Transfer","Bank Transfer"
"179b3cbe-2a97-4b87-a0cb-2c9f62b39b4b","7c058366-b7ff-4440-b770-713403d5e1f4","2026-05-25T05:49:05.047Z",137370,"Utility Bill","Bank Transfer"
"3d9748e3-d011-4ddd-bbf8-4438bc0f8dfa","a98eb9e0-29b4-4fca-976e-d59b6e57aa3d","2026-05-24T18:39:21.987Z",101020,"P2P Transfer","Bank Transfer"
"08016da1-b2a2-45e0-848d-6551afc86212","bf812ffa-1652-430a-a4ed-2fe5d201d732","2026-05-24T21:06:09.966Z",24382,"P2P Transfer","Cards"
"871c5c63-6780-4cfd-81d7-0d860ff5499c","f368e511-a3ba-4657-99d6-e8055c9ceb6e","2026-05-25T10:37:18.503Z",111127,"Utility Bill","Bank Transfer"
"fe0c966a-1606-496b-be1e-d68deff6b516","522b3812-1b33-42e1-ad87-b10971573db7","2026-05-24T20:19:49.813Z",63862,"Betting Wallet Top-up","USSD"
"853466b1-0a33-428d-a8ed-065e624fd819","0e48b5ae-f26e-4721-9c42-9fab7e6e82c0","2026-05-25T10:45:58.593Z",123808,"P2P Transfer","Bank Transfer"
"1dfac86d-f641-4c68-9eef-e8e7146d41a8","e24438cd-88f8-40a2-9dde-ea7089f94ff9","2026-05-24T20:59:47.822Z",148173,"Utility Bill","USSD"
"86c40fec-7808-4e0b-bfb1-56f7d7c9112e","4ed76358-038b-4ff0-bdc4-ae2dae995387","2026-05-25T07:38:04.412Z",139957,"Airtime","Bank Transfer"
"14f78529-0ffa-49d6-99ef-65ca3695b496","e80b1332-df96-46b9-8d2d-e6424613146b","2026-05-25T09:26:30.074Z",57859,"Utility Bill","Bank Transfer"
"63cd2de6-3c35-443b-962d-b7ae44e45303","92fab12a-f6db-444d-b022-2994eda9fb24","2026-05-24T16:01:37.604Z",882,"Airtime","Bank Transfer"
"128bae33-a687-42b6-81bc-529ed3f39e77","6112760d-0e3e-4533-b7ba-264c43dec0cb","2026-05-25T07:15:57.471Z",86153,"Betting Wallet Top-up","Bank Transfer"
"be06fcbb-be44-4c7b-9d05-23a5914c3be1","e2ad158e-1ec5-4055-a006-3747873fd192","2026-05-25T03:19:48.880Z",140102,"Utility Bill","USSD"
"5d7af4e9-7492-41be-b451-9b37ff0e8ca2","77ff4658-dd14-4fe8-ad8d-7f0ddb2fdc6a","2026-05-24T17:42:58.865Z",124806,"Utility Bill","Cards"
"05dec34f-0a47-4d59-bbce-cea3ca838925","fce39d7f-c393-4fcc-a938-5fe7eecf396b","2026-05-24T13:45:04.969Z",123839,"P2P Transfer","Bank Transfer"
"94843be1-d628-4bc7-8f41-4f3466658555","67b59bbf-ae39-498a-adfa-30ab282edc6c","2026-05-24T23:39:08.673Z",11414,"Airtime","Bank Transfer"
"e46ebcee-f720-485f-924b-1ec3ab282e3c","4f6f09be-f79a-4bdf-a449-88e26c1daa37","2026-05-25T05:20:33.454Z",78628,"P2P Transfer","USSD"
"81be7250-9cd7-43af-8bd8-de245ffb0696","44128492-0e92-4db7-a7ea-ff3712e06231","2026-05-25T09:43:30.934Z",83805,"P2P Transfer","Cards"
"dabc259a-8cd9-4364-ac94-285fa26fbe05","4c52a8eb-fb50-418d-8f11-6896b62d93e7","2026-05-24T15:40:22.452Z",84818,"Airtime","Cards"
"07f06a67-7130-4da1-9d7e-25a75c6e92a8","23b65365-4ddb-4e1e-a527-2c57d34a8c1c","2026-05-24T19:23:00.105Z",130623,"P2P Transfer","Cards"
"1c936f6c-a25f-45e9-9ad7-e75f94d2c005","f1b56765-7490-4a93-991b-22e1fedb2b0b","2026-05-24T20:31:29.826Z",58426,"Betting Wallet Top-up","USSD"
"6adf5cb6-7bfa-4d52-9b8d-9b8a183c7246","11d6dc1e-aa1e-483f-9350-536c9ac41894","2026-05-24T20:18:49.804Z",149720,"P2P Transfer","Cards"
"78f73dc0-610a-45b7-a115-84c301b94a4f","715f19c8-40ad-4a00-816b-67865afdb96a","2026-05-25T00:59:07.619Z",107156,"Betting Wallet Top-up","Bank Transfer"
"244efbde-98ee-48fd-8e72-d18d175b4c6c","6400cd38-b2fe-4c0c-a26b-dc9d5133ea27","2026-05-25T00:26:09.922Z",71068,"Utility Bill","Cards"
"151e58dc-3020-4317-a3b8-e02a44191e3d","b2946131-d9af-4bab-87d7-7fb3d1665730","2026-05-25T04:41:45.515Z",144321,"Utility Bill","Bank Transfer"
"1f0534d6-2207-4cdc-b101-9d62771a6c0b","78e5bc34-8c2a-45f1-8de3-77162a8362b6","2026-05-24T21:23:48.151Z",119021,"Betting Wallet Top-up","USSD"
"c9cc4269-bd91-475f-abc1-99ce909d4466","22cd45b8-b317-4a8f-9286-ee857a203a3a","2026-05-24T15:07:29.987Z",84610,"P2P Transfer","Bank Transfer"
"7387e4f9-8c2c-4101-b2e8-113768c90578","488da7c6-4dc6-4446-bbc9-0331296de802","2026-05-24T22:05:52.606Z",92965,"P2P Transfer","Cards"
"21eead4b-a604-436b-8e49-4d6c43b40d0f","793ad7ca-3c06-4920-a1ec-7c3c8101eeae","2026-05-24T16:21:43.685Z",12583,"Utility Bill","Cards"
"4efb0c28-afec-4665-b25c-3792ce53c2da","146a60ef-04d4-40c1-878c-d4b0710edf0e","2026-05-25T04:43:41.773Z",24839,"Betting Wallet Top-up","Bank Transfer"
"f5f86d30-ab79-4b98-bbaf-a0220dfa8d58","1d68cf80-353b-45f7-8fef-8d4986a298af","2026-05-25T05:44:45.475Z",109934,"P2P Transfer","Cards"
"a3b82804-054c-4ba6-8b52-1a0099ffe262","27b672f7-c731-438d-9638-9facc8f5a450","2026-05-25T03:36:10.288Z",132958,"Betting Wallet Top-up","Bank Transfer"
"a07b54d0-6a38-4562-9a2d-cc91e7fdb4c9","ca54990a-d673-4a40-abf7-a08b2290d997","2026-05-25T12:59:10.058Z",52658,"P2P Transfer","Cards"
"37e94b8c-3774-4728-9c8a-b270aa9ac7a1","936d4317-f9e3-481e-83fc-251d3e7fb3bc","2026-05-24T20:14:38.816Z",65881,"Betting Wallet Top-up","Cards"
"27b7d20e-88d0-461a-9dae-70f2a7b9f563","19b532cc-5b14-49bc-b148-61a276a77ba8","2026-05-24T16:03:13.938Z",81158,"Airtime","Bank Transfer"
"8f7950a8-b4d2-4369-863f-4d488629aa5f","a46bf7c6-2481-46f1-ab90-53ad21e2d2b7","2026-05-25T11:40:33.548Z",54886,"P2P Transfer","Bank Transfer"
"53dc71a2-fbdf-4991-ad3b-92c3c8e25a6b","6d87907d-982e-49bf-9869-590f1e8f3995","2026-05-24T21:01:58.239Z",121083,"Utility Bill","Cards"
"0e7a3511-5c24-4747-b192-d446dd6c0708","10e85a8b-caaa-4018-8c1b-7e6db62bfbb3","2026-05-25T12:43:47.849Z",31752,"P2P Transfer","Cards"
"531375e5-5d08-437a-8fbf-10053b626571","9ffb8cb6-700f-423d-8760-7f931e0ba920","2026-05-24T14:59:43.664Z",115248,"Betting Wallet Top-up","Bank Transfer"
"5dc00abe-93f8-44e8-b4c2-d6bcd54bb8dd","f6f2d0ea-4f25-4c28-bcb2-2131aafaf8c6","2026-05-25T12:54:58.240Z",106879,"P2P Transfer","Cards"
"2d8e32d4-7764-4859-83b4-854880b8a574","16105960-ea21-438c-b8ad-c551cf2b3027","2026-05-25T07:57:36.923Z",133740,"P2P Transfer","Cards"
"76e3583d-6c9d-4ed9-8194-515f608dd865","96bf396d-3b18-4db4-a479-2ca5297ac2ef","2026-05-24T13:13:27.878Z",112108,"Utility Bill","Cards"
"887e424b-84df-42c6-97f5-b9baf6b550ec","d529fc17-de48-44e0-a16c-66cae9f90b17","2026-05-24T15:59:34.830Z",88721,"Airtime","USSD"
"1543bcc2-0342-47a2-8757-671f40628f66","d7192aed-291a-480b-b537-6cd9cfa575d3","2026-05-25T09:49:25.393Z",17375,"Utility Bill","USSD"
"96d0ec59-d960-4db3-9ebf-eb8794e0067f","34505efa-334f-405d-bec9-3c76608f2031","2026-05-24T23:14:46.510Z",114849,"Airtime","Bank Transfer"
"dc90263e-ed82-47e6-9a4e-853211334de0","4c334e3a-e253-4ab6-9878-56830db7647d","2026-05-24T17:32:37.809Z",56563,"P2P Transfer","Cards"
"3d954e81-39ae-4c65-af19-a317d5926abc","bb427d73-e7f0-4d9f-b6cc-8228385ab50b","2026-05-24T14:16:35.694Z",50788,"Airtime","USSD"
"4d617221-1a43-4332-8a89-e6d766ccc665","b814a566-b730-413d-8465-b9763f803d2e","2026-05-24T21:08:27.704Z",7690,"P2P Transfer","Bank Transfer"
"6478f574-6265-4ae1-9a8b-7d6b1956b047","de43c96b-4e6f-4953-b94e-8a894df68139","2026-05-24T21:32:56.460Z",88411,"Airtime","Cards"
"aa90cf05-9d46-4b4c-a9ec-ef2e16f0cda3","5839d6f2-b53e-4cf2-bb33-2c6d637c1537","2026-05-24T13:44:00.416Z",14861,"Utility Bill","Cards"
"22cd81d8-d74f-4473-82d2-68bfdf104560","b516078f-8b61-46f1-a206-ac4d4bee3565","2026-05-25T09:27:27.265Z",59675,"Betting Wallet Top-up","Cards"
"800454f0-555d-436d-b8e6-38d960fb5296","9981ba80-6c44-4e65-9173-b73b1421b6c8","2026-05-24T23:28:27.946Z",111294,"Utility Bill","USSD"
"b587ad37-63f7-4836-be17-f002fc8361b1","bbdf3284-c463-41e7-9f09-364bdd194005","2026-05-24T23:22:15.217Z",129043,"P2P Transfer","Bank Transfer"
"79162788-faf3-4901-bb39-81ada4fbfafa","14e3faf6-b85e-4cb2-a1e3-b0877cb9cbcf","2026-05-24T17:13:05.828Z",5240,"Betting Wallet Top-up","Bank Transfer"
"80f11ba6-3f32-4928-abbb-9222fbc8bb94","5d4fb6ff-64ac-401d-a195-828d4e5039f8","2026-05-24T17:54:09.607Z",104934,"Airtime","Cards"
"6aefe878-280c-4223-90c9-b49f25d80d3b","4d9eb19c-8f21-4888-9e3e-8d2540e5971b","2026-05-24T16:54:32.867Z",145220,"P2P Transfer","USSD"
"4b6b3b50-1758-40db-9550-8c28273938f1","f7353f05-3510-4715-a731-6694d9a75ea0","2026-05-24T17:24:43.509Z",17925,"Utility Bill","Bank Transfer"
"e3b8694a-6a2c-4270-93c7-aacf0f444f34","6450f784-77ef-40c6-a6b3-56cbf6fde7ca","2026-05-24T13:42:01.115Z",54380,"Airtime","Cards"
"612a6dc7-40ec-419a-bb56-67bc7324939b","ea4ebf94-7905-46e9-8400-28373e039390","2026-05-25T08:56:46.183Z",112962,"Betting Wallet Top-up","Bank Transfer"
"201c6d1e-b196-4c47-b1af-d777bb579dc4","045b783d-c38d-4bdf-968b-c46f4f46513e","2026-05-25T09:42:20.454Z",114058,"Airtime","Cards"
"755dbcc6-51e2-4534-8e80-7d0137b04339","2435fa1b-5db4-4695-a283-b80113ae9e4e","2026-05-25T10:43:11.822Z",46528,"P2P Transfer","USSD"
"1060369e-008a-454e-8119-12684fb373d1","5d4e0680-0b13-4f84-abdb-951d71aec3d0","2026-05-25T11:57:03.138Z",95103,"Betting Wallet Top-up","Bank Transfer"
"8571ca98-bb07-4a5e-8ec6-3a26dee879c7","345f655d-d7f7-4b1c-88fb-19f36e9d52cd","2026-05-25T04:01:33.462Z",12954,"P2P Transfer","USSD"
"5b0d0ca1-a6ef-4a04-94cd-ffe3f71067ef","0318f7af-a0f9-4082-8173-72d5a7bed01f","2026-05-25T02:35:40.052Z",71630,"Airtime","Cards"
"92c63431-ae36-45e5-ae35-206dec7c1e0b","5748d46c-9108-4ed1-abe9-df63d95c1922","2026-05-24T23:30:21.405Z",69173,"P2P Transfer","USSD"
"aa17bc38-f740-44ef-a27e-c71101947593","e9127f75-2fb0-4e0b-a846-029852090da3","2026-05-25T00:46:55.780Z",53826,"P2P Transfer","USSD"
"ef66f4c4-483e-4ac9-a265-221b5d12584d","f6011a00-a3a6-415f-b2e2-a23f4c59aa0c","2026-05-24T20:05:46.650Z",100708,"Betting Wallet Top-up","USSD"
"536cbb0e-b248-45c5-8388-f3f5deb5a30a","dd705208-5d11-4cf3-9398-d2a05c129d9a","2026-05-25T01:01:37.822Z",51420,"Airtime","Cards"
"e7111a1f-af47-493e-a535-f0a099e96d81","cf4a4a1e-c211-47c4-98ec-ca6f3ef55dc9","2026-05-25T12:00:49.436Z",103634,"Airtime","USSD"
"d160921e-4a55-40a4-8a09-3d5d68ff1f48","e76beedb-6370-4c06-9477-1bd91c68a235","2026-05-25T05:06:43.844Z",129743,"Betting Wallet Top-up","USSD"
"8dd3f87a-9a76-4622-bc33-122f135507e4","77e0cd81-b457-4c38-b6fa-baf58cc66df6","2026-05-25T02:05:27.694Z",58395,"Utility Bill","USSD"
"2183e18d-105d-4eaf-8667-7b0e753ab20f","88b0b691-7ef1-475d-999c-6a869a525198","2026-05-24T17:45:57.654Z",80612,"Utility Bill","Cards"
"465a3b97-dc90-4029-aa42-0526946c9dae","b052bd23-d1c9-4e87-aa18-02a345827628","2026-05-25T00:48:09.711Z",121268,"Betting Wallet Top-up","Cards"
"87d87741-b4e6-4d5a-80de-6564556a2008","14dd8906-85b2-4e14-8a19-ee138305a635","2026-05-24T20:57:13.577Z",40781,"Airtime","Bank Transfer"
"bf110dc8-7701-4999-b846-8c88e85e0ba4","a870d56c-7c10-4e83-b12c-6076b50af501","2026-05-24T14:07:58.519Z",74400,"P2P Transfer","Cards"
"a141f4e5-bece-403c-a260-0ef1714b7feb","de9c4210-4dbc-465e-9ec4-f7476c345832","2026-05-24T22:49:35.972Z",33189,"P2P Transfer","Bank Transfer"
"db3d305d-8c48-4e3c-afbe-057b097c73e7","773bf7b6-a9c5-4db7-82da-31d9471d4eb4","2026-05-24T21:36:51.735Z",122682,"Betting Wallet Top-up","Bank Transfer"
"23906760-bb9c-4631-a73a-15c538a92112","75f6ae26-a1d2-4c16-ba63-bf4005df15e8","2026-05-24T20:21:54.744Z",40410,"P2P Transfer","Bank Transfer"
"d7aca956-f1b1-4772-ae4f-c677473297d6","f1e44790-bbc0-4815-8154-9ed824101867","2026-05-25T05:00:42.663Z",96345,"Airtime","Bank Transfer"
"d6c154a3-a4f5-40a8-a3ad-5990126dcff3","6157fa1f-92f4-4808-bde7-4c7e64248828","2026-05-25T11:05:04.884Z",37467,"Airtime","Cards"
"ee4e2463-c3cb-4ff6-bcc3-b7e61e311f08","9ac62544-e0ad-467d-9024-dcdcebd2c9ec","2026-05-24T21:19:41.810Z",35326,"Utility Bill","Cards"
"b81ee611-c458-4fcd-b796-c3fc09825a29","9c60db66-a01c-43f3-9852-a2d004013a42","2026-05-24T18:35:23.737Z",120843,"Betting Wallet Top-up","USSD"
"b337b159-43f4-4505-8cac-8259c72772cc","aedf217f-d890-4589-8ac3-29d5ebcca981","2026-05-24T17:52:44.227Z",92809,"Betting Wallet Top-up","Bank Transfer"
"e419e872-4da0-4ad2-9b61-305d532d1912","9b12aad1-2313-4d84-a88d-5f369b3c1a72","2026-05-25T12:06:53.439Z",133482,"P2P Transfer","Cards"
"e1ab7f11-4a59-4b84-8852-a9b8d5ce3fb1","f77b0c72-e130-4de7-be54-5802328ad36b","2026-05-25T07:20:29.079Z",100880,"Betting Wallet Top-up","USSD"
"916ab131-3d24-4e8e-91fb-5502e6210df6","c1d4e54c-aba7-4a14-bfa7-4daaf52fcd3b","2026-05-25T11:06:42.227Z",124866,"Utility Bill","Cards"
"8ba67572-e308-46ab-b47d-4be14d5e44f9","965a6ff4-2383-45ae-b42f-27cfd027fc1f","2026-05-25T11:06:36.848Z",137255,"Betting Wallet Top-up","Cards"
"df8658d4-e8ee-460b-945d-92e60fc96011","93e0c283-ba31-41f6-9c74-dc92dfcd73bb","2026-05-25T04:58:16.607Z",108668,"Utility Bill","Bank Transfer"
"b950ba65-a0f3-47e3-9c07-7ced94cd843f","2f29a0d3-75b9-476c-9f9f-36accc0258fb","2026-05-25T03:10:26.802Z",119659,"P2P Transfer","Cards"
"c9ec7383-b8f6-4afb-b076-3b987976f365","02e6d285-1681-4acd-b0ba-f1ab8a89aae9","2026-05-24T13:13:04.478Z",52046,"Betting Wallet Top-up","Bank Transfer"
"4bc49a43-8235-4b28-82ed-375d9e1e3b01","7d610c95-4b2f-42e0-8977-bfad06f4d43a","2026-05-25T00:53:25.505Z",3428,"P2P Transfer","USSD"
"8f386a45-22dc-4848-9305-9d9fa15d18cc","33a33ef0-fea9-4acb-be40-0f9f82723962","2026-05-25T05:31:29.793Z",98200,"Airtime","Bank Transfer"
"a4d88bef-3076-42e3-8454-d15f0f344375","dceaccb6-cc7a-42e7-ad0c-64160442597b","2026-05-24T18:44:16.797Z",56735,"P2P Transfer","Cards"
"6da9d01c-44f1-42fb-ad92-b15ec6b773b5","01bc1cab-236a-4621-b453-3c193a2775b3","2026-05-25T09:54:31.092Z",22499,"Airtime","Bank Transfer"
"65c8f329-ff5f-45f7-b150-59f3b2bc1523","08492c55-b9ee-42f3-9db7-1b4130f4bca6","2026-05-25T02:51:28.553Z",19799,"Betting Wallet Top-up","Cards"
"be2f6314-d04f-4b9b-8ce9-e06f27c25320","27ca68b5-e9e5-4b7c-8625-2c2dc6721fda","2026-05-25T01:20:10.026Z",82394,"P2P Transfer","Bank Transfer"
"7d226dcc-b017-4d28-8d1c-e9e5556a0ebe","a24b5bd2-6371-42f7-a952-bcaa677329be","2026-05-25T07:52:14.129Z",95876,"Betting Wallet Top-up","Cards"
"9274b0c7-d72d-4f65-9b11-2940598d1d07","a89a28c1-f92f-4645-9f34-1aee5d55aaac","2026-05-25T06:00:19.240Z",142305,"Utility Bill","USSD"
"6f6d769d-e741-4a33-9e1e-d1f939d0a292","0ec2d5f1-ed8f-4422-9fae-63ea3826a50e","2026-05-25T00:35:14.134Z",68031,"Airtime","USSD"
"dad8300e-63ec-4c47-a6e8-6b34d309a0ef","a1abffff-d663-46b5-bc1f-5b957d91572b","2026-05-25T12:48:41.373Z",102402,"Betting Wallet Top-up","USSD"
"73d21152-6c9f-4fb7-884d-a6e0b21045db","978c1157-697a-4159-9e9b-75732f8ffa02","2026-05-25T06:23:25.660Z",43350,"Airtime","Bank Transfer"
"4d97de3f-5692-48e1-921f-257e9fdeaab9","46adefb5-3475-476f-8b6d-e8e962404a67","2026-05-25T09:19:45.932Z",139016,"Utility Bill","Bank Transfer"
"4a965cb8-1810-448d-83fb-af4c0ba096dc","fe556f01-a3c9-4a8b-8a83-f998a4c3f321","2026-05-25T11:06:22.282Z",43948,"P2P Transfer","USSD"
"37bb0146-c4d4-42b6-b5a8-86e7ec624cf4","e6f1deb0-bf96-4398-aa22-b5a06b3f6c00","2026-05-24T22:19:09.907Z",81670,"P2P Transfer","Cards"
"8100b30e-1629-410e-a3b5-8fd612f4c6a0","1900d050-fe94-450e-b905-5c6907c7e961","2026-05-24T15:56:17.357Z",4370,"Utility Bill","USSD"
"28a8ff44-0a17-4129-93d3-aa9a1f839e27","3fff4981-5265-4d3c-9e8c-b6961ce7f051","2026-05-24T15:20:56.172Z",32299,"Airtime","Bank Transfer"
"8e6f7d69-65ce-4f49-918e-e797f08dd1f5","299018fd-3720-40c9-812f-c403762caf20","2026-05-25T05:02:21.273Z",148645,"P2P Transfer","Bank Transfer"
"963db60e-072d-4b5e-9a7d-02057ce76565","2e15e497-c5a9-4729-8f99-b568618d5d1e","2026-05-25T10:14:46.059Z",53772,"Utility Bill","Bank Transfer"
"943fd325-135c-4579-bdaa-5740bbfa0f4d","1e18b1cd-31f4-4e7e-8b4c-57d85173a69f","2026-05-25T06:36:21.894Z",9353,"Betting Wallet Top-up","Cards"
"0ba03ab3-6032-4f4f-b500-8e364b769068","d40c8899-1926-415c-8e6c-681c5eb50c0f","2026-05-24T14:10:42.798Z",25230,"P2P Transfer","USSD"
"1a70af53-7f4e-41b5-8e90-1dd60c49b4d6","dd4aa6f1-b0a0-468a-a34a-49e14997584b","2026-05-25T05:53:47.794Z",78005,"Airtime","Cards"
"92eabf93-8366-4156-bc58-2b2cb585f13d","b64a0b99-8198-4f90-996e-e978c9ba9803","2026-05-24T18:26:59.931Z",68384,"P2P Transfer","Bank Transfer"
"b66640bd-41bc-4331-b62a-64a52a96afa2","ec8155ed-1d98-4105-9ccf-2fb7a76fe5d0","2026-05-24T20:01:20.509Z",108462,"Betting Wallet Top-up","Bank Transfer"
"0554b8da-6398-4f75-a769-70939dbef267","0e28dcc5-af88-4a8c-b84e-2eca641dea59","2026-05-25T00:16:25.146Z",69551,"Airtime","Cards"
"aedcce29-49bb-4293-a8f4-bc0f121b9f0e","5bc8f757-4642-4c51-92d8-7c2077bf79f3","2026-05-25T01:43:03.452Z",6283,"Airtime","USSD"
"ff903223-525a-457a-a6a5-7fc30a13ec9e","fc64ca0a-76e3-4026-bd09-31c6680f0e52","2026-05-25T13:02:31.459Z",99631,"Betting Wallet Top-up","Bank Transfer"
"103c7c93-1a72-4605-8497-5d5c725c2ec3","505e6e33-8bae-42c3-abed-874ed1e1e100","2026-05-24T20:21:09.709Z",59906,"Betting Wallet Top-up","Cards"
"c374c446-d67f-4466-9a83-811abbf1f17b","acadf252-4810-4cd8-a298-dfbc2d7cf3b1","2026-05-24T15:15:45.310Z",28090,"P2P Transfer","USSD"
"f2658d26-b966-424c-b539-c2cb332002d3","efbc3fbb-b43c-42ba-8dcf-65624429eb69","2026-05-25T12:24:01.232Z",12824,"Betting Wallet Top-up","USSD"
"88209b23-16b3-474e-a5db-530008fa5825","1b764f9b-7917-4a48-bd77-01d21de53122","2026-05-24T20:56:08.304Z",21919,"Betting Wallet Top-up","Cards"
"908463ba-c653-4dc2-ad64-ac62370af150","ff41a80c-8ecf-4f35-8bc1-98b43fd4a710","2026-05-25T10:33:46.752Z",93976,"Airtime","Bank Transfer"
"e4cd1bc9-e3bf-4e72-9670-13e80858fb04","0347ddda-7311-4a9a-a7fe-56a160c9ae37","2026-05-25T03:16:05.643Z",31972,"Betting Wallet Top-up","Cards"
"6a62f16f-2858-46ca-a003-5befdae3a710","c3c551f5-9a77-487e-903d-a676c364b25f","2026-05-24T14:08:06.021Z",59567,"Betting Wallet Top-up","USSD"
"771dbf0b-56a8-479b-9a9c-3be441b31286","a1c25b92-3a61-4ede-8414-e4c599712d1b","2026-05-25T06:02:18.972Z",80014,"Airtime","Bank Transfer"
"dbeb925a-c5f2-4e9e-968a-0c3e0e122491","fef879c6-979f-4db7-97b3-49810bc0ba45","2026-05-24T15:53:28.125Z",63329,"Airtime","Bank Transfer"
"5d2b60fe-0fa9-4c0a-9542-1545a5c49a79","52f62da1-c240-41a4-a1c8-886402181750","2026-05-25T06:39:59.059Z",12612,"Utility Bill","USSD"
"85964d7d-289b-43f7-8bb9-b450237daccc","9cd1d2a3-eda3-4e92-88e2-326e9c8bbf8e","2026-05-25T03:13:21.386Z",40979,"Airtime","USSD"
"102e5cda-aa54-42df-a8d4-5e1664d79e1a","eefc7c74-d441-4688-9579-8655e4fb896f","2026-05-25T08:51:53.140Z",136666,"Utility Bill","Bank Transfer"
"bf9f1bc5-cb2c-4261-b924-ea01a455d380","b8b94d15-b46f-482f-850e-aaad0d5d3fbe","2026-05-24T15:29:16.058Z",140394,"Betting Wallet Top-up","Bank Transfer"
"40cc7980-ac2d-47b9-9cd7-dd9e35849db9","92773f74-6fe2-4745-93be-f9d8856f72a3","2026-05-24T14:06:08.195Z",102675,"Airtime","Bank Transfer"
"8e76b9eb-d063-40dc-8efc-525b0bbf3ccc","607171c5-1d9b-4c9a-83ab-1d35f4202b71","2026-05-25T01:45:25.198Z",59489,"Airtime","Bank Transfer"
"940af2c8-01f5-4841-b1a3-5e2367621553","d6c191be-3703-411f-b845-fd2df67f7b07","2026-05-25T11:11:26.159Z",20187,"Betting Wallet Top-up","Cards"
"9aad48eb-6ec8-4080-a2a8-d236211b26f7","07a7b67b-ca05-4154-9ec8-5d871f211fc3","2026-05-25T12:50:21.656Z",125532,"Airtime","Cards"
"7badd360-9560-42f5-beed-9fb50a0ad44e","20393b96-941c-4e6c-8806-d6a68c063287","2026-05-25T01:51:05.515Z",106166,"P2P Transfer","Bank Transfer"
"ad96d13d-e992-4217-822f-fd99d59283a7","777c3314-751c-4834-9694-0890c6a50c05","2026-05-25T03:26:30.805Z",3165,"P2P Transfer","USSD"
"274ecef5-b751-48ee-b753-8de6d78f7d60","34218b0f-2b40-4882-b7e0-a59563eba819","2026-05-24T21:56:43.347Z",10540,"P2P Transfer","Bank Transfer"
"bbb60f62-1f83-4dbd-bd2c-70bd517503ef","2e922e7d-4ecf-4717-b3ab-98e9f3be07fe","2026-05-24T13:30:06.329Z",99382,"Betting Wallet Top-up","Bank Transfer"
"3181d01a-be74-45dd-be04-ceb2ae6a75ef","cf0aa723-ba41-48e1-a535-00ca3a774bde","2026-05-25T04:19:00.975Z",26811,"Betting Wallet Top-up","Cards"
"d02212c8-7b2b-48a3-970e-7fdd2276147a","c81fb7c5-14ad-44cb-8c1a-38820f56a27c","2026-05-25T01:49:41.903Z",84392,"Betting Wallet Top-up","USSD"
"733cb43c-0210-414d-8f9a-2bd452d5cdf4","c77db024-960c-4a40-8cfc-178737772759","2026-05-24T17:09:17.799Z",47936,"Betting Wallet Top-up","Bank Transfer"
"8477c3c8-b49d-42b5-b944-3acca37de7e0","0c1ab748-8c5b-4740-8572-19d60ad0363c","2026-05-25T12:03:06.642Z",36092,"Airtime","USSD"
"5a0e6c9b-fb28-4968-bc6e-521f0bfcb583","1d56ee1a-fce8-4b5b-a061-c26debc0ec0f","2026-05-25T12:23:28.984Z",102181,"Betting Wallet Top-up","Bank Transfer"
"3823f73a-6903-4870-a32c-979d3a3d5c3c","68af0117-1c4d-43ad-bc87-874ed60e5b94","2026-05-24T16:48:12.602Z",60485,"Airtime","Bank Transfer"
"f59fb5de-40fb-4a5f-a4b0-8bf035d0a92f","ae02c4ad-b658-43cf-afe0-fb616eb7b4c6","2026-05-24T16:18:49.220Z",47672,"Betting Wallet Top-up","USSD"
"7cc62937-885c-4c46-b6ee-5465bc3a9040","ae3353b4-d1a5-4fce-882a-ae87b074cba1","2026-05-24T14:55:36.363Z",46350,"Utility Bill","Bank Transfer"
"00db65f2-d963-4ccf-8eb5-e95f540cc48a","e33a5d9a-19b8-439b-b53d-9c9fea407507","2026-05-24T14:48:28.589Z",113758,"P2P Transfer","Cards"
"9ac30b81-6096-412c-8973-020616f69a9f","5da327e3-8a89-443e-ba52-88e4c305e0ed","2026-05-25T01:12:30.884Z",124279,"Utility Bill","Cards"
"19e09502-22e0-4d82-b797-b948bd3f52a5","241e6d15-768b-4e40-906e-f84c99b9d61d","2026-05-24T22:15:48.195Z",63338,"P2P Transfer","Bank Transfer"
"06b6d403-f684-493d-b185-c635f66c15f0","84a3d458-dd98-4146-8e20-76b86a0eae12","2026-05-25T04:42:12.043Z",70373,"Airtime","USSD"
"a4d1dd14-a9fc-4205-add1-6627aa91fa6a","07bbce17-0194-43f9-9b48-9c8bdb97fa5c","2026-05-24T20:05:27.572Z",6412,"P2P Transfer","Bank Transfer"
"1b8da007-fb66-4e95-aaa2-d7bc3e6b280b","a8b204c2-1521-4a42-867d-4a160da04f2e","2026-05-25T09:27:17.612Z",108735,"Utility Bill","Bank Transfer"
"40ee998a-e7ba-4481-8652-39df0c48f71a","3bd0ab6b-8c85-4539-8b66-769d6a557ec5","2026-05-24T22:59:26.556Z",132946,"Airtime","USSD"
"bc5604b2-6d87-4341-a5d3-33e433af82da","1a5a3fdc-f840-4ee7-8667-53b322ea056e","2026-05-24T22:27:40.477Z",53558,"Betting Wallet Top-up","USSD"
"2daacbce-f3c7-4b0e-b3f4-b4c8247be271","48f99819-f065-4f09-b1bc-1a59b1d6d613","2026-05-25T04:58:04.413Z",120384,"Airtime","Cards"
"6f13a611-32b4-442a-973e-5da5e5bea43f","65fc501f-d57a-4157-8cca-9d298798f330","2026-05-25T01:09:13.841Z",29729,"Betting Wallet Top-up","Cards"
"c4211cfa-2859-4ba9-a945-1782cfa4fcc8","adf2be40-753d-4f61-9469-0252e0ca4d46","2026-05-25T10:51:34.724Z",95390,"Betting Wallet Top-up","Bank Transfer"
"14b318e9-ad5f-4c4a-b2ee-10451aa3f0f7","147c4cda-9851-486c-92f8-57d0fa3049ae","2026-05-24T20:53:13.451Z",74868,"Betting Wallet Top-up","Bank Transfer"
"7f5c4268-8b47-432c-8a68-32ae5ed7094f","b624e50e-53ec-46a1-9bc2-70abea23e0d3","2026-05-25T12:14:38.161Z",28412,"P2P Transfer","Cards"
"5e39fea6-8de9-44ed-917f-fe0d2496fe00","c0ac6c48-0025-44b4-a0ec-b2d31fac938e","2026-05-25T04:05:13.971Z",33710,"Utility Bill","Bank Transfer"
"c8178b78-e25e-4d2e-b6dc-065fef1d62ea","85093ae2-a474-4323-a81c-10f41de72f0a","2026-05-25T12:15:38.056Z",106589,"Utility Bill","Cards"
"a64ca368-9c30-4ed2-aab4-3331cc042b05","a8c0f3e8-1cec-44dc-8062-4fcb1a5a5499","2026-05-25T08:01:02.359Z",27620,"Utility Bill","Cards"
"a297bc71-a670-4f91-ad15-df78f05664c9","2f88d552-1c12-4273-847c-cdedf03e2dcc","2026-05-25T12:39:21.391Z",94249,"Betting Wallet Top-up","Cards"
"dc9451cb-9f25-4144-8809-67f7cf9c0c5a","2467bb5e-05d8-494e-b6fb-6d6dbcfc03ea","2026-05-25T08:08:29.553Z",14897,"Betting Wallet Top-up","Bank Transfer"
"571424fd-c8e1-4bf8-8a3f-cbd3f53e8326","e340a790-bf79-4587-8b1b-9315b1656dbc","2026-05-25T08:04:32.527Z",129316,"P2P Transfer","Cards"
"013738d9-4a2d-4a53-a936-8020f87b459c","d48ae4b4-61eb-44cc-9098-b8b34d2a8524","2026-05-25T02:49:21.789Z",34133,"Utility Bill","Cards"
"412f548d-08f4-4cd9-85cd-340765457600","2113b9a7-a2f3-4029-bd75-f0239d0024c7","2026-05-25T05:45:42.930Z",54242,"P2P Transfer","Bank Transfer"
"bffdca9c-0189-43bb-9e85-ca099abd8251","6891ec85-a2f2-4739-9b6b-b18c76d3cac7","2026-05-25T12:44:18.849Z",11970,"Betting Wallet Top-up","USSD"
"b3b6a92c-316c-494e-b05a-bd7bd23ce66f","ca468f29-4f1e-4bdf-a666-a70a165864bc","2026-05-24T15:56:54.463Z",24900,"Utility Bill","Cards"
"6fed4ec5-e6ff-4c4e-b22a-482bd938d2d2","9f824540-7687-4fe9-9d80-0c65551aa881","2026-05-25T09:15:43.124Z",144972,"Utility Bill","Bank Transfer"
"959454f5-d03d-4eb3-ac16-a381497621d2","791bb5ce-8767-4c2d-b451-3927075cf841","2026-05-25T01:25:33.137Z",2996,"P2P Transfer","USSD"
"c2464e1b-752a-46a9-8e53-757983957fb8","4f445f5d-9f18-4ec4-a29c-329162d4c9e3","2026-05-25T12:58:47.870Z",75043,"Airtime","USSD"
"9c4061cb-f3d4-406c-9d5d-6d610373c77c","5967b268-b3c9-4703-bebf-fe5bdae95339","2026-05-25T12:02:53.574Z",134038,"Utility Bill","Bank Transfer"
"59a9eab5-d481-45b3-9f48-c8bfcff4a6db","1df79257-2425-4bfb-9f19-bf673413e5cc","2026-05-24T15:48:31.624Z",118589,"Utility Bill","USSD"
"49831d4f-7f60-47ab-b91f-4ebfeb5f8d14","9b920fef-f0fb-43ef-81f9-c9658afab58b","2026-05-24T21:47:14.522Z",86463,"Utility Bill","Bank Transfer"
"5e184368-224a-419d-8b98-6a2cc707497a","f451d867-2571-473f-b769-deb328b5f351","2026-05-25T03:03:33.969Z",97253,"P2P Transfer","Bank Transfer"
"82c7d295-4564-4894-85b8-9a21659f5840","6697c226-51eb-4659-93b9-c2034a5ca5e6","2026-05-24T23:15:57.434Z",89370,"Airtime","Cards"
"c1a594db-9344-45cf-b094-d8eeeda695aa","78663c38-f472-4674-b113-91e4e56a6b5c","2026-05-25T12:52:59.923Z",57512,"Betting Wallet Top-up","Cards"
"b344f115-fe99-4a61-92e3-ce7161175e24","9294747b-76f7-4f5e-b96d-40d63a3c98ac","2026-05-25T00:15:05.528Z",141049,"Betting Wallet Top-up","Cards"
"6560e4f7-f584-481f-bc7d-0643f5077263","99cab587-7d66-4c45-aa5c-99697f7a61b7","2026-05-25T01:04:09.041Z",126044,"P2P Transfer","Bank Transfer"
"5cfb0bbe-b0ef-4781-bd18-85aef4080463","be2e07e6-9f91-4cb0-9cef-596036175b96","2026-05-25T06:18:16.076Z",118133,"Airtime","Bank Transfer"
"e1f6352f-aa17-4f0b-9a66-995607faaa0e","1caae788-0aa9-44e0-8be0-c0b57db76513","2026-05-25T06:58:29.938Z",33036,"Airtime","Cards"
"a3bca1f5-11c2-4500-b2af-34c01539459f","361b9176-a48f-4a09-927a-233a6f02011c","2026-05-25T12:18:53.790Z",144628,"P2P Transfer","Bank Transfer"
"a089cce2-06df-4ada-a7a3-cfc3b251d51d","74ff906d-d560-49c6-9713-2adc79370ff6","2026-05-24T15:49:35.365Z",147618,"P2P Transfer","USSD"
"e1b0b10f-a1bc-4caa-bd78-97dede364e1e","23edc5fb-a13a-4ed9-99fc-a39482b7d0be","2026-05-25T07:34:02.785Z",34539,"Utility Bill","USSD"
"afceb82f-fa52-4c06-b037-c7544fbe6ddc","c0b0da3c-989b-4249-a983-485943020025","2026-05-24T13:29:19.299Z",5984,"P2P Transfer","Cards"
"cc2309c2-dcff-4390-b82c-17bb229609c2","b670d42c-de10-40f7-a1f9-bfee91862edb","2026-05-24T19:38:41.704Z",20282,"Utility Bill","USSD"
"bdcc2ff5-d216-47bb-8b75-129fcead6d8f","3d52bc01-0726-42b3-9b0d-12b3696c339f","2026-05-25T03:28:08.212Z",65058,"Airtime","Cards"
"d6e1efb8-fe23-4138-9026-8d5266193e07","fe0b25f6-d4f8-450b-bd5c-5c8ea663b610","2026-05-24T14:25:56.046Z",56660,"Utility Bill","Cards"
"88a48c3e-2368-45e0-9b0a-a09e1c8a5879","a7af521b-890b-49c7-be15-76ad33393f3e","2026-05-24T20:12:55.411Z",14566,"Utility Bill","Bank Transfer"
"82994e6f-54da-4ccb-9ed8-bd7029f0ed7d","7452e19c-087f-4f4b-a328-fc29607c94c5","2026-05-25T12:46:56.170Z",145308,"P2P Transfer","Bank Transfer"
"bd294b07-6ade-4981-8e3e-4b058d9d93c2","eee84763-dbd8-420b-876b-4501b6d92d86","2026-05-24T21:43:29.817Z",74641,"Airtime","Cards"
"876b9634-9267-4412-8a1d-2bd1e546afb5","7c22c66e-acde-4d24-ac2f-3893ed3e8e29","2026-05-25T08:20:15.256Z",63760,"Betting Wallet Top-up","Bank Transfer"
"f8ee1156-f824-4a6b-a45e-a19995ba9737","393dff14-73bd-4b4c-bda5-1db460d0abd5","2026-05-24T15:48:54.562Z",35855,"Betting Wallet Top-up","USSD"
"df054d40-260d-4123-8a98-f5ebdd6c4f41","bcc18d1c-a618-4cd2-9ee4-9b77a27ba938","2026-05-24T19:44:41.016Z",88848,"Utility Bill","Cards"
"2b6bc98e-2d06-4817-b407-83a74e692efe","03fbd010-47e2-4986-97a9-112058a0dc4b","2026-05-24T13:19:06.761Z",30970,"Airtime","Bank Transfer"
"6a3866fb-5ab3-46a9-a082-8cc593db84ba","3ebe4829-0b2e-4712-a76e-0801e4e6495c","2026-05-24T14:00:55.912Z",100238,"P2P Transfer","USSD"
"5a2951fe-8d9c-48e6-901f-d5a96fbc9826","9845e443-5607-4435-9091-1f298ba42d94","2026-05-24T23:22:52.211Z",96506,"Betting Wallet Top-up","Bank Transfer"
"4f0f280b-886c-4945-a6d0-1f60779a80ba","2f0063cb-38f4-4e0d-b2bc-07232caf58fd","2026-05-24T22:00:43.236Z",19937,"P2P Transfer","Cards"
"bb2751ec-451c-4794-b2bc-01a8b3fc8d32","2bb71800-89f7-4a4a-91bb-8dbdafd2d35c","2026-05-25T02:31:24.067Z",145788,"P2P Transfer","Bank Transfer"
"8d905fac-5172-4718-be06-7bc0f04fdaef","61361d1e-ed0e-4182-9d6f-f562c837ebe9","2026-05-25T08:32:14.684Z",44811,"Betting Wallet Top-up","USSD"
"357dd7a1-6e23-402c-8c5e-18d3b2b5b9bb","7dd33038-727d-4d08-b767-870fd463a64c","2026-05-25T02:55:34.468Z",58973,"Utility Bill","Bank Transfer"
"97882972-09b8-48d1-9cda-62ac84c44b2f","d1b10e1c-ff08-4b6c-a713-1e76eb30c2e2","2026-05-25T07:04:06.323Z",42009,"Betting Wallet Top-up","Bank Transfer"
"9f7305cb-51ec-4e64-ae63-c1a635699ef4","95db73db-fee0-47d1-8f8d-a242daf68312","2026-05-24T16:44:39.216Z",75441,"Utility Bill","USSD"
"62b8f8a3-81fd-41af-b66e-4d9996a4a971","74e8a410-e4e2-4bf7-8304-4e9db1a1114e","2026-05-24T18:55:34.426Z",48288,"Betting Wallet Top-up","Cards"
"305a159c-df02-4ecd-9946-6e57192af827","992ee8c2-b2b7-43a2-a9de-42125aeb4927","2026-05-25T03:46:08.331Z",79770,"Airtime","USSD"
"748c74f7-6b2e-4e1f-be80-1068926216ca","4ce5d26c-9df2-4753-bafa-e77753bbc09c","2026-05-25T00:54:04.245Z",72289,"Betting Wallet Top-up","USSD"
"8d266177-bcbb-40c1-bf0d-8818cb6d966a","03d90bf9-31a1-4e47-b535-9d34bfc9a940","2026-05-25T08:52:46.412Z",82596,"P2P Transfer","USSD"
"f4950a30-3ff3-4006-9c70-5f59b9759280","585874a4-26ba-4755-9d5a-25d5fde2d535","2026-05-25T05:32:47.407Z",71970,"Airtime","Cards"
"95850a2d-ec13-4a58-a252-e440ff537471","05560031-f461-44b1-8730-674022a23f75","2026-05-24T14:17:42.122Z",146729,"Utility Bill","Cards"
"4000c331-a746-4449-aa2b-008497b5369d","bbd1929b-baeb-4b62-9745-b897b5d52eb0","2026-05-24T16:04:40.051Z",86116,"P2P Transfer","Cards"
"2e989ede-7bfc-4d9e-aba0-50027b3ab603","78a3bd2e-591f-42a0-b296-f7f72de332c8","2026-05-25T10:11:19.126Z",90171,"P2P Transfer","USSD"
"217644d0-7315-4b71-a5aa-ff4c9f949a7b","30c610e3-6b60-48c8-830b-be17ed50f776","2026-05-24T20:45:42.220Z",73792,"Utility Bill","USSD"
"ba97bda4-af47-469c-bf93-8e089267e692","e360c186-fb66-449e-9875-6b4892ddf58b","2026-05-24T22:53:56.837Z",14357,"Betting Wallet Top-up","Cards"
"ff1ecca0-4188-4b1d-90a9-8482e8a79a61","0d47d0af-9b5d-4777-bd3e-1cbdb62e5c81","2026-05-25T02:33:22.871Z",63561,"P2P Transfer","Cards"
"6ee1b760-99ed-4942-a37b-166a7af3cbc1","d766e701-a9dd-4dbc-9604-eef0bd2bc510","2026-05-24T20:51:11.808Z",4679,"Airtime","USSD"
"75feddd7-e80b-4abf-8946-a4ef6db78957","a5ae2198-361e-41e2-8da7-ea919a01d339","2026-05-24T21:38:56.782Z",139832,"Airtime","Bank Transfer"
"fb07ef44-e629-45b2-b323-b32c5eeb372c","2d6875f9-cf11-4d79-bde5-b65530ebff9e","2026-05-25T03:12:15.858Z",36858,"P2P Transfer","USSD"
"50d43b42-9c9e-4745-b434-8fd7ce855291","2bf3f599-e05a-4e96-904a-da3ceea22abe","2026-05-25T08:29:53.015Z",34418,"Utility Bill","Cards"
"84a38ce4-bd52-46cc-abb7-a4783fc6a622","aa06b776-8341-400d-9b52-4050141c52ac","2026-05-24T14:09:12.837Z",134028,"Airtime","Bank Transfer"
"edc511f7-06a8-46c6-a788-9e889632f36b","b613a433-bab7-462e-8132-7a27229c0ba5","2026-05-24T19:50:34.565Z",39697,"Betting Wallet Top-up","USSD"
"2249587d-6969-4386-b75c-b6b454fe0fc3","0fb342b4-4c0a-4a30-b65c-6074e1729782","2026-05-24T23:54:59.592Z",28578,"Utility Bill","Bank Transfer"
"93444523-cd27-41d8-926e-94f8d8927ea7","77572ebc-478c-4e0e-b607-965c2c6ee05b","2026-05-25T10:27:06.922Z",55793,"Utility Bill","Bank Transfer"
"721b9f2b-9925-4c13-8223-07a2aaf3cb60","28bb1bf0-aa89-41f9-90b4-921916d60c9a","2026-05-25T11:56:20.226Z",73378,"Airtime","Cards"
"e11bf8be-0a7f-48f5-b5a3-2d59106c1bc8","09f5cd26-5c0a-46ae-bfa2-1fd465d973c5","2026-05-24T15:52:42.614Z",78814,"Utility Bill","USSD"
"e1afc952-39be-4014-83f0-0332b7c694de","0c43e1a8-9799-490e-bbb4-a0562487b544","2026-05-25T12:17:44.677Z",66346,"Betting Wallet Top-up","Cards"
"2e615488-0eda-4747-84df-ad5013eb6976","6dc415f1-ddb3-4899-b077-2e9a59ad6b8f","2026-05-24T23:08:07.092Z",101718,"P2P Transfer","Bank Transfer"
"1367c3f9-1bd3-4085-951d-fbc3d0b0c6d2","35feaabf-b55a-49ff-bd2b-64329f017b5e","2026-05-25T08:53:31.786Z",133502,"Betting Wallet Top-up","USSD"
"35a94568-4600-47bc-a777-a85265cd1720","3a828b62-0f06-4dab-8f5c-a9ce1eee2a3a","2026-05-24T15:11:11.155Z",2200,"Airtime","Cards"
"e1bc4d60-92e8-43a1-85f7-86455e5a9d6f","1a696f2b-0bdc-4c32-a160-a30c07a73b35","2026-05-24T14:19:21.626Z",149537,"Betting Wallet Top-up","Bank Transfer"
"035e0cbf-d272-4cee-aca1-e9a61d68f414","64a77c15-3e1e-4b8d-a267-bac4973f681e","2026-05-24T19:12:55.743Z",29839,"Betting Wallet Top-up","Cards"
"5368c31b-8c9f-44cc-a5f8-5cca7991ee81","b5f1ab3e-348c-4975-b122-951221da9ece","2026-05-25T04:51:31.451Z",71116,"Betting Wallet Top-up","Cards"
"d677eda0-cf54-4eef-8ae4-1ac0067f6bd3","35daec6d-eb0d-4c86-82e7-ac682cb783d6","2026-05-25T12:24:44.900Z",56711,"P2P Transfer","Cards"
"ebf1ea7f-d072-4a2d-a1fd-f15baf9ce18b","83d52490-4b0a-402e-836e-9506b9edf519","2026-05-25T00:31:30.154Z",1933,"Utility Bill","Cards"
"42f257e4-034f-4f95-b500-85108ff4fe29","4e78df84-493b-4ef1-87fd-e88c99846b65","2026-05-25T11:33:42.850Z",54933,"Utility Bill","Cards"
"7a45202f-7cd3-4e00-8fa7-d6040c7edf05","41899b83-6f0f-41c3-936f-7edd5a67cf7e","2026-05-24T16:22:15.807Z",68180,"Airtime","Cards"
"d4099174-0a84-4ce0-a6a9-b5d79fbfd473","81d2f3ea-93c5-40ca-bf63-b18ba1089286","2026-05-25T09:34:53.389Z",75497,"P2P Transfer","Cards"
"0f822ef5-d5ef-470e-af36-11435dcc803d","7f46de9a-a7d0-4bc8-b1f8-ac801cdfd889","2026-05-25T08:26:04.050Z",142547,"Utility Bill","Bank Transfer"
"db90a835-fd45-48dd-9a0e-806b2674140b","a3432bd0-85cf-4841-af5a-029932be196e","2026-05-24T16:15:30.478Z",121088,"P2P Transfer","USSD"
"8fc0a35e-7396-440e-9be3-4e3c830e1669","c99383a3-7639-4656-86b9-98063c11ee21","2026-05-25T08:05:34.597Z",37149,"Airtime","USSD"
"191c50ea-afdd-490a-9d77-93ae89089e09","4261c21c-51d1-4b32-ba79-7224c70d617e","2026-05-24T16:01:49.798Z",36197,"Utility Bill","Bank Transfer"
"f9248a66-5e92-4241-98dc-7d7b84e45cca","3d1029a6-1c45-4a7d-bf71-7cb08db45ad7","2026-05-24T20:55:26.833Z",131554,"P2P Transfer","Cards"
"e3b9759d-b092-4fdb-86e4-7c613d891452","fe883dbc-8cf3-4356-8c78-b06a0f3c2707","2026-05-24T16:05:28.526Z",7114,"Utility Bill","Bank Transfer"
"fe18a81a-f833-4d09-97e8-4cad05f1fd8c","eec5ad33-d2e5-423d-833f-7546fb2969eb","2026-05-24T21:59:49.679Z",12888,"Betting Wallet Top-up","Cards"
"5154fff3-0212-4b01-adea-6bcb8fe3116b","6ee90882-d2b0-4099-9691-fb670c99d6d0","2026-05-24T15:30:13.977Z",67949,"Betting Wallet Top-up","Cards"
"54da4f02-ab58-42f5-9d01-621c5217146b","610f9d38-e10b-43cc-9fd1-28cdeca93b44","2026-05-25T12:01:07.640Z",45952,"Utility Bill","Cards"
"5e19dc20-2fa0-4f06-be1a-2bd2593bacf2","ffe27bee-697a-48cb-986f-7e4304576308","2026-05-24T15:25:13.210Z",127956,"Utility Bill","Bank Transfer"
"a5138610-8985-4845-9cf0-05992611253f","cb0dcbb3-7c77-4728-9d92-a2be53bc3b4a","2026-05-25T01:06:44.763Z",137801,"Betting Wallet Top-up","USSD"
"94404c81-d214-4bde-9ff4-404c674e8fe4","5b44ebdf-9fc7-43a7-9f26-aee8780efadb","2026-05-25T11:43:10.374Z",127693,"Airtime","USSD"
"839cb80b-4496-48f1-8e00-2b3e4498df28","685f0de2-ce79-4017-887e-c7f8b2a584b9","2026-05-25T09:57:36.858Z",123296,"P2P Transfer","Cards"
"48a01037-3ff6-458e-aaa0-0e0b137d1112","270f60de-620f-4d94-b5a8-c311fafb483b","2026-05-25T12:40:20.239Z",83691,"P2P Transfer","Cards"
"c5166413-bb5f-4038-8c6d-0f54208cb558","6a474cab-adf8-4d64-88cb-51a74e75ca0c","2026-05-24T19:31:25.649Z",52551,"P2P Transfer","USSD"
"904f0a1c-6228-4900-b545-481948b413ac","313428a7-6dcf-4079-b8af-822d1324839d","2026-05-24T19:40:22.922Z",95579,"Airtime","Cards"
"1a03e271-e208-40d1-bb1c-0dc0e6c44fb1","f087000f-8982-4e44-a537-62a4beca4f37","2026-05-24T21:58:52.633Z",7490,"Airtime","Cards"
"52ec9a49-2624-4d46-959d-7fc63d4c07fb","aea4f2c3-080c-4e0c-9d34-0cb5b8e12284","2026-05-25T10:18:15.373Z",5461,"Utility Bill","USSD"
"8092cffa-6f46-463e-b6ad-1400ee7b9acb","65b9b1a3-d3f8-438f-b4f8-54878c70b50e","2026-05-25T05:28:35.914Z",37797,"Utility Bill","Bank Transfer"
"15431d65-a999-4332-9489-aba67978bca9","b89709ad-486b-44bd-bc67-ece1ab110e13","2026-05-25T01:05:42.671Z",140743,"Airtime","USSD"
"9fe6a388-cc6f-4f6d-a8d4-c469bcf221d8","9b4c61bf-0b6e-43b4-a150-15fb3f1dc00b","2026-05-25T05:07:42.141Z",25854,"Betting Wallet Top-up","Cards"
"85d58845-a917-418c-b519-17502a622b8f","75edcb58-eead-4b9c-b86f-6caa46952282","2026-05-24T13:09:08.220Z",5437,"Utility Bill","Bank Transfer"
"d2c280b8-4eba-44fd-8870-392478dffedd","cb726d21-ba1b-4f0b-b658-f1b7f5b08ca0","2026-05-25T11:16:11.061Z",50483,"P2P Transfer","USSD"
"808a2287-ead0-4694-a458-62d2072f19ef","f4722191-25a3-4d97-9927-58535824d09a","2026-05-24T20:11:35.282Z",26322,"Betting Wallet Top-up","Cards"
"aa1657ac-d317-43f4-886f-4e0354fbb25c","ea6066c6-890a-4978-a489-7a3b200ed422","2026-05-25T08:56:09.021Z",82034,"Utility Bill","Bank Transfer"
"ccbb1888-b779-4b36-9967-cf45bb74ab04","0288c993-8ed3-47ba-aed6-8dbe825dbda3","2026-05-24T23:24:03.560Z",85794,"Utility Bill","Bank Transfer"
"0765f10f-d157-4793-b45c-1c9fff1b4604","e00105da-d5ee-468c-b822-e1ca4e31e1d5","2026-05-24T13:35:30.821Z",67513,"Airtime","USSD"
"f8b8fc14-f44e-4c86-b08f-47dd1aa3ca4b","d1edebeb-56fe-45aa-9a0c-2d6c6de48fec","2026-05-25T01:44:00.977Z",11310,"Betting Wallet Top-up","Cards"
"14adc4e6-ca3b-4861-b3ba-7e72935b272a","25304030-ac61-4c82-ae3d-41a792a5abe0","2026-05-25T06:28:21.358Z",90606,"Utility Bill","Cards"
"dbf1232a-e88e-4628-9c0f-318d6b006c54","99876b12-41c0-413a-92ec-ea08ede08bd7","2026-05-24T19:20:18.924Z",89878,"P2P Transfer","Bank Transfer"
"d1a91d80-c7df-4975-b929-65c634221834","a18f71c6-f0d5-4c7f-9e64-618939cf0633","2026-05-24T21:22:21.461Z",101803,"P2P Transfer","Cards"
"ddab1d4e-5433-481b-856c-eb04ffb20e60","8c3c898d-1256-4a0d-bc24-4a3d734bef71","2026-05-25T07:36:23.042Z",114702,"Betting Wallet Top-up","Cards"
"af789b26-a1e0-4ef3-9500-a37c2005c180","63bbac76-75ed-413d-b1bf-2f311e18acfd","2026-05-25T05:22:46.776Z",115036,"Betting Wallet Top-up","Bank Transfer"
"b0956456-85ce-4802-80e4-a53d4f26cc8b","3a43e755-c789-49ad-876a-c61f9679b5b7","2026-05-25T06:46:32.367Z",38343,"Utility Bill","Bank Transfer"
"7db3dcf1-1b14-4fde-be89-2cbba360467f","336a59b2-d7b5-434e-af14-010790d64c29","2026-05-25T09:58:26.585Z",37343,"Utility Bill","Bank Transfer"
"378d63bc-3e4c-4e63-9084-a5abb01616d8","43ce168c-bc21-4883-ab3d-d4b8ce0002db","2026-05-25T09:04:56.371Z",29013,"P2P Transfer","USSD"
"44700faa-0a5b-46e1-9f1b-a51f46d346a0","e85aa29f-5d59-4900-984d-227e24e64400","2026-05-25T03:38:17.959Z",25137,"Utility Bill","Cards"
"28f8387c-5ead-41d3-aad9-a50bf5aecb4c","fd496b17-6e20-4744-90ef-ebdf6c0472e4","2026-05-24T21:48:54.159Z",93857,"Betting Wallet Top-up","Bank Transfer"
"f9cee628-ee60-4120-960b-3b12761b472e","af01bda4-0958-45cf-b17f-33109d74a888","2026-05-25T05:27:41.282Z",94938,"Betting Wallet Top-up","Bank Transfer"
"996159bc-c536-49c8-9320-78dd5b2c33b5","24947803-ac87-4031-8f68-75a37171eb76","2026-05-25T01:05:15.492Z",134648,"Betting Wallet Top-up","Bank Transfer"
"36a802fa-2900-4658-afad-d81b39e3ebf5","42d8e7ab-c68c-432f-ae93-4470acad8d10","2026-05-24T13:02:28.757Z",131614,"P2P Transfer","Bank Transfer"
"5f6d05ea-71cc-442f-820d-e8632d6db121","c3915a4b-7134-4e94-8429-cb6b41346348","2026-05-25T00:23:17.446Z",46546,"Airtime","USSD"
"363ba6c3-4348-40ef-a93a-2aae8dfd4b6b","1b515f4a-b49b-4f46-986c-7eb391b49548","2026-05-25T06:24:19.235Z",124620,"Airtime","USSD"
"68fce8b0-053c-4051-9fcc-41acf4f9addf","158e5d62-dd5d-430a-870f-75115d9e97fb","2026-05-25T12:11:10.012Z",85493,"P2P Transfer","Cards"
"d1277d6d-d589-4461-8de9-489713868f36","a985eb7b-0d99-426f-9057-6a892f83e8d7","2026-05-25T02:10:06.733Z",48922,"Betting Wallet Top-up","Bank Transfer"
"44b089e8-301e-4588-a102-6f21a0a443b9","f2063f18-0c7f-4c74-91a2-4cecbd038316","2026-05-24T14:03:19.217Z",51862,"Betting Wallet Top-up","USSD"
"82427b8f-38dc-43fc-9fd2-bba243add016","5b79c583-0fed-4d4c-b7b3-df90a79e61e4","2026-05-25T03:36:44.502Z",51065,"P2P Transfer","USSD"
"3ef5d4ba-1600-4e1a-8cae-918106beb1b7","b61014b3-95ff-476d-bad3-38d772904be0","2026-05-25T03:32:01.094Z",43237,"Betting Wallet Top-up","Bank Transfer"
"e817603a-c6da-471f-8c61-a9dfdac9ebbb","4fefbd31-84f2-4ec1-9526-17fa7a0217c8","2026-05-25T04:00:03.052Z",58322,"Airtime","USSD"
"660285db-c8bf-4010-a9e0-b73d85ccf26f","1f268e6a-99c0-4f67-8501-54ab303c9eb0","2026-05-25T08:36:57.889Z",74469,"Utility Bill","Bank Transfer"
"b09e1a22-cd0f-48fa-a603-b413c10f88f8","09b59f4d-4153-4141-97eb-bf236c049533","2026-05-24T20:09:46.809Z",71893,"Airtime","USSD"
"833f9552-e84a-4194-8301-8c2aca148dc7","c6669157-926e-4f0b-b5f8-e1bfe6ad44f4","2026-05-25T09:04:36.654Z",44345,"Airtime","Cards"
"41c6f9ad-774f-4f7f-b793-5e73920ee58a","e980783d-fed5-4118-9951-ab90580803f8","2026-05-25T07:24:01.045Z",124579,"P2P Transfer","Bank Transfer"
"bdda23da-d1d9-47cf-9f8e-b00fef411d5f","8bd2ade6-b4e5-4034-96db-36d8bc0a0762","2026-05-25T02:47:26.443Z",44035,"Airtime","Cards"
"71b1a1fd-edb2-4b1d-862b-55dc574b6884","8222963e-bce8-4035-8cce-181f509a4cc1","2026-05-24T13:37:32.987Z",124807,"Betting Wallet Top-up","USSD"
"bbe24ca6-6caf-4e17-a010-675f5821b0d3","e995f592-faf7-40dd-9b7f-a292aa0863b3","2026-05-24T23:19:06.907Z",90794,"Betting Wallet Top-up","Cards"
"b444e8af-f675-447e-9e65-738f65d1664b","8b45c174-3026-4157-a3cc-0053520d8d05","2026-05-25T01:07:47.723Z",88062,"Utility Bill","Cards"
"cf2b3670-ce0c-4737-86cd-9f4a045885a4","2f9b554a-2f19-4bdc-a3b9-b8821a755a6b","2026-05-24T19:13:26.615Z",10935,"Airtime","Bank Transfer"
"41bb7bc3-a09c-4002-9934-72924ad90140","7418e428-15a5-406f-9481-b3730ce8ffa7","2026-05-24T21:40:32.896Z",3236,"Betting Wallet Top-up","Cards"
"55696cff-52a8-44ab-8edb-151d9ec9aa75","cf865900-9e4a-4313-8112-1e05610d8d97","2026-05-25T03:19:39.573Z",141203,"Airtime","USSD"
"1c3cd9ab-c69e-4012-8dd1-7417c083981b","2f49ca65-4757-4093-a8fc-136d8d3ff8c6","2026-05-24T16:23:25.554Z",5361,"P2P Transfer","USSD"
"aa64072c-fb09-4e23-8db7-821d3e753147","9da7a1c2-6ef6-4492-ae76-8d55ffa4e0e6","2026-05-24T19:03:41.566Z",135689,"Betting Wallet Top-up","Bank Transfer"
"9271c553-c663-43a9-9bfa-e13c8d61c983","b25c685d-97a0-4bef-bd87-d03e8b6b614b","2026-05-25T01:53:57.414Z",146131,"Betting Wallet Top-up","Cards"
"2db1cd09-9094-4286-8d7d-0ff4aa4336dd","0ba99ae3-af4c-44c7-b12c-49d0aa24368b","2026-05-25T09:49:32.083Z",21388,"Betting Wallet Top-up","Bank Transfer"
"4515325f-9866-4614-ad2c-3e3a29c3c359","6ea6ec4c-d731-4bfa-9378-1837a6b4de5f","2026-05-24T13:51:48.835Z",116877,"P2P Transfer","USSD"
"01ed83ef-7610-449e-a61d-ddc16424bad0","5314a0b8-8fcf-4fa4-a779-4040d162f817","2026-05-24T19:14:58.301Z",75493,"Utility Bill","Cards"
"8a5c051f-0f92-4d08-b690-5ddbbab72c40","7b2a61b6-c5d2-465e-ad0d-f09bf6c1a505","2026-05-25T01:58:33.641Z",104919,"Betting Wallet Top-up","Cards"
"bfddd717-0cd3-4f79-bd1b-d3a9e966c337","81cd425f-8bac-4011-8245-20039249068b","2026-05-24T23:54:03.008Z",70965,"P2P Transfer","USSD"
"f23623ec-1b31-470f-a88a-765d1887c557","3dba452d-6f54-4196-bea5-f06073eb48fd","2026-05-24T15:20:50.314Z",101956,"Betting Wallet Top-up","USSD"
"115130dd-b851-4d1d-99cf-c87227028b9b","ee242864-17a7-49e2-aa66-eb1eb5775cc3","2026-05-25T09:22:02.507Z",4274,"Airtime","USSD"
"1fdbe10d-6b60-4968-987d-e77512275d22","57daeae9-224f-4437-a6f6-a9b111d4e696","2026-05-25T03:59:04.808Z",101025,"Betting Wallet Top-up","USSD"
"bf362de2-2eec-4a5c-963c-c77d86616a0e","3f0a5d92-5444-41ae-8eb7-bcdf1cecd8d1","2026-05-24T16:50:19.060Z",37344,"Betting Wallet Top-up","Bank Transfer"
"a57284ce-5c93-4e93-bf87-1ba25e103a59","367d74c8-44aa-4ca3-99b7-7d9e1bbb89af","2026-05-25T13:00:23.596Z",98809,"Betting Wallet Top-up","Bank Transfer"
"62fb9408-985c-428a-a040-93dedc10c6e1","5d7e1902-85db-44bf-9902-8fc876f266d4","2026-05-24T19:35:55.767Z",21006,"P2P Transfer","USSD"
"4ced7186-ab12-44a8-9a6a-8199dc743da9","74e5b34a-2446-4601-8490-f7a7bb2e8b63","2026-05-25T02:56:44.693Z",22489,"P2P Transfer","Bank Transfer"
"ace3c869-a75c-4709-9519-8930f138feb5","64436723-9d9c-428d-8478-4070743cbf16","2026-05-24T15:28:38.869Z",19768,"P2P Transfer","Cards"
"01fb68d0-b948-4559-939c-82800dac9337","92008684-a90e-4904-9b05-6051fc2a3cad","2026-05-24T16:22:50.929Z",28391,"Betting Wallet Top-up","Cards"
"f786808f-b240-4854-ab0f-8ce25cadf3ef","63ee573f-f9ba-4bb8-a3bc-5bdac714a172","2026-05-24T20:29:07.451Z",112446,"Betting Wallet Top-up","USSD"
"a626164a-8cd2-4d58-9cb7-d11174a24cb5","250d81fd-4aa6-4976-830f-76b80f147863","2026-05-25T08:01:21.273Z",18694,"Airtime","Bank Transfer"
"b43367f0-7233-4cc7-9471-272a55947fa2","d727bee0-0f3f-4cc8-baf2-170823b299c8","2026-05-25T05:33:26.818Z",17227,"Airtime","Bank Transfer"
"1161b8f0-2be7-4c76-a7b0-d764277887ad","6f9bfaaa-51a7-43e8-bdaf-31e7cce0b49f","2026-05-24T17:15:19.250Z",108352,"Betting Wallet Top-up","Cards"
"82c544b7-daad-4f03-b421-eb86141f8202","d33f1308-bddc-4333-a6b4-363d38b2785e","2026-05-25T02:16:52.497Z",104646,"Utility Bill","Cards"
"8d4f4adc-6f84-4cf2-8d12-d207ac904379","df6d6a9a-f86a-4c5a-9179-d7c9451ecab6","2026-05-25T11:34:40.335Z",124185,"P2P Transfer","Cards"
"c78a6b97-d0a3-41e8-b490-fcbf78be5e08","71fd3f44-e9f3-40f1-8f88-a21bad119d20","2026-05-24T22:50:31.468Z",139037,"Utility Bill","USSD"
"106f0008-da75-4a62-bc8c-5d80636a33d4","2617e689-74e4-4971-a740-ab70174ffe47","2026-05-25T03:07:55.959Z",5972,"Utility Bill","USSD"
"8f262519-2d9a-471f-8ac0-26c49b6c033b","24ac4365-750e-4998-801b-561ddef3d8f0","2026-05-25T07:34:30.830Z",28376,"Utility Bill","Bank Transfer"
"ffe50cc8-a1e6-427a-b8cc-e116886b13f7","8cae09be-8cb2-4ce9-8485-954e7133bfa2","2026-05-25T09:49:05.000Z",145309,"P2P Transfer","USSD"
"1b05d451-8cc5-42ec-af13-b120a3c9a4e2","0c3ae356-37f4-4c63-99d5-4618daea0d8a","2026-05-24T20:21:59.280Z",141856,"P2P Transfer","USSD"
"44c5a14c-e195-4236-80d5-71c44784f019","ff5ff2a4-5cf7-4850-bc61-9c2cb750b24a","2026-05-24T20:24:28.983Z",113218,"Betting Wallet Top-up","Cards"
"29585e4f-7338-40f0-a383-5994f9c83202","eaf8ad9c-8e22-425c-b5ee-1e96eee1fb21","2026-05-25T06:40:45.598Z",36122,"P2P Transfer","USSD"
"3d87b0a3-fd50-4c11-86c9-c85c6aacc7a8","6db2ecb3-54fc-4fcb-8440-a57f3c4f27ad","2026-05-25T08:11:26.460Z",71269,"Betting Wallet Top-up","Cards"
"2b9f756a-666d-4b5a-a505-8cea980bead6","d28a2713-d72b-45ff-8217-6c0e6fb0143b","2026-05-24T15:57:59.314Z",11515,"Betting Wallet Top-up","USSD"
"cc0612d8-1b7f-4a9b-a58b-65b287be90b1","c4f47758-a621-4547-8cb2-238a68f444b4","2026-05-24T17:07:56.288Z",1338,"Airtime","Cards"
"bd7a8da3-d277-488b-8a6d-88a85799e278","d067304c-a58e-4435-b424-0bdaa0ec6416","2026-05-24T17:31:35.846Z",142854,"P2P Transfer","Bank Transfer"
"0a5b528a-5025-47df-b0a2-51d3f850cf67","bebdcb15-ec14-49d6-959d-0661b38ec7be","2026-05-24T21:24:51.661Z",69558,"P2P Transfer","Bank Transfer"
"83b2b8a6-8230-4c13-9916-8f8e3e5d2bc7","14ffe4ad-f27a-4959-bfd0-e5537ff2ef13","2026-05-25T01:31:58.299Z",132583,"P2P Transfer","Bank Transfer"
"68e6c4f6-d4ad-48c2-9bf9-0369d6f21481","1148cb99-2aeb-4a7d-aa15-ed5b1eb46e34","2026-05-24T14:47:58.661Z",133147,"Utility Bill","USSD"
"432c7951-2816-48c3-ac86-e2ef32fddf93","495cdd84-44c9-4a69-9e51-f58f9ddf51f6","2026-05-24T17:43:21.073Z",63328,"P2P Transfer","Cards"
"e00b294e-30c0-4977-8642-7b11f52f3c6a","d860bc38-ee88-4245-9166-7e0c7d094ebe","2026-05-24T19:41:39.311Z",141025,"P2P Transfer","Cards"
"602e527e-a366-4cd5-b655-9966f0503ec9","f0279c9b-9e60-4097-b4f9-e4f6d5469ad5","2026-05-25T09:15:16.493Z",137736,"Utility Bill","Bank Transfer"
"77759b79-b084-4b16-8fdc-64c5a8f6bad4","1fe3503b-31d4-4c39-a10d-a876acf06518","2026-05-25T04:59:39.261Z",107839,"P2P Transfer","Bank Transfer"
"d93f9c5c-525b-4e25-919d-12b690d45425","77ac5d0d-1786-47c9-bb08-62d37552f0c1","2026-05-24T22:26:49.204Z",118809,"Utility Bill","Cards"
"79da8853-f41a-49cc-a270-b1b2bb492725","a1cb07a4-bc77-4d68-be47-0df6bdbda150","2026-05-25T05:46:48.196Z",8521,"Utility Bill","Cards"
"2f1dd321-7cb8-4146-98e3-66c018616df6","3cdc5e8e-b4d6-466e-bef3-589e6a8876c9","2026-05-25T04:11:03.426Z",146784,"Utility Bill","Bank Transfer"
"3657c5e3-7197-46fd-9945-11b421f895b1","7f00b0a8-03e5-41b9-98c0-17b6fa8d761d","2026-05-25T11:33:17.060Z",138395,"P2P Transfer","Cards"
"884e6151-f2e8-41d3-bf6a-7bf55fb0ca3f","bb332d70-fac6-45e8-8c1c-f8c26d8a5881","2026-05-25T07:21:43.366Z",98654,"Betting Wallet Top-up","USSD"
"0dd96c83-6ee3-4ac5-9817-68d8d923cad9","e00fcc5e-ef4a-48fa-96aa-bbc3da3936b5","2026-05-24T15:36:23.458Z",32740,"Utility Bill","USSD"
"afe82c1d-73b2-40df-a4cd-9c4cb92d156c","6107cf3b-c0e2-4ea4-9c7d-57060e1bd794","2026-05-25T00:34:34.873Z",99366,"Airtime","Bank Transfer"
"f43daebe-8aea-4ec6-adaf-7e639778c8c5","41f0f25f-78fc-45f0-9f4f-ccea6a77dd9f","2026-05-25T12:11:32.179Z",95434,"Betting Wallet Top-up","Bank Transfer"
"c76042a4-7186-4ae1-b93b-999e709139cc","e744f50c-fda1-4578-8e45-c01c628ea2f5","2026-05-24T20:04:46.545Z",120028,"Betting Wallet Top-up","USSD"
"28f5775b-d2f1-4c41-83de-80428388e50d","56b1bd46-184b-4f94-aec5-45434a9f7ff6","2026-05-24T22:52:43.925Z",85556,"P2P Transfer","Cards"
"19686488-092d-4b61-8abb-3cc1b12fefac","a1d2c28c-9e42-444c-8e79-f6d245362527","2026-05-25T11:39:20.452Z",9139,"Betting Wallet Top-up","Bank Transfer"
"f49764f0-5049-48fd-b2a6-7845404660f3","fdd9a75c-a354-4b8a-8d6b-337b090df66a","2026-05-24T13:51:19.974Z",41687,"Airtime","USSD"
"86c25a32-e66c-468c-b6c2-e567c90da9b5","0eafff85-17b8-47b2-90c1-ebad84c1ded4","2026-05-25T01:36:25.558Z",33709,"Airtime","Bank Transfer"
"1fd22dff-0d56-428f-bb11-1c9de13d3526","ce0c96e1-1fe2-42b5-95f8-8e62c9ba969b","2026-05-24T17:59:19.880Z",43307,"Utility Bill","Bank Transfer"
"73fa92b3-f798-419e-8c6a-84763a29ed46","c0d57a8d-e7a4-4d76-b7ce-690c65919091","2026-05-24T15:15:19.206Z",149494,"P2P Transfer","USSD"
"5c184373-6825-4742-84d7-2b90dbbcfecb","06263b37-40a0-4295-871d-b832164d7dd7","2026-05-25T01:10:07.923Z",55284,"Utility Bill","Bank Transfer"
"efd65e1a-1138-42c2-80e3-a62f0382bdcd","42c4be8d-efe7-42dd-ada5-05280fa96b1c","2026-05-25T12:07:24.666Z",149800,"Utility Bill","USSD"
"016dd414-fce3-48fb-b447-a983177d14d3","5b431b3b-7940-4a90-a466-7527f50a923f","2026-05-25T03:31:39.878Z",142666,"Utility Bill","Cards"
"dfe62e62-8643-43d9-a2d1-4984178a243c","b1ed8dd5-89be-4330-8882-a70d44549014","2026-05-24T21:44:08.721Z",71247,"Utility Bill","Cards"
"51762b00-6ffb-43ee-b734-69bfe072e1a5","4381c122-2d37-4511-87ff-633b59702d15","2026-05-24T17:09:55.618Z",57775,"Utility Bill","USSD"
"0db32514-8de8-42e3-9ac6-3604f2aa56fd","5a45a114-cadc-4f35-a2d0-d5183d0f78f1","2026-05-25T02:55:33.451Z",118982,"P2P Transfer","USSD"
"bf5d439e-c98f-4a15-8192-a15b1b9fdd4a","4e43be49-a420-496e-a25b-d02be674687b","2026-05-24T18:10:27.861Z",1647,"Utility Bill","USSD"
"ae866c2a-7209-4b7e-a02c-3a589d71102f","f328ac20-4fcd-40af-a93a-eed997ed9938","2026-05-25T09:03:24.640Z",83191,"Airtime","Bank Transfer"
"aec38c47-8ca5-4c0e-8da9-140eda05a20c","793e3749-f77f-4d41-b188-7e68d87241e4","2026-05-24T21:58:48.907Z",60649,"Airtime","Cards"
"91e9855d-7838-4c0d-8a34-210a7bca11c9","da6ce2a4-83f4-4293-b2b9-a68a1142e8fb","2026-05-24T19:25:16.928Z",17497,"Utility Bill","USSD"
"cc9ac0c7-d17b-434a-9732-559db98f1489","c4e48c11-4981-4d94-a791-03e4578cd301","2026-05-25T00:00:36.971Z",46536,"Betting Wallet Top-up","Cards"
"48503374-0fa0-4ca6-99bd-7c89474a52ed","7ea185c4-3db4-4ca6-93ee-e3b54a1521e5","2026-05-25T01:44:59.570Z",111410,"Airtime","Bank Transfer"
"db4161ac-d68a-4882-b7b1-1187cb0615ed","6ea98a9a-bee3-470f-b8b1-82834f2e90ae","2026-05-25T03:47:46.531Z",131800,"Airtime","Bank Transfer"
"d35c80b4-72b6-4d90-91ab-3cc2ec4a4d92","a221f10c-fa46-4dcc-9c0a-a3764151001f","2026-05-25T10:25:56.385Z",108135,"Betting Wallet Top-up","Bank Transfer"
"81ccdd32-5aff-4329-866a-aa08ef10a86d","2e6b4c36-c30b-49bd-a697-936cd7f9f0e8","2026-05-25T03:32:06.051Z",3512,"Utility Bill","Cards"
"15f31a6f-1914-446c-8bcf-f46795e3e88d","400254be-6b1f-4365-b0f7-523ce3002e16","2026-05-24T20:17:08.658Z",11890,"P2P Transfer","USSD"
"40b623ad-9bde-4c37-aa5f-bbc596d3f201","ad03a149-7941-4240-8678-ed9c2e4e918c","2026-05-25T06:14:41.108Z",48869,"Utility Bill","Cards"
"8cb231b1-0451-466f-9b5d-34c053d26f6b","6501936c-6686-473d-839b-a87213b408ac","2026-05-25T02:46:33.449Z",1638,"Utility Bill","Bank Transfer"
"378be493-2378-4ab4-911d-d56deaa77bc2","1078840e-cbd1-48fe-90a8-5277e3812e6a","2026-05-24T16:16:37.482Z",131212,"Airtime","USSD"
"36da8213-964e-44c7-9d12-bab3cfd94e4f","fb973f66-eace-4ea2-9ab6-d8b3e802c02e","2026-05-24T21:07:38.081Z",32980,"Airtime","USSD"
"0fac1c24-8419-4865-b49d-e7beadf103e4","1710a68b-7045-4b65-9374-e17fab7c210b","2026-05-24T18:56:35.497Z",144350,"P2P Transfer","USSD"
"0fc2fbe0-c1ec-4d0c-abf4-16b25e323d57","a7fe45b8-7c41-4083-a468-af12e769163b","2026-05-24T20:16:26.506Z",88767,"P2P Transfer","USSD"
"0997a8a6-fc61-4893-876a-a5363dce5541","a4b2d1c6-087f-447b-a6bf-3cbdbeb47c2b","2026-05-24T19:58:18.168Z",117308,"P2P Transfer","USSD"
"06fb3c63-a32c-4974-8c7b-e30be6a98f15","56b9f448-d7d9-49ce-9e16-dbb41786fc6a","2026-05-25T08:38:15.550Z",40336,"Betting Wallet Top-up","Cards"
"3c871cf9-2afb-4f3a-a0fa-ccec2635adb3","6a048ce0-08a0-419b-b4e8-017e05fb292b","2026-05-25T08:07:10.644Z",100413,"P2P Transfer","Cards"
"5238860a-871e-4fb1-81e8-52147a217252","952bd7cd-384d-467a-b6df-ed7ee1164a14","2026-05-24T16:37:02.597Z",114113,"Utility Bill","USSD"
"6281264f-fb57-4631-8d98-302f36e13abd","2c495722-2751-4aca-bdb5-e108007b9ef4","2026-05-25T03:42:41.921Z",102987,"Utility Bill","Bank Transfer"
"24df4e69-07de-42db-8554-7d6772e82d9c","ad2d2b5e-e463-427a-b96d-9e85886109d9","2026-05-25T06:09:38.999Z",127923,"Betting Wallet Top-up","USSD"
"f96aa2fb-6ae9-416e-b0a2-a5bd4f67914e","ad2a53f2-72db-4284-a8c6-0d7b6c742912","2026-05-25T11:02:43.663Z",55376,"Betting Wallet Top-up","Bank Transfer"
"37ba06da-ab97-400d-bcc8-ba44e0bfc440","4451f756-dd21-4932-b491-16f1294f1ef5","2026-05-24T18:44:11.731Z",34131,"Airtime","Bank Transfer"
"20759cae-de91-4de2-b5ed-e9d344c44b27","3b68149a-64b0-483a-875d-4b25933b2bd4","2026-05-25T01:43:45.690Z",84657,"Airtime","Cards"
"93111f40-9dd9-43e8-9644-ef0ce8075cec","6cbf1026-1252-4049-9a37-a6d3f40fc8fd","2026-05-25T04:42:57.666Z",24464,"Utility Bill","USSD"
"0621d3ce-2249-4445-a23f-b060e682a396","b7f3489b-d0d8-4338-a607-ab96e86a69f6","2026-05-24T19:38:00.114Z",127898,"P2P Transfer","Bank Transfer"
"61b4f3d8-a054-41e1-8aff-4a169af5046e","e044c770-9251-4b07-8c0d-1b32f190ff1a","2026-05-24T21:52:45.389Z",95144,"Airtime","Bank Transfer"
"65899d31-ec50-4c2a-914b-14dae3dee8e2","1f54b791-055e-4478-88ef-754d804e1b98","2026-05-25T09:44:37.095Z",125381,"Betting Wallet Top-up","Cards"
"67d1f1d7-9501-4ad5-b292-840f0e94fbcb","6c30d369-521b-49c0-aac2-3d312fc2d9d9","2026-05-25T03:48:55.369Z",125588,"Betting Wallet Top-up","Cards"
"a49098b9-b1ef-4c12-938b-2a252ab032f5","c235e4b9-b91a-44fe-8ef1-c41b2455b785","2026-05-24T14:44:45.601Z",80251,"Betting Wallet Top-up","Cards"
"1d31784a-50e2-4f45-966d-16e0c41843e6","eaee636a-6ae9-48fb-84d1-f0a83edf564a","2026-05-25T07:56:27.453Z",94505,"Betting Wallet Top-up","Cards"
"f2139d2a-be26-415f-8d2f-15c051eccc16","5c634544-7bf2-4810-b0e6-b5cff7e09271","2026-05-24T20:37:00.950Z",73057,"Airtime","Bank Transfer"
"d6dcbad6-4443-4682-8cd1-fba0183dd547","534a89c7-e052-4bc0-a874-10ee087ec1be","2026-05-25T06:47:26.381Z",24867,"Utility Bill","Bank Transfer"
"224306d9-41d9-4ff5-ab60-13bcc870ea42","62a58874-2ed8-46ae-a329-4736f74df28a","2026-05-25T03:35:40.571Z",22787,"Utility Bill","Cards"
"5d6c8864-27a4-4653-bf3e-ab996a93262f","86636e70-669a-4344-b5c2-f18566411643","2026-05-25T08:37:31.243Z",109016,"Airtime","Bank Transfer"
"9f51b860-9912-4ede-8c46-e2ed997d31bc","c9670ecb-3fb0-44e1-be5b-e6f59f64eeb7","2026-05-24T13:30:36.050Z",142153,"P2P Transfer","Cards"
"1532309b-a0bc-45bd-a635-57f102699464","a33ab71a-3309-4288-af7d-0a59323f8753","2026-05-25T07:46:23.578Z",117176,"Airtime","Cards"
"1f71178e-0b6b-4175-af9d-bc1ccb103d1f","1eae9d3e-bbfd-43da-a792-620e43e6e0a2","2026-05-25T04:08:12.741Z",63427,"Betting Wallet Top-up","Bank Transfer"
"e1b26cca-af93-43a9-b2dc-6fb888a8ae43","23b1e7f1-ddaf-4d55-bd2e-d13ca6c1f266","2026-05-25T04:47:49.150Z",10408,"Utility Bill","USSD"
"239c954b-8bff-43be-84e4-cdf38850c3e6","62a858d7-a21b-47f3-bf05-f2a9869a95ca","2026-05-25T12:55:15.893Z",134403,"Airtime","Cards"
"3079d95d-c93e-49d3-8b35-ba242faabe7c","8b3852a2-10a6-4305-b940-6fec5a944d6f","2026-05-25T03:25:28.393Z",69784,"Betting Wallet Top-up","USSD"
"644c331d-2c7d-487f-a963-2041d96b983f","95deec19-fd71-448d-9fd4-278a37981e2a","2026-05-25T09:22:42.861Z",61098,"Utility Bill","Bank Transfer"
"08c38996-3a4f-4841-bac1-33af6c08ceaf","83c9899d-683d-4b1c-8677-42114ec1ac80","2026-05-24T20:18:30.517Z",51538,"Airtime","Cards"
"3f78142c-d24b-480a-8e3c-1218c5bcde11","ddced024-fbc5-48c7-b8ac-26c0949e4dd8","2026-05-25T09:05:23.482Z",145526,"Betting Wallet Top-up","Bank Transfer"
"a120ea9a-d7ea-4261-af5d-b9469b9fb3ea","f8c603e5-bf22-47e0-919c-dd04c2b2b5b4","2026-05-25T03:17:10.289Z",105111,"Airtime","USSD"
"b1bf0a0a-805a-44e8-b869-ed58b79cb14c","2dd74c4b-4ceb-469a-a14a-ac019a0c1747","2026-05-25T01:35:44.486Z",84560,"Betting Wallet Top-up","Bank Transfer"
"aab16b69-d437-442a-9e41-2746e630dcab","6abd348b-4f85-4225-97ee-226c2265df30","2026-05-24T16:34:56.714Z",105983,"P2P Transfer","Bank Transfer"
"01b87f21-d0cd-4adb-849e-544e71354c92","fae12848-29da-425e-b99d-efd4dc236fe2","2026-05-24T13:35:27.326Z",91418,"P2P Transfer","USSD"
"6df7f674-2e94-4a56-aa04-8f9fc1dc947b","a6313cf5-e66b-45cc-960f-15a1239c4967","2026-05-25T02:13:46.192Z",135554,"P2P Transfer","Cards"
"c7cbcb9c-eddc-4646-9d52-efd52b4d24ba","3b29067c-f696-47f1-99dd-7b2141ce2d7a","2026-05-24T19:24:58.467Z",61459,"Utility Bill","Bank Transfer"
"d29c0961-aed7-408a-ac77-e954ac34242b","236950ae-9b73-43f3-861a-b6f629ccce75","2026-05-25T04:01:17.208Z",69322,"P2P Transfer","USSD"
"beeb8e26-4c9b-4197-af20-57d9e2a9751b","d01ca378-e420-4de1-94ca-3e4f71fd1d6d","2026-05-24T13:23:52.434Z",115046,"P2P Transfer","USSD"
"fdf107bf-b2d7-470c-8933-562004569562","7bf28219-f078-49f3-9504-d64725a4392e","2026-05-24T22:46:20.804Z",69779,"Airtime","Bank Transfer"
"f9522c35-dc37-4bc5-9347-f7ec14dc17bc","5c5b6090-d5cb-450c-b94a-1d6225d213f2","2026-05-25T03:53:30.323Z",75192,"Betting Wallet Top-up","Cards"
"d821519c-42c6-4fc8-9774-e0cc0b5ba146","8e749ea9-c94f-43b0-873e-283906a4dd28","2026-05-25T04:43:06.094Z",70614,"P2P Transfer","Bank Transfer"
"0411b7f2-af16-4a80-a0b7-489f5704eac5","d471d44b-f328-434e-8865-d5596f5f5b2d","2026-05-24T15:41:11.526Z",15537,"P2P Transfer","Bank Transfer"
"3248e9d9-b09c-48c2-809c-62d269a9db17","84e9f802-5b50-482f-95d6-bfa6117c35d9","2026-05-24T15:49:34.052Z",65902,"Betting Wallet Top-up","Bank Transfer"
"93728bed-7326-45ea-ab54-aec6f528a038","a5a99212-bddb-450f-8afb-1a64ebbaed8a","2026-05-25T04:36:25.015Z",138705,"Utility Bill","Bank Transfer"
"7ecd1cbe-ab80-4228-bac0-4784a5075bcf","b0631e5e-2896-4cd9-9d9c-654a1c1af8cb","2026-05-25T00:37:26.660Z",57272,"Airtime","Bank Transfer"
"35061918-e923-490b-8436-69efad9bf777","45d6b9f4-e27d-4d0a-85b6-654bb0b8e7a4","2026-05-24T22:14:37.907Z",44623,"Betting Wallet Top-up","Bank Transfer"
"34aed419-017c-4a5d-8323-14e355821258","1e8344db-ce85-4d65-adc6-812de5b5a0f7","2026-05-25T03:09:42.405Z",78623,"P2P Transfer","Cards"
"adf91d32-b15b-455b-a241-9dc12ca54db1","89f8a8d0-ff9b-4c10-b813-20a7f3bcbac9","2026-05-24T16:23:42.840Z",52701,"P2P Transfer","USSD"
"4c5af0ab-181a-43b1-a6c9-cda4a2cb413f","282dbdca-03d8-462f-84f1-8924252e0057","2026-05-24T16:41:39.211Z",123650,"Utility Bill","Bank Transfer"
"849909f2-f5f7-431e-9160-5e4727594913","dccdc743-117a-4003-807b-2e3886c6a79f","2026-05-24T16:58:47.262Z",99292,"P2P Transfer","Bank Transfer"
"2c8101d1-cda8-4e6d-9845-229c686df564","8f62eb1e-b125-4ac1-bba5-06433dd60dd7","2026-05-24T19:22:29.432Z",64887,"Betting Wallet Top-up","Bank Transfer"
"1b377de1-0884-4eb9-aabb-099eb166ffe6","a0efdf3e-f53c-45c6-9be0-b7063d2ffa11","2026-05-25T11:26:56.377Z",42100,"Betting Wallet Top-up","Bank Transfer"
"072ca78f-2bdd-4498-bd1d-6e2791ca4b6b","d5045fc2-c81b-4a6c-8377-50c6e89569fb","2026-05-25T10:39:20.405Z",106111,"P2P Transfer","Bank Transfer"
"e2e4cb4c-627f-4744-8714-0e8d489dd480","2471ec88-ab94-4e73-b293-3d3a222b6bd2","2026-05-24T17:22:10.827Z",25126,"P2P Transfer","Cards"
"4b2d5c09-7717-42fa-aa51-ebe4595f444b","81a81b1c-6e46-4cf7-afac-c222ea7a910d","2026-05-25T07:21:12.092Z",18849,"Utility Bill","Bank Transfer"
"c2a0ad5e-d8cc-4f69-bbff-906032bfad16","cfa5d7c3-f9d4-453d-81df-44a78922d496","2026-05-25T08:11:56.889Z",90702,"P2P Transfer","USSD"
"cfe89320-73ae-487c-8851-b3cd08bd9c42","58110f96-fbb3-4dbb-a9d5-2963db1ff685","2026-05-24T22:10:36.551Z",72880,"Utility Bill","USSD"
"ac88b892-f767-4f57-aaff-f4ece865757e","b7b45140-49c7-41fb-81f5-70f656ab5433","2026-05-25T06:15:11.928Z",85198,"Airtime","Bank Transfer"
"2f5b5870-6b12-4701-ae82-d95260a48a60","256b0fa0-e03d-4890-b1ba-81e068895920","2026-05-24T16:48:22.296Z",110160,"Airtime","Bank Transfer"
"ef23e10b-93b2-4b93-80cc-f94dae419877","ce2f8d9c-fc9a-44c7-b8bd-5e054a167688","2026-05-25T01:54:30.899Z",115567,"P2P Transfer","USSD"
"d67f9c80-b831-4a0d-9c32-eee7c6176a8a","84ee8931-fa74-4a2d-ada9-d65ea51e2dc7","2026-05-25T12:12:44.124Z",58216,"Betting Wallet Top-up","Bank Transfer"
"17621c72-d275-4b81-9dab-2b615636d261","afdff6b4-0a69-4326-8d35-fa5905c5f0ed","2026-05-24T19:39:13.084Z",101815,"Betting Wallet Top-up","Cards"
"6529911f-6821-491a-b172-dcd795bc1888","c3351040-6c9f-419d-b373-c0ec06cfba5a","2026-05-25T02:06:51.179Z",74222,"Utility Bill","Bank Transfer"
"e818499b-4b77-4b5e-bdc1-bff59ed75b7e","f060af49-609a-4513-afad-3397db5aabef","2026-05-25T00:19:20.479Z",40811,"P2P Transfer","Bank Transfer"
"c2e56cf9-2f16-4b65-844e-2d742dbb6507","ce00c37e-45b2-431a-b6b2-64cfbc3a78b0","2026-05-24T15:04:43.690Z",80322,"P2P Transfer","Bank Transfer"
"4c9492cd-4c03-4981-b5df-210859ed9b7e","96dd673e-4836-4c0c-9b94-9cd4629b6664","2026-05-25T00:08:01.769Z",137442,"P2P Transfer","USSD"
"adc7c25d-a890-420f-8026-083b5d6b0598","fa0f7cf2-cbc0-47ac-8d80-62d915d445c6","2026-05-24T15:20:58.817Z",4452,"Airtime","Cards"
"60314f7d-77b7-48f8-ba52-25958720c9a2","45e8fbf9-afc8-479a-9d87-4f4c0037b7f9","2026-05-25T00:45:31.074Z",47248,"P2P Transfer","Cards"
"1679f14c-d7c3-486e-bf80-de38e137b239","c2f7a4e4-0ccf-431b-ad70-a8081dcbe57b","2026-05-25T03:02:09.536Z",49119,"P2P Transfer","Bank Transfer"
"0cf846a6-2ab8-4413-8025-9b05501d1bf1","d0a5f4c1-ab60-412b-b5d2-03e88d4b0b97","2026-05-24T20:13:20.026Z",100872,"Betting Wallet Top-up","Bank Transfer"
"6fa182da-93c4-46cd-bc3d-993389117018","641ffa55-9dd3-40cf-8251-7dff69f2da38","2026-05-25T11:14:49.382Z",95678,"P2P Transfer","Cards"
"9112e55f-75d1-4bc1-9063-ed89b088dac0","51a5d93f-ca50-4e02-826f-ba0d2713305e","2026-05-25T09:00:34.264Z",142070,"P2P Transfer","Cards"
"f5ed0dd0-972a-4c1d-801c-0e004d751a6d","89f32574-ce71-49ad-a267-5f3a05d750d2","2026-05-24T23:52:10.126Z",17270,"Airtime","Cards"
"68d37493-70bc-426c-9ee7-16185f61794d","7d7e1f12-ea6c-4bbf-acc8-dbe991d52219","2026-05-25T00:40:18.623Z",20164,"P2P Transfer","Cards"
"732fbeb3-1412-4592-8d2e-9eeb733c0079","f097a328-aeb3-4ead-8a30-7d1d4c237b46","2026-05-25T10:57:07.909Z",113920,"Betting Wallet Top-up","USSD"
"4688a7d8-4f23-4b61-9f75-74585395e1cd","63c78384-2a6a-4347-a38f-cb7fd876ec9e","2026-05-24T20:13:46.563Z",61322,"P2P Transfer","USSD"
"f5a522ca-a75b-40e9-9d43-6f34ce2298c2","d8c89db6-b0b1-4d15-a6c9-b7eafb309e85","2026-05-24T21:27:00.818Z",122647,"Utility Bill","USSD"
"ab764d18-7abb-41b6-b633-643088132a06","651603b8-ce42-44d3-a10b-25c0b076c31c","2026-05-24T17:26:01.284Z",41692,"Betting Wallet Top-up","Cards"
"d33558a4-8e22-42b5-a31e-1bfc68048bf9","5888c665-1343-4fb7-b828-3943794e9343","2026-05-24T22:52:33.495Z",8130,"P2P Transfer","Cards"
"1994e261-7f56-48ce-ad0f-7d863e5c6793","50ced820-3a63-441c-ab83-75a800323100","2026-05-25T02:34:04.934Z",105057,"Betting Wallet Top-up","USSD"
"e3e96c80-0749-4dfe-82c0-14a1f24434ea","e1ad3087-07a2-43a1-b4bd-b6581eb58bfd","2026-05-25T11:40:32.198Z",18073,"P2P Transfer","Bank Transfer"
"afa12103-449c-4558-8b74-6b300d7ad9e0","98d1d795-cb7e-48ee-af0d-58e59e56ff13","2026-05-24T23:54:52.390Z",6626,"P2P Transfer","Bank Transfer"
"2efb7e0d-93ec-4fd6-a706-5271b26070eb","e75a2b18-3504-41f7-9e42-de089c36163e","2026-05-25T07:22:00.308Z",4719,"P2P Transfer","USSD"
"ca923528-b935-465e-a7cc-9296cefa92e9","cc55846e-355a-44ec-aaef-32c814905d2c","2026-05-25T08:28:32.870Z",121923,"Utility Bill","USSD"
"9cfb5ac3-5e9c-45d7-a811-426eaadaf333","f199fa81-8ef3-4874-9568-f80a6b42b49b","2026-05-24T18:40:41.160Z",106084,"Utility Bill","USSD"
"49562cf5-a084-4983-bb5e-a6e4072ba534","2723d693-0ef2-4ec5-ac43-120880ff8313","2026-05-24T22:04:53.413Z",62664,"Betting Wallet Top-up","USSD"
"94caa3cf-bfe9-4990-bf3e-97bb22ae58e9","b9192a84-b2c1-4558-9ff7-afabf6994ef0","2026-05-24T13:27:57.427Z",135886,"Utility Bill","Cards"
"a325047a-d584-41dc-a5d0-65336e00a1d7","ea43a2b3-dd46-4a01-b4e8-7b259f8a3772","2026-05-25T12:27:50.171Z",118951,"Betting Wallet Top-up","Cards"
"403ec22c-784a-41d6-80b6-e146a0b2ba56","638dfd3f-91a3-467d-91c4-a3dfa84e8814","2026-05-24T15:51:15.889Z",127788,"Betting Wallet Top-up","Bank Transfer"
"34be31cf-4ba7-4492-910a-95a3da87fb68","f66f3bc1-630c-4c3f-8da3-9e36defe7d7f","2026-05-25T10:23:30.360Z",116273,"Betting Wallet Top-up","Bank Transfer"
"57ddfec7-913b-4c41-9c8a-7450ce0f6ede","f39cafc1-d747-4489-991a-e59ad3ea0d98","2026-05-25T09:00:40.421Z",29091,"Utility Bill","USSD"
"c0d65536-b35e-4643-ad38-c6914cb0db78","4d62eba2-f13c-4a02-b971-7bdf00fba6c0","2026-05-25T05:14:51.896Z",101756,"P2P Transfer","Bank Transfer"
"98df33b9-ba8b-4812-9d94-bd6727f2a066","a370776f-7acd-4d22-b759-7b1f8f6f4e17","2026-05-25T09:47:24.447Z",64460,"Utility Bill","USSD"
"398b2072-1a1c-41f8-a1c5-89f72a7dd05b","7c122e22-6c9e-4007-8fc0-75d80bd7b896","2026-05-24T18:04:56.849Z",88260,"Betting Wallet Top-up","Bank Transfer"
"93afd3e2-7abb-4357-9346-c69f92014e9b","7a4e93f0-97f5-455a-9beb-c7291196d4f7","2026-05-24T21:17:44.625Z",144086,"Utility Bill","Bank Transfer"
"8fc7c228-5600-4867-bdb5-0c7a1a1138b9","8b6eeab2-30ee-458d-be94-5fc55063bb16","2026-05-24T18:11:26.569Z",90519,"P2P Transfer","Bank Transfer"
"de53033f-9cfb-4f26-9461-f3107d362472","91c49f1d-3429-4eff-b02e-237932c2f1be","2026-05-24T21:35:44.472Z",2977,"Betting Wallet Top-up","Cards"
"005117ec-aef4-44d1-8194-377557451b88","96514c6c-8089-49c7-af46-3061d08caf6a","2026-05-24T17:13:59.894Z",123272,"Betting Wallet Top-up","Bank Transfer"
"9527ff5d-ab20-4cb9-8228-413c8f548c4d","e808ebef-2ece-4992-bc81-b4ca5a4ba5a8","2026-05-25T01:37:46.895Z",122556,"Airtime","USSD"
"83b0f7df-138e-4d88-aabf-f1e8aa27185c","d74761ed-81a0-4629-971d-cfdd47682ecc","2026-05-24T13:46:00.356Z",133570,"P2P Transfer","Cards"
"13a662d6-b863-4b5d-b446-e6bad2ac9ace","4f0e1db2-242b-471a-8f7a-e49535e2d8cf","2026-05-25T10:23:27.424Z",119304,"Betting Wallet Top-up","Cards"
"0422b627-c739-4334-a1a1-5fef2f406d75","c683a070-9a90-4a34-9ea0-16d197cb2e35","2026-05-24T14:51:42.176Z",120225,"Airtime","Cards"
"b9d5ec1d-6086-4f6f-bc34-ceb8e4a044a3","fb6fbce7-4627-4237-9453-a34d6b95012d","2026-05-25T08:27:47.322Z",57511,"Airtime","Cards"
"faff1ba3-8a19-4bdd-b3ac-b9533748885a","a0628c2f-c8b9-4b53-8d35-cf45bd73d66e","2026-05-25T01:09:16.663Z",26548,"Airtime","Cards"
"6ce3057b-ddb0-4aca-b7ad-f8567b413598","c66cd0e3-15c3-4795-98f1-feaafd44d15a","2026-05-24T20:04:43.863Z",5992,"Betting Wallet Top-up","Bank Transfer"
"8735ca39-7fb5-4e86-8b6d-f5d27ede4bf0","a708838d-b933-45bf-b704-97b9181011c6","2026-05-24T21:33:51.352Z",132631,"Betting Wallet Top-up","Bank Transfer"
"0c47b7df-b84e-4c14-bb1d-3782c0ba7427","845a7f1a-3853-4731-afe8-27c2233c309b","2026-05-25T09:18:12.500Z",107018,"Utility Bill","Cards"
"aae1a140-4d18-4960-8e30-54e76c4a883c","906eba5d-32cb-469b-bc01-95cc4191b499","2026-05-24T23:29:22.144Z",97730,"P2P Transfer","USSD"
"fe706363-1abb-4947-92f6-bbd9067d0a39","56ddf532-4e6a-40fc-bb78-e98a6290da43","2026-05-25T11:27:57.042Z",79802,"Airtime","Cards"
"cd01b0f5-a7ed-4de4-bdba-42e72e667620","052b1ae1-2631-4bb6-9541-467a982fe817","2026-05-25T04:57:00.912Z",90637,"Airtime","Cards"
"52337ecc-a665-427b-8430-e13450586056","dae1aa9d-7b19-42bb-8564-d0c97ff8e308","2026-05-24T22:48:06.308Z",44440,"Airtime","Cards"
"4f0f2f3f-1174-4089-9bc6-9b1aca21f400","e5a7f8a4-3fb1-4e6d-8ec7-faea599896db","2026-05-25T02:18:54.705Z",142865,"Airtime","Bank Transfer"
"5a05e1b0-1206-4fd7-a896-7173183e9d57","eed39b79-7003-4542-b2d5-573391b0accb","2026-05-24T23:18:32.870Z",112334,"P2P Transfer","USSD"
"09f239e7-93cb-460c-971c-e5bdd25bf8e1","e8a67840-076b-4309-a577-d772c54eaa45","2026-05-24T22:33:23.996Z",2236,"Betting Wallet Top-up","Cards"
"41a7ee68-fe62-4652-830b-5280a5c3fcf3","a8a45ec9-0a4c-49d6-9970-84c9466eea60","2026-05-24T18:55:21.861Z",146861,"Betting Wallet Top-up","Bank Transfer"
"a42b9120-52d6-4faa-8018-4e96eeb54cb6","26e5b78e-acb4-4ae9-9c67-54094bd39929","2026-05-24T23:13:10.770Z",34982,"Airtime","Bank Transfer"
"5234c061-decb-4d62-9dbb-c9a2c4a5a641","dfcef307-f88e-4220-be72-a77547e69d6f","2026-05-24T17:25:22.629Z",31624,"Utility Bill","Bank Transfer"
"5e3218aa-68ae-4645-82f3-63b5ceec8214","6d0bc537-e958-46f5-8b77-5dba7f9227e3","2026-05-25T08:41:21.244Z",110875,"Utility Bill","Bank Transfer"
"df9274da-a292-41e7-bb6b-fb2999209e11","cff3ead9-3656-4740-bd31-b3902b80a6b1","2026-05-24T18:47:11.265Z",137297,"Airtime","USSD"
"e44e4036-cdb7-4727-93c0-e7f9c9b48163","055d18be-743d-49b0-989e-07cde420d737","2026-05-25T02:19:55.389Z",149180,"Airtime","Cards"
"3e380f08-127f-4e49-8d2a-fe8682f928ba","50bb70e5-45b8-427f-9196-0c54ec122916","2026-05-25T08:21:44.283Z",109123,"Airtime","Cards"
"400b3ed6-bc99-4b38-a258-6b3518ffeca7","234316b8-1931-4f8a-908c-25caad273b3e","2026-05-25T10:11:17.793Z",86024,"Betting Wallet Top-up","Bank Transfer"
"0b67f122-1cd1-4c2f-958c-eff0ee75fa29","9b8b6b76-45cb-46a4-812c-ae4dd7c50856","2026-05-25T05:34:48.001Z",41530,"Airtime","USSD"
"d52b8395-9935-43be-bd77-ce21e67159f2","af4b4243-7246-4ac4-8a39-557e9112fd2f","2026-05-25T11:22:32.705Z",60322,"Utility Bill","USSD"
"75b48bb2-dfdd-4200-91be-88195dc700fc","95bfac29-6c63-4d5e-927d-293185efc319","2026-05-25T08:16:13.051Z",7602,"Utility Bill","Bank Transfer"
"32ca3d20-5418-4f20-984b-4068077cfbfb","373a0059-5868-47ba-be0d-efaee2d3b679","2026-05-25T09:32:47.094Z",129592,"P2P Transfer","USSD"
"658c7dc8-977c-4786-99b5-30e523135a75","cad2ea19-b366-4556-a015-c5d47b65a8b2","2026-05-24T20:59:35.594Z",25016,"Utility Bill","USSD"
"3ac077ca-95d1-4881-b78e-72727d00351e","d5bbabaf-935f-4599-ae05-09eef4f04f96","2026-05-25T03:32:05.679Z",45232,"Airtime","Bank Transfer"
"9375b449-6b43-4637-a9c2-47bf63de4711","7f50c1be-b375-4cf1-bae4-c591cd0be1db","2026-05-24T22:53:42.493Z",142395,"P2P Transfer","Cards"
"e903dc3d-40ca-459a-b3a6-e5db4d9ae864","9675222f-bc16-48d9-b14f-9046606da380","2026-05-24T22:10:40.090Z",39079,"P2P Transfer","Bank Transfer"
"2771dbd5-46e6-4acb-8ec5-071f77b73e07","041b8ce9-e1bb-4839-bdb4-32409b8ef996","2026-05-24T17:24:14.024Z",102873,"Airtime","Cards"
"415914dd-18f9-48e3-bbb8-7e4475ec2ff3","2ed378a4-c13c-48a4-8bf7-5d27007dfd46","2026-05-24T16:40:53.764Z",76400,"Airtime","Bank Transfer"
"cc347d42-9453-4ebf-86aa-7e15047d167b","a8fc33a8-1825-447e-9c1c-ad5b2e9a8955","2026-05-24T22:45:36.306Z",107122,"P2P Transfer","Bank Transfer"
"54f8ee5b-2635-4955-abcb-ce3e5c36ed60","8e94fd32-de89-4e3d-8725-0cf376d9cab2","2026-05-25T01:00:33.805Z",36891,"Utility Bill","USSD"
"f926f9a5-8c6d-4d76-82a4-470587a0f369","6514dafd-244f-4a0a-bab5-e95cfe822943","2026-05-24T22:56:42.222Z",11390,"Utility Bill","Cards"
"d76eaca4-b59c-49e8-a649-72c20d7c36b3","6e3c7e52-6378-445e-9d1f-5c24d509f30e","2026-05-24T23:34:41.420Z",72324,"Betting Wallet Top-up","Cards"
"fc01362d-3be5-48b9-ad1d-a40d10b312f3","67562dca-3d54-4f16-ab56-4d8858c3b418","2026-05-25T06:28:58.263Z",80390,"Airtime","Cards"
"b52032bf-adb1-45f1-a169-35d9ae4105c0","2755511e-8cb8-4d9e-b7cd-3e67eb1ce9df","2026-05-25T05:23:16.721Z",86258,"Betting Wallet Top-up","Bank Transfer"
"f76aa962-9463-49e9-98d5-eb747a0f7a7a","20229730-0cb0-4e1d-91ca-a48f3cb5334c","2026-05-25T07:06:47.296Z",23752,"Betting Wallet Top-up","Bank Transfer"
"9da2d97a-774c-4b66-843d-8b43c21d58df","4cdf1269-d173-4a2e-935d-cdbd89202c71","2026-05-24T16:04:03.103Z",142618,"P2P Transfer","Bank Transfer"
"e876c452-30dc-475a-85d5-7f8369e72210","76850869-b6d2-4398-90f1-65e7ca2945ab","2026-05-24T19:19:21.673Z",39344,"Betting Wallet Top-up","Bank Transfer"
"7cd02a2e-7efd-48c1-b43a-3bb7e062ce83","e94fd999-3c91-4aee-ae3d-0104056238a8","2026-05-25T09:06:35.834Z",53394,"Utility Bill","Cards"
"d7cf9a1c-6eaf-4cd1-872d-4aef780eba6a","7753f6f0-b27b-4dea-862f-2fbe38e347b2","2026-05-25T08:31:54.849Z",100813,"Utility Bill","Cards"
"f0f219d8-9bf3-42ed-91d3-3737e5a3141a","d1178531-98ec-489b-bcfa-14077be667d4","2026-05-24T18:24:30.422Z",45836,"Utility Bill","Cards"
"87a9958f-9493-492b-bede-3f03606d1f5d","88071d08-d6de-41a8-a2b9-628f748f415a","2026-05-25T07:44:19.418Z",58426,"Airtime","USSD"
"b889078b-c006-4103-b9bf-2dec42d99522","a779497d-0fb2-4fb6-9165-4cd11ba90a46","2026-05-25T00:45:41.378Z",147124,"Utility Bill","USSD"
"8d8a39de-f7c9-428a-8d9d-04bc2adca761","5808bc20-6c2d-4d86-9c7c-f29d7ba47e33","2026-05-25T00:35:28.367Z",16247,"Betting Wallet Top-up","Cards"
"8371990a-65fb-4403-b399-8eed5776a299","2fe564d1-caea-46c9-909a-2c21a42ac349","2026-05-24T13:46:41.031Z",100213,"Utility Bill","Cards"
"384a4619-0339-4d26-9a37-8b8a03af8c25","75e77eeb-b1aa-44b9-82df-05d1988effab","2026-05-24T14:28:17.413Z",17523,"P2P Transfer","Bank Transfer"
"1c23b044-ba19-43e1-9e9c-f3d47bd2bcec","ebecedba-5021-4ca8-b295-88acfc7908af","2026-05-25T07:32:41.204Z",49297,"P2P Transfer","USSD"
"a53ea5af-7296-4ca4-bfa6-dcf46fc3b4b7","788c5fbb-9971-4118-b1d4-b9c57b3ed5bf","2026-05-25T07:59:33.242Z",132196,"Airtime","Cards"
"d51e6321-988b-4781-9c3d-1f6123efd8d5","577bc891-7efb-4bff-ab95-e7ddd32595f3","2026-05-24T23:50:54.906Z",51803,"Utility Bill","Cards"
"e2ce5a9a-f215-4128-a73e-33b9c818a1e4","d3947ba3-74ab-402a-9100-bd1602b2555b","2026-05-25T11:53:08.351Z",143295,"Betting Wallet Top-up","Bank Transfer"
"d955c937-c659-4c87-8bd3-164b3ccff494","0e619bce-1f1e-46b6-9b8d-ab2d021a3638","2026-05-25T00:59:13.891Z",103115,"Utility Bill","USSD"
"c23476f7-d5a2-481a-83e7-0d1da73086d0","0cdf0774-af34-4003-8099-f92de0a82954","2026-05-24T18:16:28.913Z",89864,"Betting Wallet Top-up","USSD"
"f1f5bee6-9b88-41b0-b5a8-694a91e2e0b2","dca789da-e85b-499b-9121-c2ffe401a803","2026-05-24T20:23:45.032Z",121724,"P2P Transfer","USSD"
"ee750c7c-2ec3-4fc7-8fa9-51df784e6ae5","c3ab073a-2bc5-4a42-8b0f-f846c669c832","2026-05-25T06:23:38.201Z",124467,"Utility Bill","USSD"
"e8d6a3a1-5395-4d8b-86ea-ce69630609a6","43b01cfe-8328-4653-a4d6-c58528c66753","2026-05-25T09:59:10.467Z",77076,"Utility Bill","Bank Transfer"
"f8a11468-4ff5-4486-b611-95732226c0e7","d47dc8f4-bde4-4f8a-85b0-1eda29a9f9b9","2026-05-24T21:36:30.926Z",7733,"Betting Wallet Top-up","Cards"
"30158c5b-0ed6-49e0-b3cb-c281ad83e171","3ddfc042-425f-46f4-b39c-506aabf42c27","2026-05-25T02:53:08.956Z",62714,"P2P Transfer","USSD"
"b219ceb6-0b23-4a56-ab3f-9ad35e247141","d2370101-d638-49f8-b5c5-4a99f0f7f7d0","2026-05-24T13:56:02.710Z",62458,"P2P Transfer","Bank Transfer"
"8fb9dadd-a629-466f-9712-955e242f26d0","3e35ccb2-b838-4c54-8501-7426464393c0","2026-05-24T16:48:17.205Z",115990,"Utility Bill","USSD"
"6500a77f-3d01-4cc2-a967-ab36822c6a93","b45c6360-cc34-45ac-b1f6-3532f636d605","2026-05-24T16:32:47.955Z",145544,"P2P Transfer","Cards"
"006b9afc-940c-42fe-8f2b-be982e182eff","c1ad5495-5c1c-485c-b5ba-5f1961161657","2026-05-24T14:48:41.857Z",85648,"Betting Wallet Top-up","Cards"
"649e58e4-a561-482d-a34e-fbdcf5fdb76b","dfae6e79-76f2-4ec9-b376-6707d4ff9521","2026-05-24T18:00:47.982Z",60343,"Betting Wallet Top-up","USSD"
"f3bebb78-4cb5-4867-82cf-949ac08e646d","62a1e962-5110-49b3-bb9e-13864d7666d4","2026-05-25T12:38:28.099Z",72713,"Airtime","USSD"
"7a686bc0-9576-4a30-8e77-62d15ba60484","53bc29eb-0fc6-46e2-b8b1-2402d3955e76","2026-05-25T10:15:40.256Z",71525,"Betting Wallet Top-up","Bank Transfer"
"8438995d-99db-43e3-8aca-c99f9a74842a","0c20af41-0196-4f13-b652-87df20c767df","2026-05-24T14:44:41.415Z",6668,"Utility Bill","Bank Transfer"
"d44b4908-5c26-4c06-80a2-f6c0e261716e","89459fd1-5063-4d1e-b70a-84929264f675","2026-05-24T13:26:13.043Z",89308,"Utility Bill","Cards"
"63c9b812-302b-4621-8f72-e4f5f15ff601","6c6523c6-afdd-46dc-895c-5bf37292f408","2026-05-25T10:34:40.291Z",90804,"P2P Transfer","Cards"
"5f0c6b06-614c-4767-a2b5-c15ae507617e","40ad8f54-369c-477d-ac05-d463c71545a8","2026-05-25T10:04:35.455Z",146435,"Airtime","Cards"
"12369491-5ed3-4411-a6ac-855f45abb12b","15ea8b6f-e589-42d1-9954-01cfaccb833d","2026-05-25T11:20:18.875Z",20405,"P2P Transfer","Cards"
"d5239ad1-993c-4867-8a20-1b9da6c9f652","6559e83d-9056-429a-b2a6-13da955cda3f","2026-05-25T10:20:23.814Z",101360,"Airtime","Cards"
"20f74d5b-5be2-40d1-b1c3-81e8b40b0876","77c00607-2404-4c75-b461-c3b9923a1f6e","2026-05-25T06:12:49.343Z",77226,"Betting Wallet Top-up","USSD"
"d9daf938-d5c3-44ac-8e64-c19d7a8e7326","92be7b1a-d0f4-43bb-b106-2ce5395ec1b4","2026-05-24T17:05:07.145Z",133306,"Betting Wallet Top-up","Bank Transfer"
"5f609932-4406-4e7d-93ea-a17e29fea00d","a6143ab6-3632-4b0f-9b6a-f4a2d0de846a","2026-05-24T22:47:32.368Z",148701,"Utility Bill","Bank Transfer"
"1156495b-c7de-49d4-8838-d12d0e63307c","80114796-acd3-4c6f-b1e3-a6f8191e8e02","2026-05-24T14:06:06.867Z",13294,"P2P Transfer","Bank Transfer"
"4c7d29b7-65a9-41bd-92ab-419d2dac8eef","ca5c4e48-0f4e-48dd-b897-2b8abc8ba0fc","2026-05-24T23:15:19.216Z",56931,"Betting Wallet Top-up","USSD"
"69f8e0d2-02e6-46bd-9e56-7b631c57798d","e07802d7-6fa3-4d2f-b385-69314a1e7f09","2026-05-25T10:54:01.988Z",149682,"P2P Transfer","Cards"
"3d7e8bd7-bcc4-4f27-92f2-41f67b63cc15","38e9a51a-5568-4478-92a5-149b7f3e2257","2026-05-25T08:58:18.321Z",3268,"Betting Wallet Top-up","Bank Transfer"
"6f7ca0e3-57a7-44c4-9349-407c558ac0af","66a880e8-cbf1-4661-ab06-d83ed5b00a1f","2026-05-25T08:24:03.591Z",52533,"P2P Transfer","USSD"
"eb9f76ed-1cfe-4051-98c4-5064e9feaa81","f521779e-1b14-424d-88f2-1bbdd6552d01","2026-05-24T19:51:27.189Z",14349,"P2P Transfer","Bank Transfer"
"5c3fb07e-d5f2-46e8-8663-2b034b146d37","dc71453c-a5b5-4bc9-8c94-1f48b21e9ed6","2026-05-25T01:07:08.066Z",125703,"Betting Wallet Top-up","USSD"
"5354d37f-e214-4445-9300-7d32ab3b2f68","89ba7936-c9b7-47b3-9186-fb69db607eeb","2026-05-24T19:01:01.069Z",96911,"Utility Bill","USSD"
"6cbd0d04-8921-4e34-a043-cbb554932b67","f94dfd94-751b-4a66-b4d1-f0a23cd9b8d2","2026-05-24T21:56:58.780Z",42988,"Betting Wallet Top-up","USSD"
"fc7ac9eb-f902-4ace-8929-20808e4fd7c5","c597b8d0-0aac-4d2e-9aee-3ee828fe3b8a","2026-05-24T17:39:23.620Z",106206,"Betting Wallet Top-up","Cards"
"4ac00e2e-4fb7-48f8-8c19-e7fcf2443771","c573023c-28b0-4954-a57e-98da1428c6df","2026-05-25T10:51:15.483Z",89284,"Airtime","Bank Transfer"
"46ba6b57-3722-4a2c-bbee-faa3d6da8d7b","d77f835e-97da-42c0-b8c0-7bbb8c621d1b","2026-05-24T15:49:06.646Z",40078,"Airtime","USSD"
"0635fe93-b1df-4c60-8df6-ff259c4cb8b8","f1281494-1f28-4c87-b3ac-fbe3e7476b81","2026-05-24T18:19:10.281Z",54742,"Betting Wallet Top-up","USSD"
"bda66225-3faa-4edf-9add-cfe03cba5d02","9f7a3597-d29b-4fcf-a641-55a78e92f714","2026-05-25T00:33:03.644Z",22833,"Betting Wallet Top-up","Bank Transfer"
"c5e566cc-0f60-4eda-97e8-4685e3e5c1f4","473f3213-cd30-4c16-8c10-eb40b6ef6d29","2026-05-24T15:52:25.847Z",50432,"Utility Bill","Cards"
"1f54c0d8-d613-4943-8092-35f29e6c5ebb","594c4b2f-0b51-4664-bf0a-099d73280473","2026-05-25T12:22:38.293Z",55404,"Utility Bill","USSD"
"32c7e4e0-904c-4581-a61e-ef787a26d2ea","a63bf9bd-aa74-4371-8427-c9c6f8aaf04e","2026-05-24T16:36:49.699Z",127597,"Betting Wallet Top-up","Cards"
"1015e00d-25f4-41e6-af27-5d23c8fbae25","65d88445-8482-4c5a-a964-398729da9191","2026-05-24T14:05:32.957Z",46614,"Airtime","USSD"
"a8a23a6a-c471-4a53-b9c4-708a7a79e021","51cb27a0-d5a8-4c8e-b16b-df173bd79ef2","2026-05-25T08:35:44.921Z",74554,"P2P Transfer","Bank Transfer"
"b48ac01b-d5d7-4722-9e94-e76bf3f271de","e108785a-980f-490b-8de1-f862b4700e8e","2026-05-25T02:02:35.587Z",80486,"Betting Wallet Top-up","Bank Transfer"
"8a3d75c6-5d9a-4bee-bf39-746931e88fd1","b207db40-a582-420a-b4e2-6ac00df100e9","2026-05-25T11:58:36.552Z",9936,"P2P Transfer","USSD"
"88625082-fe27-41b6-8bcd-20e0833c74bf","55fa931c-238a-468c-9b6d-5ebcd515f52e","2026-05-24T16:49:11.567Z",62568,"Utility Bill","USSD"
"f4f2fa2c-ce32-4ccf-8140-5d1931ebc1d4","016648a5-b4de-4561-bd59-f5f5cc4a61d1","2026-05-24T20:46:48.759Z",31681,"Airtime","Cards"
"916080fb-23e1-4370-9e6b-7a49c05e9f06","a5433ebd-0645-4036-b9f3-161a5f6de0af","2026-05-24T17:16:26.827Z",113179,"P2P Transfer","Cards"
"0e3fb626-67fd-49da-8051-cac164629b06","df58e902-a24a-46b3-be68-f96d59006bfe","2026-05-25T10:22:18.572Z",123995,"Utility Bill","Bank Transfer"
"87b10839-9b4d-4594-a208-8fa04e2c647d","db3715ca-473b-4622-b016-e2e9c0f4d318","2026-05-25T10:38:34.039Z",62329,"Utility Bill","Cards"
"62e3f1f3-55c9-4afa-b348-b4bbdf08ae80","aba912f0-eb9b-43ff-bb39-ca0033cccacf","2026-05-24T16:44:28.748Z",143770,"Utility Bill","Bank Transfer"
"13d415f2-4f66-43d5-8003-ba4d6d982d19","7b2159a4-bbb6-4ff3-8f08-b197f69a393f","2026-05-24T18:37:07.062Z",81247,"Airtime","Cards"
"95417a5a-d25d-49fb-b4af-4ec106e730e8","33ddbf8b-1515-422f-ae82-bec450852efa","2026-05-25T10:23:42.735Z",118555,"P2P Transfer","Cards"
"0fe5227f-3e66-4906-a436-097f344dd419","e255c62d-c00f-47ca-a7bd-e437817c81bc","2026-05-25T05:45:26.970Z",44437,"Utility Bill","Bank Transfer"
"12a456e3-e767-4273-a357-503f5a0d9ef3","b7c9c6d0-87e9-4b72-b5d0-0d1452553bb0","2026-05-25T10:29:07.288Z",59450,"Betting Wallet Top-up","Cards"
"d4de8b17-f807-40c6-b3f0-7cdb96cfae16","381928b4-0126-42e9-acd2-17a5fbed97e5","2026-05-24T16:29:36.231Z",87060,"P2P Transfer","USSD"
"3945a438-3c13-40b5-87ab-683024bcce4d","d614be7b-ac06-458a-8144-9b71efc098e5","2026-05-24T17:58:04.964Z",116719,"Betting Wallet Top-up","Cards"
"c29ff954-a2b3-4f79-be50-0dc9646ae7eb","cfa64e54-341d-40bd-abb7-0f68c4d87d51","2026-05-25T09:32:11.011Z",148949,"Utility Bill","USSD"
"d61d3d84-0b37-4412-a708-c38f8ed6017b","52efb82c-60b3-4bc7-baa9-0ab1ff474d99","2026-05-25T04:49:05.161Z",50617,"Betting Wallet Top-up","USSD"
"4e4df884-6b37-448f-a860-ed36b3f8507d","577f6f7a-d245-4912-aa1e-a8a468884be4","2026-05-24T15:56:26.760Z",35835,"P2P Transfer","Bank Transfer"
"16adae2e-730a-4023-83e0-889817983a41","a2c34f70-5aa0-4035-944c-49e211f4388e","2026-05-25T10:30:15.514Z",134249,"P2P Transfer","USSD"
"49854eb5-5ab5-4977-952b-e6b49b307e62","3b4150e6-3049-42f6-9214-2b8c467b11b3","2026-05-24T13:58:21.439Z",56271,"Airtime","Cards"
"a8fc0000-1cf9-4b72-98af-bbdb27015fa0","0fc60816-932c-4ff3-ae78-ce2c1e600944","2026-05-25T03:44:28.043Z",117298,"Airtime","USSD"
"df1a089f-a124-4fad-ac7a-245d6d6dc6d2","2c6fd449-f778-4c86-95da-acb49c2d13fe","2026-05-25T01:28:07.675Z",115814,"P2P Transfer","USSD"
"9da23305-4dad-4de6-acf6-c5f42ed799f7","0e902f95-481c-4c79-802b-81200b42af24","2026-05-25T04:19:54.392Z",60347,"Utility Bill","Bank Transfer"
"d4392df1-3bd7-4972-b181-ac7696544036","d83c2414-400f-4981-b739-9177d6a62eaf","2026-05-25T09:00:06.220Z",16128,"Airtime","Cards"
"bb2d3e6c-eea9-480b-b9e7-0aa10d41e55c","216cc571-3a83-467c-8c18-81b6036a91fc","2026-05-24T16:03:02.308Z",69400,"Utility Bill","USSD"
"a16e887f-f804-4867-85a2-d861d2f31a1e","d7330408-c85a-4ee7-a43f-9f779961f569","2026-05-25T04:54:47.934Z",47747,"P2P Transfer","Bank Transfer"
"19bb9332-2ce9-4ea9-89c3-5770a323648a","b0a7feda-890d-430e-95d9-23cca998b98d","2026-05-24T22:16:31.419Z",112826,"P2P Transfer","Cards"
"3da3e739-487e-4208-99f8-641a00436357","1d6f2bdc-0aee-4005-8937-508db67500d6","2026-05-24T18:10:27.130Z",52628,"P2P Transfer","Cards"
"b7077df6-815d-4bcb-805c-0f21609e2a41","efe5694f-9e53-43f6-8c44-2d042a3c7aa3","2026-05-24T21:35:27.472Z",93442,"Betting Wallet Top-up","USSD"
"70c15720-e49d-4cdf-95d7-79294756ea5b","32339a3e-1932-4627-8e85-196e70b68c47","2026-05-25T04:58:52.440Z",62336,"Utility Bill","Cards"
"84016fad-7617-44e5-9700-b7fb8bbe0d05","832f0a02-ebf7-4690-97ba-c7076b6042af","2026-05-25T10:42:07.775Z",28736,"Airtime","Cards"
"db53426c-6977-42d5-a824-c8711b583001","a71e6bf4-ad58-413d-b5dd-c3cc9c13540f","2026-05-25T11:00:35.880Z",143968,"Utility Bill","Bank Transfer"
"2e489129-da8b-4568-a465-d6848b7dab17","58a90760-4434-4059-815f-34cbea968b9c","2026-05-24T16:14:18.521Z",114603,"P2P Transfer","USSD"
"3230fe65-158a-4ceb-a636-a7a2e7e27937","5351add4-f3bc-4f91-a2b9-e4d43f0edbca","2026-05-24T13:16:35.406Z",43086,"Betting Wallet Top-up","USSD"
"32a45818-83e2-4abc-9c0c-cf30fb173775","4ff37c88-08dd-4596-8b66-0882f12364ff","2026-05-25T07:18:44.792Z",100103,"Airtime","Bank Transfer"
"42831189-ae65-4a55-a53b-288313d742fd","48cd0b4c-0464-4078-92e5-097e60f7a860","2026-05-24T21:38:58.668Z",72422,"P2P Transfer","USSD"
"bcc02584-5adc-49ff-aa05-80452ce5d63d","5a2ffb90-1072-4a6c-b7e6-7b73d4414e54","2026-05-25T05:34:36.346Z",93825,"Betting Wallet Top-up","USSD"
"fe55d860-b8b4-4231-b91d-c6ad7f9ee5dd","581b023f-61aa-4149-b410-eb03fdb503a5","2026-05-24T15:41:02.124Z",103620,"P2P Transfer","USSD"
"40afb438-311e-4503-8d57-05841051d61a","1bbc1e05-f35a-4eb7-8429-b0688f65c0df","2026-05-25T05:15:37.108Z",118895,"P2P Transfer","USSD"
"06d8bf9b-bdd6-4617-b1c2-1ebc30f62954","725ec24d-68ca-4cbc-b029-8c9315ed3f6a","2026-05-25T09:47:21.086Z",149334,"P2P Transfer","Bank Transfer"
"c5099f01-0065-494b-a29e-90d360457727","c734bcee-9ae3-4cec-9a4d-cc36ffae1ddf","2026-05-25T03:48:40.777Z",120522,"Airtime","Cards"
"5e85ade4-7839-41d8-a7bb-d504c6c9ac26","ab5032b1-5fbb-4ab4-bb22-d4253d757915","2026-05-24T19:23:38.727Z",145901,"P2P Transfer","Cards"
"20710115-c61a-4908-839c-93c9a119ca95","cb019c42-ced9-435d-a5a1-26fa201eac29","2026-05-25T11:41:24.907Z",60749,"Airtime","USSD"
"efabf8c6-72bf-4b7a-929f-f13096fb0db5","82365bd5-811a-4c16-a6b8-f8a30e5c19b7","2026-05-25T02:39:03.691Z",104426,"Betting Wallet Top-up","Cards"
"79068e79-5d4d-4070-b75e-86e8f2eb39b6","30ac9436-e896-4639-8eb3-41c260328295","2026-05-25T12:36:52.569Z",119493,"Airtime","Bank Transfer"
"2c5bc3d0-5a32-45f4-a884-6781cdaa6884","c37e40af-0b08-4e11-80b6-182b616de10a","2026-05-24T15:27:34.469Z",106367,"Utility Bill","USSD"
"1b632dc6-456c-4df7-91b2-e45083499a0e","25d5503e-af4a-4132-83a5-5c66cca585a0","2026-05-24T21:27:48.090Z",64159,"Airtime","Cards"
"5f86e671-a074-4bbe-95f1-2c32b28cc69e","f3d9bd82-97df-49a6-8450-ec0b60def9d7","2026-05-24T13:20:02.350Z",88601,"Betting Wallet Top-up","USSD"
"78074f46-eb62-47db-9cb0-320e60aad321","9f314175-b1ac-4e6c-8581-cfd8becf60a3","2026-05-24T16:56:12.522Z",34832,"Utility Bill","Cards"
"9ade038d-c95e-4982-8896-738be5ad53be","6384cec4-1cb5-4fe6-8994-dc90a944b18c","2026-05-25T07:38:02.649Z",99730,"P2P Transfer","Cards"
"1c296bd2-9417-44e4-888b-3845e6755351","5fe4c1ff-a3a0-4b5d-a7e7-31aabc580f9a","2026-05-24T22:24:49.856Z",34743,"Betting Wallet Top-up","Cards"
"7b71a1d2-f33c-4e72-8c25-b27479289cf6","830dc3fe-3f6a-4f6a-9e9f-b82cd1055595","2026-05-24T14:06:01.271Z",126786,"Utility Bill","Bank Transfer"
"4ae2ada8-bb09-4616-a0a2-4b9da5abf8ea","8d06290e-1251-4021-85c6-59b9ad692071","2026-05-25T00:26:17.444Z",57468,"Airtime","Cards"
"bc8c1392-59d9-448d-bce4-32bcb6785bf5","9d3f1cb1-3980-452e-8bf7-b044f34eee9e","2026-05-24T14:22:06.879Z",108118,"P2P Transfer","Cards"
"224193c6-104c-4eb3-b1cd-be0612f2be4c","64957f84-1560-4301-b60f-e99810d05a3a","2026-05-25T04:37:39.805Z",10334,"Airtime","USSD"
"9d194ef4-7c12-4e54-ad9a-4016f9b9a952","28d04611-e9ce-43a2-9e29-710afca6e660","2026-05-25T07:04:37.357Z",7341,"Utility Bill","Bank Transfer"
"0e2c2715-3609-4d94-9768-e8a36321e8d8","04fe0fc1-3b84-4732-a268-ca8bcb659276","2026-05-24T16:25:33.840Z",118617,"Betting Wallet Top-up","USSD"
"86292e3f-4b5d-4752-89f8-bc6e52705845","f8ccb739-7e1d-463b-8937-1282bfbb6966","2026-05-24T13:00:20.552Z",123649,"Betting Wallet Top-up","USSD"
"0558be10-b13a-4555-bdac-6a2141aa2de4","2cf167ff-4719-4d18-94e4-95391ee54204","2026-05-25T03:37:35.265Z",3297,"P2P Transfer","USSD"
"7b80948e-d5e8-4185-bf93-cfe47522601f","62948378-f4c3-4f50-adf0-aca6ab493224","2026-05-25T05:13:02.449Z",71483,"Utility Bill","Bank Transfer"
"2a536a22-a3ff-4aa0-a5c3-962777aace91","ab6d3f03-44ed-4451-b0e0-743e7ec0b52e","2026-05-25T11:13:58.283Z",109307,"Airtime","USSD"
"def65f68-8e43-4155-a500-d9b809e99ec0","03b8a826-0857-406f-8279-67313178b05b","2026-05-25T03:36:27.405Z",41613,"P2P Transfer","Bank Transfer"
"0c8c3e6d-36cb-4c2b-83c5-3086bedb8a5f","52322b0c-3646-48cc-8bb6-477c55ffb877","2026-05-25T02:01:45.911Z",88644,"Utility Bill","Bank Transfer"
"421a1f4b-27be-4250-b456-a43312410c80","a679c4ad-cc27-4057-9a86-af7cb7cfeaaa","2026-05-25T02:30:01.864Z",25793,"P2P Transfer","Bank Transfer"
"9f0e7c9d-7d5d-410c-aebb-2880f19eb293","a334d669-6fd4-481e-9511-ee28b4f1cc57","2026-05-25T11:10:24.678Z",51336,"Utility Bill","Bank Transfer"
"db51947a-9fcb-4468-8dac-58d5cc6857f6","5cdad280-0172-45c1-8ab5-103a9604d290","2026-05-24T19:17:33.813Z",141091,"Airtime","Cards"
"557ab2cf-998e-4fbb-a744-966c2e674076","ce685808-1afb-4df4-83a1-7fa1fc85f174","2026-05-24T21:57:49.489Z",25155,"Betting Wallet Top-up","Cards"
"6febc421-9567-4210-9220-849f19b01c5f","1f61f83e-b6a2-4732-8c36-5d47a567ea39","2026-05-25T12:18:11.034Z",105821,"Utility Bill","USSD"
"82a1d971-f3b3-4b80-a9d7-28ccbe750657","3db53249-d80c-4bb9-941b-7480101dd070","2026-05-25T02:28:40.190Z",112271,"P2P Transfer","USSD"
"4cc2204f-988a-4313-849f-fdf85588137a","af5becd4-e441-46d5-a0c0-57f515d10c98","2026-05-24T15:36:28.326Z",3334,"P2P Transfer","Bank Transfer"
"783ce703-dd17-4c4b-aa53-c022a2504ef9","54ed1795-76ed-475f-b691-6bdbf50e3ac1","2026-05-24T14:25:16.194Z",35122,"Betting Wallet Top-up","Bank Transfer"
"08f3c1a5-4f40-41ae-8f7e-48d0322291d7","09d97a70-e0a1-4a64-a263-5e468e22211d","2026-05-24T19:18:53.425Z",110952,"P2P Transfer","USSD"
"763d5c66-b0f8-4816-aa81-a49e3d2d8ad7","d4f73033-9248-48a5-9f90-9367f14ef256","2026-05-25T06:26:12.305Z",28250,"Airtime","USSD"
"411ab334-7d5c-448b-87a4-a817e86524a2","c6cca757-551f-41e0-8027-bedf667310bb","2026-05-25T09:08:45.772Z",6601,"P2P Transfer","Cards"
"19ba3396-bb8f-4f80-bb66-ac45f51de1ae","3687b637-342b-47c2-8839-31192f107ce1","2026-05-25T02:24:58.687Z",88497,"Airtime","USSD"
"0d6d634c-a562-4932-aced-b0c18feccfc8","f4a0d0bf-8e32-406a-b6c0-1f106f380776","2026-05-25T09:04:39.947Z",75093,"P2P Transfer","Cards"
"934178ce-8d76-49bb-83ce-94eddbf7fdac","48f4f6ac-baaf-423c-9ab8-1366d5ed600c","2026-05-25T11:44:40.011Z",30572,"P2P Transfer","Cards"
"7a31072a-9832-4b00-a809-f566c3737f4a","0f550356-5fb5-4c66-9442-7879c9862e5e","2026-05-24T18:35:31.996Z",77722,"Airtime","USSD"
"b26031e4-6950-4835-9472-2b5327488ce2","c40bde8f-147b-41e4-8cf9-de3a7eaca2a9","2026-05-24T22:46:26.697Z",137563,"Betting Wallet Top-up","Cards"
"f954d926-9478-4972-ac53-67d7655bd81c","fe1256ed-32bc-44a9-8391-328f7147356e","2026-05-24T20:55:41.073Z",130140,"Betting Wallet Top-up","USSD"
"749ceac5-95a3-438a-b5d1-d58a7a1b33ea","2eba9006-4b84-42cc-9ffe-baa153b50b68","2026-05-24T14:11:27.584Z",95811,"Utility Bill","Cards"
"e21b1c6e-3455-4118-9502-6bfd151b8903","d1673e4f-bf48-4722-a415-c5cd2350f923","2026-05-25T07:03:32.510Z",78420,"P2P Transfer","Cards"
"0675ff50-919c-4f69-ad93-a48c11d794b3","834412aa-c885-43e7-ba46-996d30f07239","2026-05-25T01:53:40.294Z",14545,"Utility Bill","Bank Transfer"
"21eedb4b-14c1-439d-9ba7-e196ec1f68b7","5a6409e8-b396-4969-a03a-f375371d25db","2026-05-25T09:24:01.630Z",97526,"Betting Wallet Top-up","Cards"
"cc509e47-cd88-4ff2-83cf-b83653655b7d","51e77d74-d1cb-410f-9b79-61ff97906541","2026-05-24T16:31:33.928Z",108501,"Airtime","Cards"
"00fcb538-58d0-4c8a-aac5-f9a194b8090e","619f6566-f546-44da-9776-6e72b7a2deab","2026-05-24T13:47:27.857Z",134495,"P2P Transfer","USSD"
"80604f45-1bb4-455d-8e23-1fc69bcf546a","573aaaaf-a126-44a9-be01-2d8f39cff18f","2026-05-25T00:14:29.404Z",34982,"P2P Transfer","Cards"
"ba330a55-d5b6-4733-beb7-9a968b4602ee","919a6cd8-7127-4960-a84a-2152704ee38f","2026-05-24T21:34:25.071Z",80711,"P2P Transfer","Bank Transfer"
"28d4e81c-559d-4f87-ba4d-30a002342e93","5cbca2da-ce38-41a8-bb29-65ffb965c255","2026-05-25T02:31:25.174Z",100022,"Betting Wallet Top-up","USSD"
"6df943e9-4e41-49a2-b978-61640a5e611d","a543f6fd-877a-4ef8-80d2-44e69297ded7","2026-05-25T08:11:11.313Z",134805,"Airtime","Bank Transfer"
"0458b30a-eee6-475d-9daa-b49940ff7092","c1026dcc-0397-4d20-a8b7-650ec7982c9a","2026-05-25T12:23:08.497Z",79471,"Utility Bill","Bank Transfer"
"ba788335-8d8b-4d31-baf4-04a6e79e404a","2dbb4b11-14c4-467d-a120-614e35eedb5a","2026-05-24T16:50:30.197Z",59975,"Utility Bill","Bank Transfer"
"c5354e3d-20b3-422a-b8b0-94afad2d5906","4aa65e56-5155-418b-a26a-f4f5b02f8714","2026-05-25T05:34:30.393Z",111501,"Utility Bill","Cards"
"7b8d7a9f-591a-49a8-9d38-562ff466be2a","50a7f91b-d5ff-45d4-bc42-d9054832e35b","2026-05-24T18:54:05.505Z",134418,"Betting Wallet Top-up","Bank Transfer"
"8fb304c3-29ca-4565-84ee-c72c81f8496f","209753df-2fed-4d75-af99-0a1e15ea9c1b","2026-05-25T10:57:16.775Z",21921,"P2P Transfer","USSD"
"23aa76f1-b2e9-415e-a454-5d9523cbc6ee","c67febef-8d90-4336-a457-07c9c3f4fa1f","2026-05-24T14:12:25.663Z",35424,"Utility Bill","Bank Transfer"
"12fff673-03e7-4b9c-b7de-05316abf2797","52297627-5c05-498f-a606-b645902c513f","2026-05-25T09:04:49.496Z",137359,"Utility Bill","USSD"
"59e6a26e-e706-401e-b66b-ea017a288679","17cf7e96-1d58-4308-8404-9cd8d53ed411","2026-05-25T04:34:01.088Z",26140,"P2P Transfer","Cards"
"7917414c-d013-470a-983d-da0650cf9c55","fdca15d9-85ad-4af5-b0c1-bcea97571c5a","2026-05-25T09:55:19.486Z",119956,"Betting Wallet Top-up","USSD"
"64c88bea-1397-4e5b-bb2e-e37edc0d94ad","a2e29606-dbb7-413e-93a2-78af6aad49cb","2026-05-24T17:24:10.618Z",48778,"P2P Transfer","Bank Transfer"
"83e46761-9dd8-49c8-8e5d-0399aafa5e4d","50037a13-60ab-4308-bbb7-45ff14d45ba7","2026-05-24T18:34:00.139Z",62541,"P2P Transfer","Cards"
"79702290-97d8-4263-9e51-32c82e44e7a1","9d1531da-4df2-4f82-a80c-1b5e8ec10bf4","2026-05-25T05:38:14.677Z",67448,"P2P Transfer","USSD"
"624b089b-6af9-4b5e-bd40-0022d29181f0","c11f68d0-cb83-4be8-b9c7-ccaef82b432e","2026-05-24T21:50:44.730Z",33467,"Airtime","USSD"
"6e36b46a-c60d-44f6-823f-f1df11a1a2d1","b0d1ed8d-b8e4-46a9-8999-a1958cf61bab","2026-05-25T11:48:18.298Z",53663,"P2P Transfer","Cards"
"815d0be9-62b3-4fd4-981c-f18c71eb3acd","e1876cf6-6258-407f-810f-c416a1a9e0aa","2026-05-24T16:03:43.914Z",45584,"Airtime","USSD"
"eded4082-308b-49d6-8052-64419d45d169","2fda6121-fa1f-45ef-9042-14ca129646e5","2026-05-24T20:28:13.831Z",25392,"Airtime","Bank Transfer"
"a4005811-5536-465e-bf77-c8064c55b9c4","6a88d08e-38f7-4861-99ec-76cbf22cc39e","2026-05-25T10:33:36.220Z",96579,"P2P Transfer","Cards"
"071d9b7f-cd11-47bb-8bbf-f4fd321bf6b0","3ff4535c-09b8-46e6-9e36-8516e4d6f716","2026-05-25T05:56:23.655Z",126698,"Utility Bill","USSD"
"702f0ba8-808b-4d64-bd34-0539418c452e","d2fa542c-608d-4ade-a8c4-0123058aa2cd","2026-05-25T06:59:41.146Z",133478,"Airtime","Cards"
"387e00a8-69b7-4dca-a7ab-2c642de29a1c","e4eaed59-0272-4386-8870-abea037a1704","2026-05-24T23:10:21.769Z",139323,"Betting Wallet Top-up","Cards"
"e2f945ea-fe3c-4b88-a284-cbeea14902f2","b17d7fd0-558d-4525-b16a-7e7e295dbecc","2026-05-24T15:18:41.505Z",109639,"Utility Bill","Cards"
"b3f90721-69be-4a53-97a8-eeb7811e44fa","050c2bf6-873a-4af6-bb7a-aeef5e29adf9","2026-05-25T06:41:05.870Z",95138,"Betting Wallet Top-up","Bank Transfer"
"38187e65-c264-44ef-9ad8-cb98a829e341","e9ee7b89-9885-42ee-8b1d-5afc5483fa5f","2026-05-24T22:45:11.419Z",3885,"Betting Wallet Top-up","Bank Transfer"
"2cb78d9b-f366-4da7-9f44-41e5da8fe383","e2bc2835-fc2a-4fe0-8b69-7effe3639e59","2026-05-25T03:25:54.405Z",138303,"Airtime","Cards"
"06c4ac38-5b17-40c1-884a-ff73b0a4da3b","47685057-408b-4133-95a2-a3a566beb340","2026-05-24T14:01:39.456Z",141254,"Utility Bill","Bank Transfer"
"191978f5-af91-4ea1-b93e-7cb4ba82c0c9","5c0e89b8-7c47-47b7-8fc4-893913ee75e9","2026-05-24T18:50:43.595Z",78680,"Utility Bill","Cards"
"54c8e9a3-eced-4801-b9e5-55eda280bd4d","e564f858-2d6d-4df9-af09-f30f644a8a4f","2026-05-25T10:05:26.892Z",44650,"Airtime","Cards"
"8bf98f3c-a776-42be-8778-959ebb8a0eca","e0f23e00-3880-4165-9831-c3a3415b8924","2026-05-25T11:38:14.407Z",145904,"Utility Bill","Cards"
"75ceb1f6-2bfa-48da-bee7-1f7619605e79","59bee681-fa41-4bf0-8278-7a4f9d7fa8bf","2026-05-25T01:43:03.217Z",142401,"Airtime","USSD"
"2cd1f4fe-4a83-4b55-95da-67a866339ad9","169b9b43-f3a7-4cec-bb65-b9e4f87d0027","2026-05-24T18:40:35.846Z",17708,"P2P Transfer","Cards"
"87693d7c-8aca-4175-8f83-e1e69cf4ffda","9d4dc98c-39e5-4a39-bc98-8217366193bf","2026-05-24T17:24:13.496Z",87811,"P2P Transfer","USSD"
"fdbdd11c-31a8-4878-a926-a0c0d357bf21","d03a7b8f-0df1-4c16-a4e0-f7f80624745a","2026-05-25T02:14:10.546Z",77621,"Betting Wallet Top-up","USSD"
"05bb7833-ba72-44da-b6f9-a55e9f44d7ec","4820cd3b-0599-430a-82c3-c2d8956b1058","2026-05-25T01:28:13.422Z",66501,"Betting Wallet Top-up","USSD"
"433cc105-475d-4880-94b6-02328bc20dd4","ad3ad1e9-3e19-4503-8e9b-f23ef422b3d4","2026-05-25T00:12:12.837Z",109029,"Betting Wallet Top-up","USSD"
"d309cf06-54bd-49d7-b8a5-da68bcf99822","b44db82e-2657-451e-ba1f-f824a43921ac","2026-05-24T20:54:26.761Z",106026,"Betting Wallet Top-up","USSD"
"c36e8e03-d856-4858-853f-ff4115d7dde8","3e9c43b4-154b-4746-99d9-55ccfe1bdbe4","2026-05-25T00:51:12.581Z",59949,"P2P Transfer","USSD"
"c08f434e-65d2-4fb1-8e16-6e7ed89b3418","2bdb4068-2264-4460-9710-8fa6e7224082","2026-05-24T22:42:50.344Z",59195,"Betting Wallet Top-up","USSD"
"429b7c7b-52d2-4f05-a898-0e16f2af0b09","dddec03e-0f28-48e9-9975-3b2369d9cbca","2026-05-25T00:48:29.242Z",112549,"P2P Transfer","Cards"
"9f460c95-e8e3-45ca-8e60-8f44fd55c8a8","dc7df401-ac28-4fc7-8606-fe4eb6a9a38a","2026-05-24T19:35:45.589Z",53638,"Utility Bill","Bank Transfer"
"a4a06113-4cc9-4484-9cdb-0af2081f3884","8f2d56de-2ac9-443e-b1b2-d8046a194c93","2026-05-25T02:17:05.118Z",5065,"Betting Wallet Top-up","Cards"
"f133e833-661a-481c-b857-3cafa8659185","5b849867-8a96-48a2-9d92-69202901f4d4","2026-05-25T10:25:41.394Z",54881,"Airtime","USSD"
"a23a9946-417a-4458-8f5b-7f8f0e5b7a8b","f483fb41-6855-4ecd-8e74-c20e6647c220","2026-05-25T09:31:22.142Z",61587,"Airtime","USSD"
"072efa1e-4c7f-450b-ad34-fb5fbbe904c7","e11fcc6c-f39c-4b97-bd8e-c06d46cc2625","2026-05-25T06:51:05.248Z",54110,"Betting Wallet Top-up","Cards"
"c9bff0e0-360c-4b0d-ab35-1f865afa33a6","5726bfb3-2b4e-47a5-b8a9-588663745536","2026-05-24T22:44:48.729Z",19476,"P2P Transfer","USSD"
"320bdb79-7f16-407f-970f-81b2d330b998","98ce09af-7037-4d15-b603-fc5d2a67caaf","2026-05-25T12:16:50.621Z",46753,"Airtime","USSD"
"ace64310-2632-44a5-8821-356f71862892","7399f473-c2b7-4b9c-a1ad-55241195ea0f","2026-05-24T20:57:58.405Z",67853,"Betting Wallet Top-up","Bank Transfer"
"bdf9f1a7-36f1-4897-8eb6-64f18f9145ff","52347b3d-6cd1-4056-b438-38a71e3d9d7c","2026-05-25T10:31:14.443Z",146310,"Airtime","Cards"
"8805d0b7-db77-497a-986e-91f4dfdfc408","978b79eb-b853-445b-923f-e610870461c6","2026-05-24T18:06:47.602Z",74590,"Betting Wallet Top-up","Bank Transfer"
"e71a2133-28c2-4f50-9e2b-1797572fa270","a77fff73-e2c3-41c5-9330-f7d4be80479b","2026-05-25T09:38:17.061Z",101406,"Betting Wallet Top-up","USSD"
"78ccf17f-fb3d-41b5-ac16-474e55b83d34","edffa378-9a8f-4208-8822-9b919addbcf5","2026-05-25T09:18:40.103Z",133699,"Utility Bill","USSD"
"5beae445-0def-4f80-92f2-bdc816d0efaa","02e85d5a-f8da-4079-b36e-31c1601a5a49","2026-05-25T10:27:37.957Z",16260,"P2P Transfer","Cards"
"250b94e9-ea3a-47b4-98fe-2cb3f5dbc679","2f90d331-02ea-442a-af2f-06c1569e1da9","2026-05-24T18:31:12.856Z",49083,"Betting Wallet Top-up","Bank Transfer"
"ed9fdfe6-2818-4605-a24b-847f6921f367","4ba4e621-61ba-4e14-bc12-63ba984c2da8","2026-05-24T15:35:57.037Z",24786,"Utility Bill","USSD"
"03851ea5-d687-4b94-9fdd-7a1674b6422f","e9bab84c-5fa7-41d5-87b4-d1b45be7203b","2026-05-25T10:01:18.988Z",75971,"Airtime","Bank Transfer"
"4d47aeef-10ff-42da-9946-ad7fd35db273","46588aed-649c-4f09-80f8-34c2a01c4bef","2026-05-24T16:50:16.310Z",36681,"Utility Bill","USSD"
"07b5abee-b000-43f9-ade2-8efb55375bef","667aab10-526e-4101-8355-267cc8950132","2026-05-25T10:25:45.370Z",140400,"P2P Transfer","Bank Transfer"
"a5a3d10a-cc91-463f-b427-80fbab44fad4","3ac3a7ad-65f8-450f-b83d-0eec9dedad68","2026-05-25T01:37:43.846Z",48012,"P2P Transfer","Cards"
"a0592c82-e62e-4092-8518-6292c3423b25","353a09f5-f41d-40fa-9fdb-5e2cb295caa3","2026-05-24T22:39:51.281Z",133559,"Betting Wallet Top-up","Bank Transfer"
"48db364b-1c4f-4fe2-874d-46f899a8533a","ffe8bb92-5ad2-43e1-b960-706df7370412","2026-05-24T23:08:37.317Z",56278,"Utility Bill","Bank Transfer"
"fd76d054-94ec-466c-905e-4e0560503a1c","6f857778-18c8-4d60-b28e-947704383f70","2026-05-25T01:43:48.872Z",78917,"Utility Bill","Cards"
"6fb2892c-0d55-401e-8bf7-56fab36d4906","ee1c0ce2-17e8-41d3-91f1-479bf32b28bc","2026-05-25T01:30:36.357Z",30600,"Utility Bill","USSD"
"5142101f-2dfb-43f6-94ce-9fbbdef55f90","9761acdb-aef8-4125-a4ac-60f48a7b5de5","2026-05-24T16:26:59.679Z",109157,"Betting Wallet Top-up","USSD"
"d4538586-e58d-4873-9a30-5f7cff125cc7","6bff1fdb-1618-4d65-83d7-c1b129a72c19","2026-05-25T11:17:08.004Z",75414,"Utility Bill","USSD"
"3b1a8c24-e87a-4ce2-9b29-b000bd74daa3","5e57baba-a7cb-48e3-a18e-ada29b05f416","2026-05-24T13:57:44.597Z",114682,"Betting Wallet Top-up","USSD"
"572929b0-5c64-4b4b-b06d-d74e1abaf3e6","3352249c-a382-45f0-8348-0312a2d66e61","2026-05-24T20:00:42.643Z",80765,"P2P Transfer","Bank Transfer"
"cfe45790-25d6-4671-848f-798eace09124","2fff6a4f-2e8e-41cb-8dd0-22218ed4a8e9","2026-05-25T07:07:28.381Z",106900,"Betting Wallet Top-up","Bank Transfer"
"f056b988-93ac-4691-8600-847a802a4ce8","592514ea-d0e6-44cb-86f9-6770e4a57ff1","2026-05-24T16:51:04.267Z",145651,"Airtime","Bank Transfer"
"de1ab243-b96e-442d-9189-76f601280854","19d7ee1d-9183-4a44-8d1f-d4f2e7ed7a91","2026-05-24T23:47:33.044Z",112669,"Airtime","Bank Transfer"
"6a4c8ae9-86a6-4616-a3ad-f311e63a943d","3e121e06-9482-4555-a245-245db0b9b81b","2026-05-25T00:13:58.845Z",130222,"Airtime","Cards"
"28f4b9ff-40cf-4389-b016-c91c0cc7cb20","eff9c210-788a-4731-9e23-614bd3745b5c","2026-05-25T01:02:28.870Z",111489,"Betting Wallet Top-up","Cards"
"7ebbc6a7-b54e-4364-a406-e089bad98e5a","88e157de-2b3d-40e7-9399-96fd3f3ebbd3","2026-05-24T21:39:42.192Z",70963,"Utility Bill","USSD"
"05948643-37f8-45df-b753-1a0ebf1c93fa","281cfc29-172d-4923-a230-a16b508ebc32","2026-05-25T03:25:23.741Z",29231,"Utility Bill","Bank Transfer"
"46362d31-307c-47e3-b823-6454de68bdea","773286da-a77c-4fed-a5ab-5aa8f374fc8b","2026-05-25T01:11:28.521Z",76741,"P2P Transfer","Cards"
"c71cead5-d11c-42f9-a281-2808366ef089","02b29c2f-3aad-49e4-a51e-f2b61bdf3580","2026-05-25T11:50:09.734Z",18531,"Airtime","USSD"
"479d1d68-58bb-49b3-ac5b-4698bf09b792","7cd39327-cafc-451a-9835-0d327d20e578","2026-05-25T12:12:37.477Z",11749,"Airtime","Cards"
"4a24633b-5f23-4045-972d-e41856982091","ec303da7-acd3-4bbb-91da-0fc13a7bbaac","2026-05-25T07:35:34.324Z",110237,"Utility Bill","USSD"
"be24b6a3-219f-43be-a9f1-61f8891ad006","d1bbf157-2b13-4666-97f2-84bc889f60c0","2026-05-24T15:11:43.541Z",130975,"Utility Bill","USSD"
"a3e4f823-9dc8-4774-b1f8-e90aed7c193a","1d7e907f-2b6d-4bbd-a211-07fe022089c2","2026-05-25T10:22:26.626Z",130020,"Utility Bill","Cards"
"dc7b57c2-7ba9-421a-aae6-09e0870c3528","0b27fcd7-e132-4ef1-812c-b6a86ce96e49","2026-05-25T10:03:08.757Z",92323,"Airtime","USSD"
"62e43370-fc5f-404e-b6e1-fd3e8efdb92d","5f7a13ee-334a-498b-9110-da5c1d65d095","2026-05-25T08:48:38.141Z",35578,"P2P Transfer","Cards"
"d07036c1-913e-45fb-a89f-52f7a4b66059","dbcff9c1-f593-466c-a982-d14b91a3a9b6","2026-05-24T13:19:23.709Z",2788,"Utility Bill","Bank Transfer"
"1ac4fb7a-14ae-4cd7-b4ef-a4fe938fd2ed","93173449-8820-4657-9cb6-87d705e93ef7","2026-05-24T18:28:49.515Z",93724,"Betting Wallet Top-up","Cards"
"0ea25286-ad13-4b01-a520-5e6c0d1d9a09","caa2b899-da9d-4081-9a66-e3d808f02107","2026-05-24T14:43:20.823Z",130509,"Airtime","Cards"
"3480f426-2c8f-4070-a2e1-9472aa303b64","539da2e2-7766-4712-a75a-35b968399ae9","2026-05-24T17:43:39.512Z",90525,"P2P Transfer","Cards"
"3bd36404-eab2-49e8-bad0-4c1b4e271d79","d6e75889-a176-4c90-b29c-430e3e761b76","2026-05-25T06:17:44.414Z",87326,"Utility Bill","USSD"
"af15a76e-f589-4f89-8fa9-9ad6f05c80d5","a8184b2b-9adf-4945-bcbf-b613ce2d9d29","2026-05-24T23:22:26.494Z",144548,"P2P Transfer","USSD"
"0adb9afa-dd1b-48d6-b3af-107f30a25585","04d285ec-c8d7-41da-aa71-ac4fa26a37dd","2026-05-25T12:02:00.625Z",80336,"Betting Wallet Top-up","Cards"
"714ede15-6cf4-4e41-b216-b680ee1897fb","0612b1e3-c900-47be-bf5e-b5f5a016cbb1","2026-05-24T14:56:49.833Z",111517,"Betting Wallet Top-up","USSD"
"b197e87f-4e44-446e-9162-cc6df5c4e107","e59cd55d-a3f8-456f-bd4f-25d5552aeec5","2026-05-24T17:03:07.321Z",69435,"P2P Transfer","Cards"
"b8a1c680-3fa7-4189-b7bd-3eb472a3b483","98f5dcee-5d03-41d2-9d43-78d06f0ada92","2026-05-24T17:15:56.172Z",137246,"Airtime","Cards"
"d9a03dc3-ff9b-4c2b-be4b-ae89608bc12c","020d5112-5b64-4ac0-8eb1-4a80446b88ad","2026-05-25T04:06:10.940Z",69978,"Airtime","Bank Transfer"
"61b7d298-183b-4093-b89d-b35e7ffa8030","8d4366ee-8cfe-46ba-9180-eb5a80b4090f","2026-05-24T15:19:27.799Z",1695,"Betting Wallet Top-up","Cards"
"cf21e7ca-8962-4b49-bd1c-18538d3517dd","9b6a762b-5860-4825-a473-355f96b81389","2026-05-25T06:12:48.027Z",13539,"Airtime","Cards"
"c3383286-4a95-4924-9d74-12d1c168d9e1","20bb0ce9-fb00-4c66-aaca-e3dd55a4f44c","2026-05-25T10:39:04.846Z",34470,"Utility Bill","Cards"
"12144828-c296-4d3b-99df-5f0060e0084b","faa08045-e2b5-4497-b948-35d592315b85","2026-05-24T21:00:07.725Z",3154,"P2P Transfer","USSD"
"77ca2c6f-a8d3-4735-b34e-a9c8bc214a4d","615f296e-e6b1-478f-8f5d-18c0408af909","2026-05-25T04:10:44.769Z",68627,"Airtime","USSD"
"6beab123-3c19-43f3-9a03-dce7fe907628","f50f53c9-a875-4ff4-97ce-ada71af9f3fe","2026-05-25T05:16:33.777Z",95437,"Betting Wallet Top-up","Bank Transfer"
"f3526728-c2f1-4c37-9428-601bf76f848d","f6df9348-9d47-4493-8334-20dcf3afb1d3","2026-05-25T01:12:30.854Z",15068,"Betting Wallet Top-up","Cards"
"5b4162d4-1636-445f-ad7b-bfa1f6083ac6","41f0e35f-4b0c-4e07-add8-f48b39ca48d4","2026-05-24T13:04:47.646Z",88264,"P2P Transfer","USSD"
"e0076593-dc74-4fb4-8155-2379e4da457a","03649f99-6496-460c-b287-4dab250643ae","2026-05-24T20:58:59.983Z",39134,"Betting Wallet Top-up","Cards"
"96fffbe1-3ad3-47f9-a063-f0afd82e7458","31135e75-a54b-4d79-b505-6e4b218eca7d","2026-05-25T10:53:21.312Z",143506,"Utility Bill","Cards"
"379a056e-3c9c-4456-b689-f60d77996778","be77632f-165c-4a20-81e6-d956756ea1d0","2026-05-25T05:06:54.452Z",25841,"P2P Transfer","Bank Transfer"
"45b88386-dead-47da-98c4-6eef658f124c","c9785e07-7382-494b-b115-91a78274271f","2026-05-24T22:33:05.953Z",34305,"Airtime","USSD"
"d52b3232-722b-4b20-b2f7-86d956fb910c","a0629954-17f9-4433-b3b7-8b4bb645e2a1","2026-05-25T01:11:30.442Z",116814,"Airtime","Bank Transfer"
"0a43bba9-4353-4e49-a097-782213d2d9da","868d0bcb-1253-4903-ac82-0b184eb27f29","2026-05-25T04:40:07.416Z",97144,"P2P Transfer","Bank Transfer"
"c53df525-bc83-4116-be38-f5ab8a54e60a","c0b05a7e-f886-4dd3-b160-5c099e388e59","2026-05-25T05:52:08.519Z",75907,"Airtime","Cards"
"fc2b5533-75ee-4023-aa3b-722d7abf4f47","2d1aa6a2-0924-4c32-829f-6aae35b6b254","2026-05-25T10:58:28.508Z",15673,"Betting Wallet Top-up","Bank Transfer"
"c26cf74e-7596-4e7f-bb62-f4d0b6e194cd","3add5ed6-9deb-4e33-ac30-9cdae7dc7096","2026-05-25T03:04:21.472Z",58787,"Utility Bill","Bank Transfer"
"8ccb2a8d-63c6-4186-9e02-7b99d7bbb7a2","121597a5-6d28-48d5-9abe-cc9d473c5883","2026-05-24T17:34:39.445Z",46593,"Airtime","Cards"
"a764ceed-02f9-4833-82f0-1ec77ecc778b","81a886be-c094-4be3-88ae-b136e17f5aa5","2026-05-24T20:40:18.189Z",32381,"P2P Transfer","USSD"
"d41b1002-1073-4a46-b828-9dd75eaf357b","3363fee8-a3b4-4d66-b689-376b62a2c717","2026-05-24T13:52:10.169Z",105228,"P2P Transfer","Cards"
"79af6c87-b948-4b9b-996d-c3ede2d94c1d","49265371-241b-456e-9187-b0cb40a6b80c","2026-05-25T10:42:30.088Z",143043,"Airtime","USSD"
"c7d6ca24-b83a-4edb-8373-81d18f704e8e","af6ee7d5-b841-41a4-95d9-2ebfaa00d99a","2026-05-25T02:03:03.534Z",90208,"P2P Transfer","Bank Transfer"
"7db8b680-ef67-4687-a22e-91149c5ad8e6","6430bac4-9920-4a68-ac00-ff532b45993e","2026-05-24T13:20:44.782Z",122370,"P2P Transfer","Cards"
"a09a47c7-c1ff-4191-a2a4-87760eeeffb7","f72c455e-a2b0-435e-84e7-30afbd3c8306","2026-05-25T06:52:12.657Z",31627,"P2P Transfer","USSD"
"8dd1fd12-095f-4e3c-9c79-b44a6cb024a7","dc90652e-18e9-43c4-815f-23ffb0b851ad","2026-05-24T22:09:24.070Z",23816,"P2P Transfer","Bank Transfer"
"43255e43-48d0-485e-ab28-87264fa693c8","d2636352-efb7-48e3-a7f3-ca897e3d7eb4","2026-05-24T15:06:24.447Z",50477,"Utility Bill","Bank Transfer"
"9f52ce08-aada-416b-ad60-2a73abc9a7d8","e2b1f53d-7c73-4284-949d-c311f9b7c9dd","2026-05-25T10:49:14.282Z",95756,"Betting Wallet Top-up","Cards"
"41eec586-b189-473a-8f48-0e20c79bf735","3c5c094a-4ca9-40ca-bbc1-d02590f3ba94","2026-05-25T02:45:40.187Z",9357,"Utility Bill","USSD"
"6c1c7974-bacd-435f-9630-a141de9f00e6","290fedd6-9c1c-4a4c-bce4-3228d2c8f671","2026-05-25T12:33:05.809Z",6798,"P2P Transfer","Cards"
"70c50ad2-2c87-429d-aa42-b530c20601a4","1bc09b19-2920-4fc4-b15f-7af1fd7ff412","2026-05-24T17:14:30.571Z",21251,"Airtime","Bank Transfer"
"d05e50c8-031e-4d20-8001-5f328986b051","cfed2074-9bce-4b71-8eb3-46968a9f9444","2026-05-24T21:16:20.094Z",46277,"Utility Bill","USSD"
"c74afa8f-5b20-4df5-b9f9-aebf7f48f414","ce79b4a9-23aa-465a-a783-eb99d9ef437e","2026-05-24T12:57:12.635Z",81645,"Utility Bill","USSD"
"1f62317d-9961-4c93-868c-2c646c475e8b","5a2f6776-32f0-4121-9666-8ac9db70be45","2026-05-25T03:40:31.328Z",137523,"Airtime","USSD"
"60cd1190-e50d-4f64-b911-486ae0e3f905","cd1bd9d0-20bf-448c-beb8-e5b96a02aeb4","2026-05-24T19:56:49.703Z",38390,"P2P Transfer","Cards"
"ac67246d-0fea-4f5a-8189-1a1dd2079c6d","4e836ccb-d115-4501-ad9a-e73d5cc62b4a","2026-05-25T10:29:35.709Z",145223,"P2P Transfer","Bank Transfer"
"52dbec41-06a9-4866-b4b4-7e3e3cfe8f79","41476a98-1004-4854-81e4-e8104cf1f9e9","2026-05-25T08:25:28.080Z",48914,"P2P Transfer","Bank Transfer"
"6819bf5c-a0b4-47f5-ac86-e8d311234976","f8a5b2e5-d7f9-4e44-8a7b-2f0df0e00d44","2026-05-25T10:30:39.035Z",144595,"P2P Transfer","Bank Transfer"
"a0a52fee-48de-430f-8d1f-6eb36d542c7d","e9aff79d-b242-467d-846f-7df28b2d3577","2026-05-24T13:17:21.144Z",45203,"Airtime","Cards"
"944c164c-1612-46e8-89e1-c33862243ab4","ca1d04e7-e490-416b-98bd-052a29d0382e","2026-05-24T23:06:01.093Z",139127,"Utility Bill","Bank Transfer"
"79e8d381-0d9e-43b8-bd39-28f7cd5c1ffc","a0c6454d-e1c8-470e-8666-34f0689cfa25","2026-05-24T19:15:28.446Z",23366,"P2P Transfer","Cards"
"e8273142-d1dd-4b5f-bbe1-5dfd7da0270c","1f20b85d-69c1-455c-8b0d-b08835d6b877","2026-05-25T01:36:47.502Z",121709,"Airtime","Cards"
"ee24d342-fd67-490f-b7bb-936a677f12f9","1b354cbb-e77c-4534-be17-ac92a63472ff","2026-05-25T09:45:37.307Z",43734,"P2P Transfer","USSD"
"7cdee458-507f-4ebe-864b-eaee1e0c7f22","d2ec33ed-01c2-49fe-88b7-6f7a1834256b","2026-05-24T17:48:58.276Z",125586,"Airtime","Bank Transfer"
"a13626d5-f64b-489b-8c41-ffa2d4b65ae4","eac2ddb6-90e2-408b-926d-57b4fbf21793","2026-05-25T03:23:03.963Z",146419,"P2P Transfer","Cards"
"9cbec8b8-d3eb-4c78-a1fa-43c70f3c1114","2fee2c9e-a4a1-469e-ae6f-5685d2b63a6d","2026-05-24T14:34:00.393Z",49261,"Betting Wallet Top-up","Cards"
"5f5de9a7-e4a8-4925-95c3-3159e5b79c64","201a66ce-e25b-4b62-a59c-ca9b3717c641","2026-05-25T01:00:20.446Z",133372,"P2P Transfer","Bank Transfer"
"92b8bfde-99bf-4c4c-a32a-d2e98d62d71b","3653122d-5399-4597-acea-cb7913358376","2026-05-25T09:03:25.370Z",104629,"Betting Wallet Top-up","Cards"
"38aa8454-55ef-4b24-bb67-399bb46311a1","32095581-0072-4b10-ad14-caaaff69c183","2026-05-25T04:44:45.311Z",18559,"P2P Transfer","Bank Transfer"
"36bd1d8f-8812-4e09-81dc-8c0436f4798a","1c9dfff6-45ee-4013-8e86-6c107d5942c6","2026-05-25T04:32:14.260Z",47235,"Betting Wallet Top-up","Cards"
"b25820f0-a33f-4425-9523-f8587c0831fa","64ac82ce-81da-47e5-9cb5-c3f1b7a0f216","2026-05-25T10:57:01.411Z",86209,"P2P Transfer","Cards"
"5cf3123e-ee69-4dfe-8b9d-e5a8a08fc733","090abf03-315d-49d5-8adc-bf7a94e1fd35","2026-05-24T17:49:11.918Z",67127,"P2P Transfer","Bank Transfer"
"8e38703d-2578-451f-b42f-fc07947b4ce9","a93abb37-492d-40d9-b419-85a9fc9857ce","2026-05-24T22:51:36.021Z",134332,"Utility Bill","Cards"
"df6a4fbe-3597-4ba1-be51-9c175ff69e71","1f08e10f-17d6-4268-9cb7-a7a82cd756b2","2026-05-24T23:56:38.468Z",47616,"P2P Transfer","USSD"
"5c8b8d4b-a2c6-41de-9761-d2038c8620e7","1b5d7a4b-f57e-41f5-9221-e2ce29ed226d","2026-05-24T23:03:21.616Z",105551,"P2P Transfer","USSD"
"1434f347-180b-42ec-860a-6a92ca8fde2f","e012650f-60fc-4506-baa9-9b4895cef2b9","2026-05-24T19:01:17.378Z",137755,"Betting Wallet Top-up","Cards"
"9af2e2cf-2ef6-43c8-a277-0ae6b1fbca05","ac78dbe8-5d56-44cc-922e-cb81a46b2225","2026-05-25T02:37:45.758Z",21978,"P2P Transfer","USSD"
"f063e1eb-0926-4d4d-9208-36899ad514ee","d341a8ec-4ca0-4e82-b20c-91a758e4089c","2026-05-25T10:58:39.790Z",82379,"Utility Bill","Bank Transfer"
"e9a3884d-a5d8-4e76-bdf6-f4736ff7d093","740c83f2-a315-44bc-bc5f-867583768dd5","2026-05-24T16:57:11.907Z",123511,"P2P Transfer","Bank Transfer"
"f144ef55-b1b6-491f-b3ed-de5bb8adfcae","c78da444-8983-415c-afd8-41bdd929717c","2026-05-24T23:35:39.483Z",27358,"Utility Bill","USSD"
"9452fe8d-15f9-4639-86e9-89d47aace4ff","7b884d5c-cc0e-4910-9453-78df66047cc8","2026-05-24T13:48:09.019Z",16116,"Airtime","Bank Transfer"
"cc6f6e92-c917-467e-8346-732ca7fff83b","ee617ae1-d579-4c51-9adc-b117666c840e","2026-05-24T19:46:12.812Z",21481,"Airtime","USSD"
"09253197-2385-4722-9fe8-15209c4c4fee","64f650cc-7f8a-4d58-a04c-bc79eb5ba507","2026-05-24T21:22:42.733Z",94445,"P2P Transfer","USSD"
"1d0aa336-aefd-4095-944a-f5b9207d12b6","f19911c5-90ff-4181-bde7-f8a095b97cf5","2026-05-24T13:44:09.921Z",90678,"Utility Bill","Bank Transfer"
"89cd5ce9-b08a-4911-91c1-037ea1f8710c","b90a88d9-7d21-47ca-ae32-3494ca5c7d73","2026-05-24T19:59:04.178Z",40563,"P2P Transfer","USSD"
"a7205310-504a-4975-afbe-50650f80ea64","005b641c-c5ec-4b65-a261-9d5d780339eb","2026-05-25T03:30:09.076Z",15163,"Utility Bill","USSD"
"00ade27f-a4c2-42bd-bfdd-7b90150882a5","b1edb684-b1c1-4123-9077-1052ce2ac0ee","2026-05-24T17:28:41.107Z",48631,"P2P Transfer","Cards"
"212de99e-df3a-4e17-9b10-9bde0c8f7365","35ea4561-22d9-48aa-93d4-2566fbaa0c90","2026-05-24T21:01:19.045Z",45188,"Airtime","USSD"
"d84e6bf5-0bfd-4ff4-87e5-9522e4214a0a","fdc4606a-3063-4eae-ba42-977c186841c0","2026-05-24T17:14:36.131Z",34966,"P2P Transfer","USSD"
"71009cec-ebd1-4a64-9d85-621a81becebe","96000f9d-04d3-41b5-b371-ad9ae3594b5b","2026-05-24T21:01:25.807Z",56274,"P2P Transfer","Bank Transfer"
"c3166417-49cc-4ed5-a19b-ce0b8a814404","03af3981-5fcf-4bc7-8f82-efbabdcc093d","2026-05-24T22:40:45.013Z",119861,"Airtime","USSD"
"5ff059ae-a25e-41cb-adac-d639be708311","1867ed51-879b-4a03-916e-94dac294ae14","2026-05-24T14:32:53.712Z",31781,"Utility Bill","Bank Transfer"
"b95dae70-f381-4ec8-81a3-cc602ae942bc","11944d75-351a-426a-b7ab-0ce7a53e49c7","2026-05-25T00:02:36.906Z",138503,"P2P Transfer","USSD"
"2a6fb9fb-1d60-4841-aee8-d460a78b4dd9","c5671dfa-58e4-4539-a0e0-937a4d6a4676","2026-05-24T17:15:13.547Z",42129,"Betting Wallet Top-up","USSD"
"ad661ee4-1ce8-4dd7-a8f7-dd73098e2bef","8827a5fd-2979-4ef5-80d7-13e62e44261c","2026-05-24T23:48:14.669Z",131601,"P2P Transfer","Bank Transfer"
"c11b1ddc-f18e-4c52-ae90-8136d865bfa4","5d939b79-5043-4148-86ce-5921c4d7b7bc","2026-05-24T13:53:02.666Z",60189,"Airtime","USSD"
"80ed227a-1eb0-4940-b7e5-9d0522a97897","5399d808-e7da-4255-8f8a-74218573f342","2026-05-24T18:30:08.298Z",76337,"Airtime","Bank Transfer"
"304b64d4-cd2c-4cef-a023-46cb5176af25","5fae57be-5390-4f9b-97ff-d95208278306","2026-05-24T15:10:59.574Z",136836,"P2P Transfer","USSD"
"467be37a-bb79-40d9-8d99-1026b5455678","3830341f-f748-46d7-8fa9-2d629f1c4a7e","2026-05-24T15:27:34.703Z",60072,"Utility Bill","Cards"
"a5802cb5-6e32-40d8-8399-35ac326a77c8","9dc87d46-c253-4e8c-9b8c-729d4b531c8a","2026-05-24T16:42:50.080Z",29779,"Utility Bill","USSD"
"776f9e6a-c4ac-4446-add6-69948fead852","f7696c23-3d96-4bf0-b1f6-f4d1cf73f637","2026-05-25T04:52:47.046Z",101456,"Utility Bill","Cards"
"db303c64-5b86-4168-b292-aba74610f82e","5db969dd-2f48-4506-b2ad-75b446769371","2026-05-25T08:35:22.751Z",98435,"P2P Transfer","Cards"
"70adc32a-50ac-4244-b229-3f986df53fc2","0e7dfab2-ecd8-4a72-a63f-ef6603c14742","2026-05-25T07:29:47.976Z",84912,"Betting Wallet Top-up","Bank Transfer"
"0d026762-005b-44d4-b8ca-f33aebe99acd","53796556-4411-4955-8c49-b5c72fee83ec","2026-05-25T05:56:13.903Z",4625,"Airtime","USSD"
"4033bae7-a223-4889-8b16-60b3fbd653b6","98eeb58a-72af-4537-afe6-f8daf1d42f1a","2026-05-25T03:12:49.664Z",31359,"Betting Wallet Top-up","Cards"
"4961853f-6e7d-4696-9915-d5bc54651927","75cda239-514c-47f8-9e5a-36eca78e12ef","2026-05-25T10:30:04.801Z",66216,"Utility Bill","USSD"
"e9d7ed8e-1d56-45e6-a656-6181b015101a","858978e3-45c8-44c6-8e2e-60c2e275a921","2026-05-24T14:27:50.553Z",9479,"Utility Bill","USSD"
"361169f6-22a9-4b8f-9ee8-b4507a188487","a57fdca9-07f6-4975-b30e-642926f70307","2026-05-24T19:12:01.201Z",84675,"Utility Bill","Bank Transfer"
"c181dc75-fe99-4f01-9b56-79f1bcebf59f","cfc7d55f-37e3-4a7a-b712-5bd5a453356d","2026-05-24T14:52:35.592Z",94911,"Airtime","Cards"
"5e86d02c-0692-4eea-9d6e-8b7ed1a0b762","1cd98cae-a119-4428-92d9-9dc2bc5b0e50","2026-05-25T06:11:28.342Z",8458,"P2P Transfer","USSD"
"3c85f7f3-e9b7-43b7-ac54-5598a33a0aa5","51e36c0a-62f8-498a-ba66-49b39ee585f3","2026-05-24T23:12:40.964Z",100615,"Airtime","Bank Transfer"
"e2d464f2-3cfb-46b5-bd3a-5ae01e02b55b","b525eda4-c655-47d1-9c7a-0090c8a913d4","2026-05-24T23:26:51.576Z",146174,"Betting Wallet Top-up","Bank Transfer"
"db5afa5a-a898-4f1a-a809-d975905781c2","50f80b33-dde8-4064-8240-680aa3ad08bf","2026-05-25T11:12:14.115Z",11079,"P2P Transfer","USSD"
"725d8fd7-be11-4774-b37a-58e1a6c7ff36","bf352929-4837-4f18-9ce1-cf741a4241d4","2026-05-25T11:51:23.729Z",128921,"Utility Bill","Bank Transfer"
"b1eb1707-0603-4b18-8c06-efe31dc06a71","175aeff8-1557-4246-94bb-c5decd938592","2026-05-24T17:15:33.224Z",1444,"Airtime","Bank Transfer"
"8935f56e-4a99-40fb-989d-76e64f9b24c8","30cb912a-ea42-4562-8d10-2cf5cd03805f","2026-05-24T19:15:01.613Z",29991,"Betting Wallet Top-up","Bank Transfer"
"cd87bb4f-429c-4667-bc32-ea183439d850","fd5c8820-6126-417f-8853-f8881d24541e","2026-05-24T14:30:27.552Z",68502,"P2P Transfer","USSD"
"88ff3388-804f-4d48-a321-f5d08c0c58dc","ac000b63-ea4d-4919-b55e-6aa2d60f5bec","2026-05-24T20:41:31.119Z",141663,"Betting Wallet Top-up","Bank Transfer"
"b852d878-8896-40cc-a6b9-a8da7fbdd86a","90c170d0-3119-47f2-804b-9663e9746e9d","2026-05-24T21:45:11.800Z",51486,"Utility Bill","Cards"
"0c378701-b0ee-44a6-990e-2b07ca113872","6e0b9791-83ba-4550-ac83-ea6f53c76a1d","2026-05-24T19:58:06.152Z",9365,"P2P Transfer","USSD"
"17b9206a-d84d-478c-8cf5-cab70e460aee","3557eedd-93f9-48aa-9681-1cb33d173788","2026-05-24T17:39:18.208Z",102659,"Utility Bill","USSD"
"a993399c-1fb6-4545-8be6-bab41291a612","c4b97b2d-b010-4209-83a9-098ad99573da","2026-05-25T09:27:06.740Z",70639,"Utility Bill","Bank Transfer"
"b65edf41-3a4c-4910-98e1-f8be45568759","734fde3a-4a83-414c-8816-30e92b4f8c27","2026-05-25T12:16:34.165Z",123853,"P2P Transfer","Bank Transfer"
"122ceefb-42e7-4e44-9e24-44bf860aa081","7d21aa30-1c76-416b-90a0-621dc5fa4d9b","2026-05-24T23:50:09.278Z",15868,"Airtime","Cards"
"86ba54e3-a6f5-4214-88f2-a77402db747c","4a16adc4-36b5-43d5-9013-4c33a4e44f50","2026-05-24T22:07:40.783Z",148173,"Utility Bill","Cards"
"7303e435-5b4d-4cdc-ac77-6f139f81eb44","a6b54651-c41d-43e1-8292-6eecd21011c2","2026-05-25T11:43:16.051Z",120767,"P2P Transfer","USSD"
"5f689dee-1f13-41e0-aa9d-7d06bd784e56","d4837dc1-74bc-431e-a321-a26daf8f8297","2026-05-25T11:59:43.114Z",4909,"Airtime","Bank Transfer"
"4cc510fd-b48c-46a1-ba72-b65a5d869c89","377e4dd7-30b8-4058-8293-4e6321ad1774","2026-05-25T04:37:26.963Z",97541,"Betting Wallet Top-up","USSD"
"7a17f875-dfbb-448b-905e-9420a98dfbac","5d2b5847-4bee-4c3f-8f2d-79c7012d5200","2026-05-24T13:28:41.175Z",85020,"Betting Wallet Top-up","Bank Transfer"
"76e0ab9f-dbad-4194-a5ae-962eb02de669","a00cde3c-d90e-411b-9159-752998c2b4ba","2026-05-24T21:30:01.708Z",121208,"Airtime","USSD"
"3cbcf56a-f7c0-4347-807d-9485b9706cd7","09480330-276b-4d0a-905a-9e9b4d14cebc","2026-05-24T14:57:17.260Z",545,"P2P Transfer","Cards"
"30086dc7-ddc6-45d5-869f-b85211d752f6","d562c273-56de-48cc-b390-b3b712bfcdf9","2026-05-25T03:14:17.240Z",67242,"Utility Bill","Bank Transfer"
"7b6f2606-f4c8-4d9a-a1a8-d81194034a4e","7f1e8250-5968-46e1-983c-4447974104ca","2026-05-24T20:57:58.633Z",65741,"Airtime","Cards"
"96f9aa66-d950-4172-864f-dc13e6a18d09","f128e7cb-a58e-4bff-aaaf-7578c46fc3d8","2026-05-24T14:22:06.918Z",65134,"P2P Transfer","Cards"
"822f165a-2053-4d24-9167-ae4f9e9c1fc0","aaab4005-fc22-49e6-b111-eb7211a7f537","2026-05-25T09:41:58.004Z",88353,"Airtime","USSD"
"9594419a-62c7-402b-8357-8d74fd01571f","7ca315bc-dca1-4958-bce5-be287efcb5b2","2026-05-24T16:14:23.158Z",145146,"Airtime","USSD"
"e501550d-3c06-4dd5-998a-8a599dbd79b8","6bf8e3e1-10f3-4a78-abe9-736aa4a23fbe","2026-05-25T07:18:42.907Z",68182,"P2P Transfer","Cards"
"f3ad38bf-48ae-4130-9e95-35c9ac824a8d","ab0a67fc-2dd9-47dc-b3fd-6322750d5e63","2026-05-24T19:32:25.915Z",106600,"P2P Transfer","Cards"
"760663d5-2897-4ad1-8f9d-0366177ad676","c6cdc918-6627-44de-81fb-78c49a97ea85","2026-05-25T09:18:06.877Z",15179,"Utility Bill","Bank Transfer"
"20d6ad58-abd7-4bd7-86d8-574418ffa32e","507649e0-ea4d-485f-8e6d-8925f162b1ec","2026-05-25T00:30:25.618Z",144309,"Utility Bill","Bank Transfer"
"67c680ba-02fa-4c1e-8fa0-7fb7d8ef78e9","eec8141f-a3da-4c0b-8f42-30d4e38973bc","2026-05-24T19:30:39.237Z",23370,"P2P Transfer","Cards"
"267175bd-91c0-4a47-8074-23de242d7af6","2c3cd293-0383-4d12-9f19-38c48bdfcf9e","2026-05-25T08:14:50.248Z",98115,"Airtime","Cards"
"5b2a2548-42f3-4fae-946d-9f1d9e5e8f3e","20cc6ed2-631b-4186-be99-d2e57aebfd31","2026-05-24T14:55:32.357Z",101558,"Utility Bill","Bank Transfer"
"67a3f980-a9f6-45ef-8232-ab1a28043a78","48aed9ea-a749-4f0e-bc42-2aad92b7cc29","2026-05-25T10:46:53.360Z",15827,"Utility Bill","Bank Transfer"
"361e07ff-bb2a-4204-a314-c60ac93e25a2","5fa10989-573f-4a32-98de-e1a1711bb281","2026-05-24T18:12:01.474Z",75721,"P2P Transfer","Bank Transfer"
"931bf821-a2ab-4037-b871-06be236559b4","ef0b98e3-eb23-43d8-b64a-2fc5e89a4c37","2026-05-25T07:11:48.509Z",75450,"Utility Bill","Bank Transfer"
"aa5f95ae-abe8-41ff-81e7-57d91e13aafb","1c860f32-e033-4607-b40d-5102ebdebc1f","2026-05-25T11:52:26.783Z",101148,"Utility Bill","Cards"
"2d5ca3ad-cc7a-4cfa-ba8a-49c15cd7ab36","001e94af-0a75-4a69-916d-5e6d725ab0f4","2026-05-25T00:43:43.259Z",119985,"Utility Bill","Bank Transfer"
"d389afa3-6e37-4cc0-8119-a242191907e6","2d8874bb-8922-4d7c-ba4c-e7bdba35224f","2026-05-25T02:03:45.139Z",138828,"Airtime","Bank Transfer"
"2d4c1df1-4f6b-4941-88c7-5eef6df8f9f1","b427da3f-fadb-40c8-9e85-a53b2e66f717","2026-05-24T13:09:08.227Z",22139,"Betting Wallet Top-up","Bank Transfer"
"577064e4-5b35-4260-8c25-cc9fb9709e56","f29081dd-3ef9-4c27-9d81-b1d55f3dd9c7","2026-05-24T21:22:05.913Z",79693,"P2P Transfer","Cards"
"ed1c1141-88af-4241-a8c0-62e2899a4cc5","60e8ddae-c307-420f-9e8d-1bd76953cbcb","2026-05-25T10:12:08.324Z",70214,"Betting Wallet Top-up","USSD"
"8a2ec3bb-d68e-4c65-bf6e-860ea9ea8b4a","79ab6620-ca9f-4120-851c-3e383edcbbc0","2026-05-25T00:36:22.780Z",19565,"Airtime","Cards"
"fbfa69fd-8342-4ce5-9cb2-7ba1c8819557","693f17c6-65a9-4411-8366-7ec8f2af5648","2026-05-24T16:32:10.716Z",61241,"Betting Wallet Top-up","Bank Transfer"
"beca4ce3-8e62-429f-addd-675bb3b89122","3b0d1fb5-dc7c-410f-a4ec-7fd6b9fb35c3","2026-05-25T02:52:20.836Z",15915,"Airtime","Cards"
"f88261d6-f5bb-471d-afce-8735331f7f6e","94872c34-902e-4a63-9c2c-87ad8d1ac06f","2026-05-25T06:27:13.859Z",26313,"P2P Transfer","Bank Transfer"
"f5571c6b-7a31-4cbd-a32c-65fdff54fd1b","ae3ad6be-ed4a-4966-8b9c-37d327bfd22c","2026-05-24T14:46:02.817Z",28049,"Betting Wallet Top-up","Bank Transfer"
"f9931771-5a64-4cf4-9da4-4891217963e4","accd5d5c-7b2a-4a2b-b98e-718a16b2e90e","2026-05-24T22:38:18.386Z",144760,"Airtime","USSD"
"00fe8e8a-b3b9-44f9-b8a3-b0faafa31375","95737a2d-6144-4087-a82a-a2ebdd3f82fd","2026-05-25T02:08:00.100Z",92300,"Betting Wallet Top-up","Cards"
"31383ca9-85f8-4ae4-af2c-6e7093cdcbdb","5eee4e8a-4b3b-4332-b85e-d0357984abe4","2026-05-25T10:39:01.343Z",79864,"Utility Bill","Bank Transfer"
"4d53ef2f-bca9-4709-84e4-f4f3529e750d","3ae878b4-7803-4f02-84c8-825c99200b85","2026-05-25T12:47:01.573Z",124790,"Betting Wallet Top-up","USSD"
"8412e72b-3a90-4cde-b32d-67960d2dc6ee","14b166c4-72f6-4535-bfc4-0f89b74bd3bc","2026-05-24T16:45:41.390Z",141712,"P2P Transfer","Cards"
"d3f158ab-c977-4fca-bc48-948fc35b9543","7daa7161-0058-4ea1-8adb-8d72d06207a4","2026-05-25T03:28:33.454Z",47457,"P2P Transfer","USSD"
"b93c87db-af04-49da-91d4-f8f4ab81e940","ee4f3d56-485b-4862-b8ac-adb39a05d8f0","2026-05-25T02:22:39.315Z",111354,"P2P Transfer","USSD"
"401aa76c-8cab-481c-aa8a-113b66ee49d6","b4404eef-311b-4f74-906c-1f440fab438f","2026-05-24T21:25:39.408Z",101751,"Utility Bill","USSD"
"a563232d-8789-4a8d-8382-bf90a895eefa","af63af96-f1b1-453d-adc8-bff45f709a87","2026-05-24T15:42:47.501Z",87303,"P2P Transfer","USSD"
"3e855033-5976-4e0e-ab37-d02b4df98b84","6562cb53-f780-4721-a729-4fee04c7e072","2026-05-25T11:05:19.582Z",1916,"Airtime","USSD"
"c8ff9805-a8ce-4952-aa60-b1eebc72da17","9f09706e-653c-4b71-9a38-a830ba6a7d10","2026-05-24T12:52:44.697Z",99633,"Betting Wallet Top-up","Bank Transfer"
"e88d4720-7556-4f53-906c-352dbf6a915c","adce75c5-01d6-49be-b8e5-3c07f84c40ba","2026-05-24T21:51:50.807Z",114130,"Utility Bill","Bank Transfer"
"4aeb866a-1adb-42fe-8e42-9c6ad8792550","723f4300-3470-4d36-ba81-5ffd2d5387bd","2026-05-24T16:57:59.536Z",75937,"Utility Bill","Bank Transfer"
"c1e77502-9122-48ef-ae12-9e8fbd80684c","01c78203-84cb-4196-ad5a-62712839d4c9","2026-05-24T15:51:36.791Z",21693,"Utility Bill","Cards"
"d9a148d0-0b9b-48a5-86d9-308466e516b1","538939c0-9c1b-4a8c-9f10-64a472f2055e","2026-05-24T20:50:48.379Z",111109,"Betting Wallet Top-up","Bank Transfer"
"f149de85-8088-42ee-bb58-2241bf18e54f","60700951-0f83-42f7-a893-6b84a736e703","2026-05-25T08:12:59.969Z",31591,"Betting Wallet Top-up","USSD"
"6f416e97-bedb-46e9-b903-c908ed8ef44b","087026be-e134-4f51-b8a0-cdb16ed9e107","2026-05-24T19:16:54.795Z",127517,"Airtime","USSD"
"03ec66e5-4fed-4370-896c-8c909f3033a7","76dbed36-b2ee-4b4d-90d1-9f2b23d9ae6f","2026-05-25T03:50:54.892Z",82944,"Betting Wallet Top-up","Bank Transfer"
"452f1bd9-9f86-4f2a-a96f-aeefb3157596","542ba0a4-ddd4-421d-b73d-e763afeb4cc4","2026-05-24T13:35:02.396Z",97063,"P2P Transfer","Cards"
"824b7c34-c753-4753-8195-4c546c1df545","96382196-532d-4c9c-b47d-cdd4b0b10ffb","2026-05-24T16:28:19.922Z",98186,"Utility Bill","Bank Transfer"
"4d060182-be2d-4ebc-a161-0a50e5439534","572f3af6-8d3c-4200-bd7f-33e4f1847f07","2026-05-25T12:30:58.381Z",56247,"Betting Wallet Top-up","USSD"
"bb844ba0-8226-4f58-ade6-8264ce154a80","af6b7d91-d4a4-4644-b898-d6ae053a4010","2026-05-24T22:46:06.094Z",128576,"Betting Wallet Top-up","Cards"
"82bd8bda-2ebb-48f7-bd82-b005d8c9b9d0","0db4bd91-49ac-46b9-be12-7acb5644b384","2026-05-25T11:12:59.426Z",64102,"Utility Bill","Cards"
"d6073312-f3d7-409b-8cfb-37e9adb37761","19461262-01b0-4de6-b2a3-4a814a8c2242","2026-05-25T08:48:51.696Z",82313,"Betting Wallet Top-up","Cards"
"af989483-2177-4012-af58-323742565467","73196199-1642-4f95-8860-61eeb4daa323","2026-05-24T21:24:21.355Z",3785,"Utility Bill","Bank Transfer"
"ae011b17-2bb1-46c8-9ea3-f5df2ddf899f","f51f22c8-efe3-4985-a650-94f6ac2ff13b","2026-05-24T20:03:32.955Z",48259,"Airtime","USSD"
"b1813304-fdc9-4dc3-b60d-15982f12774a","49addbd8-1adb-4bfa-8a38-70830a71cf6f","2026-05-24T21:30:09.794Z",136437,"Betting Wallet Top-up","Cards"
"f86c374d-f0af-46f9-8b4e-46a12f26794e","9699255b-ae9b-4fbe-a6d4-1832e1813dbc","2026-05-25T05:16:34.148Z",108511,"Airtime","Cards"
"0cca4d62-838d-4724-a28a-13442eeb17d7","5e65069d-fb7b-457d-97ac-3fb4a7537ce1","2026-05-24T15:31:29.239Z",110776,"Utility Bill","Bank Transfer"
"5b0e4d7c-8d0a-41b8-b940-76b14eecfbea","4ed739df-30df-42a8-8883-41879cb0a142","2026-05-25T12:40:23.753Z",149796,"Airtime","USSD"
"ee13e86a-5a33-438f-b958-1873f6d83c5c","26017964-c18f-4588-86a1-719a5728bbe3","2026-05-25T02:42:37.406Z",105596,"P2P Transfer","Bank Transfer"
"faab6679-ada4-45f9-a338-15742d8ac7a0","cbd19cc8-77d6-4db3-9e45-e6bc15497926","2026-05-25T12:44:20.477Z",22460,"Betting Wallet Top-up","USSD"
"2b76ba69-1aa8-4e46-bbb6-e29f24017cfe","6bc4b302-a8eb-4b9e-a586-76d9ced70393","2026-05-25T09:30:41.404Z",145731,"Betting Wallet Top-up","USSD"
"e17c6d89-4da3-4367-91e2-04517b7050d2","5f97818e-2c27-4339-9959-a94060afa247","2026-05-25T12:43:27.556Z",66599,"P2P Transfer","USSD"
"a7a0abb2-5af4-4851-9eda-5716ffc2d136","3b98396f-0341-4ca6-b54a-e56485dc68d7","2026-05-24T15:18:07.735Z",140303,"P2P Transfer","Cards"
"bb3b114b-894f-4f21-bae6-4e8b0a0bfeea","1190a30f-724c-4105-9edf-0f7e26b9b05e","2026-05-25T06:57:24.968Z",108145,"Betting Wallet Top-up","Bank Transfer"
"579ad97b-5cef-4d1f-9b42-77efd91f8fe2","85dce9b3-c37e-480d-9c4e-123c365eebba","2026-05-25T11:58:29.432Z",103474,"P2P Transfer","Bank Transfer"
"fa3d83e9-70c3-4474-8640-966cc24ffdf4","32fd68fb-2ff2-4b2e-9fd3-38574b03173b","2026-05-25T02:58:49.696Z",137744,"P2P Transfer","Bank Transfer"
"fa827f50-f28a-4dac-bcca-e239f8559a7d","dad5fc6e-bcee-44f5-9f0a-9ecba715b66a","2026-05-24T18:06:30.338Z",117679,"P2P Transfer","USSD"
"4627f3b7-0a70-42e6-af73-411dee0ae79d","5503d2c7-642f-49b8-9ca9-4523f9e95554","2026-05-25T11:45:59.829Z",53172,"Utility Bill","Cards"
"d59ffd30-b953-42e6-93b7-7a973e02b1f2","16a9b298-5c1b-4f5a-a444-58f987ec80f5","2026-05-25T09:26:04.636Z",118666,"Betting Wallet Top-up","Bank Transfer"
"798b5f5d-2cc0-48f3-bcf4-e5021820430e","67fc247e-5314-4c32-bc95-b43c6c16dee9","2026-05-24T23:06:16.851Z",76568,"Utility Bill","USSD"
"5917a0c6-79f5-48ab-a850-393686614305","c607a5d7-578a-4995-8c96-fb268287d0fc","2026-05-24T14:48:19.990Z",125766,"Betting Wallet Top-up","USSD"
"75f4f850-a170-4f35-8a24-b6a025114fbf","ab29c36b-7330-4b4f-84bb-b1cadc7c5cfe","2026-05-25T02:56:56.577Z",76492,"P2P Transfer","Cards"
"95f7bc20-e2b2-4623-ac3b-3068581212ac","64a6ed9c-d0dc-4249-ad3c-8eab4fbaf2ef","2026-05-25T04:07:54.256Z",97345,"Betting Wallet Top-up","USSD"
"cf0649e9-add5-48c8-ae67-1541dc475e4f","08632667-b098-4c96-aa29-7cf230059d89","2026-05-25T04:32:53.018Z",128666,"Airtime","Bank Transfer"
"dc8269e1-b082-4e17-99fe-e0a1febe011c","bfc0543f-9e63-47e8-bb0e-71a6bcb16f80","2026-05-25T09:00:15.307Z",108356,"P2P Transfer","Cards"
"23680c72-0c37-42ca-9994-dd81bccd4766","601cbbb1-710c-4230-8e2a-4d077cf6f7fe","2026-05-25T06:47:10.625Z",38707,"Utility Bill","Bank Transfer"
"e9d8190b-b8b2-42ae-a520-02af97943d30","8adbddf0-df66-4af0-b862-3ce828b3e4c9","2026-05-25T05:19:07.406Z",41770,"Airtime","Bank Transfer"
"93144a90-112d-4683-a286-53e0110c534e","09591792-42b8-46ae-be21-7157a94fc409","2026-05-25T11:56:11.839Z",76151,"P2P Transfer","Cards"
"6bc801d7-f9eb-4213-bc2b-b65ece3722dc","36d77113-4cad-41ac-82b3-866e913726ec","2026-05-25T00:14:05.022Z",40261,"Airtime","USSD"
"4fca17f8-f619-48ea-bd2d-d1892fc79be2","8180b8a5-69e0-41b0-b739-a2058c35e2d1","2026-05-25T03:13:53.438Z",104523,"Betting Wallet Top-up","Cards"
"5c95a964-ec07-4430-a817-f2fcca407342","e24be798-11f5-452b-8c75-ead8c30fcb93","2026-05-24T17:15:58.581Z",101408,"Betting Wallet Top-up","Bank Transfer"
"da11cba5-cd73-41cb-9bb0-b64c96c83594","c2524613-b618-443d-aeae-6ff66ccb15b1","2026-05-25T03:34:39.867Z",29540,"Utility Bill","Bank Transfer"
"90fbdff5-fc74-4641-aeff-e5eb6fad0a3d","1c4ff81b-a818-43af-912d-a4942424261f","2026-05-24T14:17:01.144Z",13454,"Betting Wallet Top-up","Cards"
"67a11c25-fc9b-4dc6-b5a7-160f3b62882f","ed68a2d6-cd10-4183-826b-4bb4c226c894","2026-05-24T14:49:11.208Z",15041,"Airtime","Cards"
"8427a7a0-ca81-45c3-8b15-4d040ef70ca8","bc0b1c45-6d59-4e60-bbf0-6d55987f4e84","2026-05-25T08:46:37.914Z",5043,"Utility Bill","USSD"
"56d15cbb-e24a-42a0-b611-fd48943c9a54","b94eeba3-d60a-4717-812b-3e5a5b6785bb","2026-05-24T20:36:06.877Z",22946,"Utility Bill","Bank Transfer"
"b6ed6df7-f5d3-404e-985b-dee70bf114a4","7e0be674-88d2-47fb-83c1-70d6e2944d57","2026-05-24T21:37:56.385Z",119441,"Airtime","Bank Transfer"
"6cd13a71-94dd-4b8b-8468-3d134c93eb80","58448d01-9449-4823-a4e9-837823fdd2ad","2026-05-25T08:44:27.670Z",4755,"Airtime","Cards"
"9024ce86-89f1-40cf-8b71-6948492399a3","8f7a845a-7db9-4e83-8a96-6750d8799de2","2026-05-24T19:00:15.773Z",24776,"Airtime","Bank Transfer"
"60b7d496-f43f-4218-8c55-04f60f25501a","494cf5a4-0584-4efd-a56d-7c5f536e141c","2026-05-25T08:56:56.115Z",85386,"Betting Wallet Top-up","Bank Transfer"
"cca0d0e4-842e-4228-afb6-f7b68aada91f","92231ca7-18a3-4515-b89a-8c4555bf11d3","2026-05-25T09:07:52.043Z",67227,"Utility Bill","Cards"
"87f2fc62-7d6f-481a-af6e-7e1f5463649e","24687076-0f99-4d4e-aab5-34c05b45d849","2026-05-25T07:39:17.282Z",38486,"Betting Wallet Top-up","Cards"
"b6345d79-e651-47d1-a166-5866551c5d3b","3e305eed-a00f-40d7-a3c5-f7aad2d8a569","2026-05-24T22:07:11.678Z",89112,"Utility Bill","Cards"
"a794dd74-d874-4247-bfa3-71882f6c23bc","8cb9e921-1875-48bf-9f84-d037669361d3","2026-05-24T14:17:20.177Z",102612,"Betting Wallet Top-up","Cards"
"3a65fbb5-d9dd-42d7-8242-a60111fbb506","95888b3d-13ac-47c6-aa0a-0a272ae3dde2","2026-05-25T06:04:12.564Z",133984,"Airtime","Bank Transfer"
"bb4b186f-8458-4e09-867d-bbd4f62e4072","520bdbf8-d9aa-44d0-b443-e93f6841d901","2026-05-25T02:14:02.059Z",11074,"Airtime","USSD"
"658479d3-55c2-43d5-9566-3ab074a1f3da","cbd34230-da28-46de-9cdc-57a84768efaf","2026-05-25T11:49:32.004Z",128226,"Betting Wallet Top-up","Bank Transfer"
"d7749d52-e782-4837-9b5b-e397439df627","014e3d5f-6d2a-4ea1-a72e-955ca0791f11","2026-05-25T07:02:10.121Z",135458,"Airtime","Bank Transfer"
"d711439e-4d51-4ca1-bc73-a4be491859ed","aa67ef45-b520-4133-8fd1-0ff1d1d66335","2026-05-25T11:27:47.328Z",45952,"Utility Bill","USSD"
"284826ef-3ae0-4672-8f92-b75ee9fb60b5","670761e9-7b0a-4656-9390-968c8e69caab","2026-05-24T15:41:18.894Z",83579,"P2P Transfer","Bank Transfer"
"17123cfe-efa7-43e8-884a-e1faad9e1849","eec29c17-1fb8-494b-aa94-a15a4d460a78","2026-05-25T09:59:34.248Z",60121,"Betting Wallet Top-up","Cards"
"faf5a537-d5d0-473e-b9a1-22a6165758c1","337d8a5c-90af-47af-b2eb-54386478d08c","2026-05-24T16:57:44.921Z",101339,"Utility Bill","Cards"
"6f456a8b-1dbf-458e-8ee5-34d267a10ccc","20427bb1-da63-4000-bd9a-ad4727c80d91","2026-05-25T10:58:07.821Z",32904,"Airtime","Bank Transfer"
"c7e2b1d3-277a-4dae-9851-ce8629cd5fa6","08fc5765-e304-42ce-a4d2-da4ac1defb72","2026-05-25T09:16:51.872Z",68663,"Airtime","Bank Transfer"
"3f2381d1-8a23-4acf-a4fe-5747bc3aa254","3f436fc4-053b-4611-bf6d-61bab7a81448","2026-05-24T16:51:08.131Z",5567,"Betting Wallet Top-up","Cards"
"8efc60e1-99ec-452c-9adb-5ca325f88c73","6d3b8497-51e2-471a-bb0c-00a4e250a7ee","2026-05-24T13:14:19.932Z",104560,"Airtime","USSD"
"9f46077e-15a5-4873-abf8-ee34cdf70974","e2326595-a22d-489c-8a36-f667d7f355c6","2026-05-24T17:59:58.090Z",23147,"Betting Wallet Top-up","USSD"
"0626e846-88b2-445a-b47a-18bc63f217f4","252b54bd-3cd2-4fb0-9549-28e3493924b3","2026-05-25T01:23:21.013Z",140579,"Betting Wallet Top-up","USSD"
"9d5392d1-25d1-461c-8c09-1a48d70f559e","b4e63299-115d-4e5c-92ad-57f8dd7a3d37","2026-05-24T22:46:04.170Z",86297,"P2P Transfer","Cards"
"4289cd48-945e-47f7-9b3d-3c2dc841e7fa","49fd6279-cba0-4d97-b052-3ed1ccbd9586","2026-05-25T03:29:35.542Z",96781,"P2P Transfer","Bank Transfer"
"170cd92a-8a21-414b-8191-f2e17d219df5","0e78646b-07ac-4b22-819c-c7d7bc1cb7e3","2026-05-25T05:06:21.423Z",142738,"Betting Wallet Top-up","Cards"
"ff3d4e05-a6f3-41e7-8b53-eb9698e8c796","4dd76cb2-b21a-4444-9105-99f3641c4dbd","2026-05-24T13:01:42.024Z",52094,"Utility Bill","Bank Transfer"
"6e06ccf6-0a14-4293-9adb-7de04be0b7e3","9a77fe36-b0d2-4f6f-8171-055b9937e9f3","2026-05-25T02:31:28.680Z",142828,"Airtime","Cards"
"837e2ce0-dbef-41b8-a54d-5f03ae31078c","ad29cd8d-20d2-429a-b7f9-0268af8fb739","2026-05-24T16:13:20.158Z",36353,"P2P Transfer","Cards"
"c14cf56a-712a-4037-bdf7-99dc1f7a4480","27e5a531-a721-42df-acdc-fae9e8d186a3","2026-05-25T03:06:34.896Z",60402,"Betting Wallet Top-up","USSD"
"99aef731-a8e7-4729-af2d-c020ce9aa224","1e50986e-8058-4b27-ac2b-3feb80ae06e9","2026-05-25T08:34:05.657Z",121130,"P2P Transfer","Bank Transfer"
"3be381f8-2429-4b63-84da-61ee605007a0","24983fe9-a68d-42dc-8093-c8c314b48428","2026-05-25T04:35:30.431Z",14205,"Betting Wallet Top-up","USSD"
"11c2f17c-4fa0-431c-9b9f-cf61a829978e","b1e632ac-1054-4a09-af24-50fe210f9590","2026-05-25T05:10:17.968Z",50666,"Betting Wallet Top-up","Cards"
"91f534b5-0093-42e4-8388-4a0c81d0e969","2af7f293-6f95-4ffb-a0ce-5416211d9627","2026-05-25T12:08:23.921Z",10809,"Airtime","USSD"
"b486ac17-74d6-4d3b-a2d3-0d6ed7c1c1b9","3ee31de9-302d-4d24-8987-ee20feb0c7fe","2026-05-24T13:52:25.513Z",18863,"P2P Transfer","Cards"
"95f9b499-1eb7-40e6-bc8d-4d3aad2d9dd0","c2e479a2-416c-4603-bdb0-26eeaf709b78","2026-05-25T06:26:35.647Z",10778,"Betting Wallet Top-up","Bank Transfer"
"1701ca4b-73a3-4c97-b16d-4084ff188684","c8dbc96f-ed09-42ad-b52a-d6491e6e8381","2026-05-25T04:53:49.348Z",10526,"Betting Wallet Top-up","Bank Transfer"
"8b0f6195-8aa9-432e-92c0-6aa32d2135e6","ba308a1d-5cff-4fad-8dd6-e6f944ba4104","2026-05-24T22:56:48.878Z",16223,"Utility Bill","USSD"
"8d908410-f98e-4b51-9bc9-6508ce9b2399","bd2c2b44-98de-4a73-872c-dc6ff9d5e86a","2026-05-24T14:56:29.307Z",19333,"P2P Transfer","Cards"
"ea84e675-5811-427c-a788-c041aa83d69d","70d3eb04-6c71-4377-b668-239e582de013","2026-05-24T20:33:30.962Z",71987,"P2P Transfer","USSD"
"729ba547-ec45-464d-a9dd-2a0ee544a702","5ad9327d-ac6e-4ab3-8255-063f94833933","2026-05-24T23:43:32.127Z",20964,"Utility Bill","USSD"
"ddef08fc-9f16-496f-9116-bee7dcaba44b","55e6a0ca-a464-4caf-a1cc-214a94f1691d","2026-05-25T01:13:16.082Z",43466,"P2P Transfer","Cards"
"a73d9980-926b-416d-adbb-4b80e9e16b91","ec3f669e-be61-45ae-85df-9777f9f82f59","2026-05-25T10:25:13.309Z",3533,"Airtime","USSD"
"fa5f7984-0b25-4fe8-941b-d8d7c7da1c14","e54d23e5-3776-4ba1-b976-d78eb65d61cf","2026-05-24T22:16:10.563Z",35086,"P2P Transfer","USSD"
"21e414db-e022-4205-b79c-cfadf1c32bbd","908c9ff7-4caf-45d9-bdae-d450fe78c586","2026-05-24T23:11:28.289Z",140901,"P2P Transfer","Bank Transfer"
"daec02cc-abf7-4874-b8ac-473f3da8a6ed","421098c8-79d3-457c-ab57-9b88c6a62b68","2026-05-25T03:50:51.360Z",104541,"Airtime","Bank Transfer"
"2e38699a-c593-4bc6-bf77-88302c1804d8","eca1733a-2b3e-410c-8d0d-874f47d35eb5","2026-05-25T02:11:40.401Z",32229,"P2P Transfer","USSD"
"79fae5b8-c9f1-4029-9042-e58a05626d8f","35ceffcb-19c2-4e2c-907c-209b64732eef","2026-05-24T19:39:57.342Z",103696,"Airtime","Bank Transfer"
"73293963-b050-42b9-abb0-bb76d4024acb","36f44890-5f7a-494f-a959-fe0a818c7d91","2026-05-25T03:13:15.812Z",117591,"Utility Bill","Bank Transfer"
"879b1e4b-e5b3-41e2-935f-08b5eb3ec447","a82aba9d-f171-48a2-aae8-f26d9df61857","2026-05-24T18:12:23.807Z",67718,"Utility Bill","Cards"
"86d3bf02-d6e5-4b83-b14b-dde745a7d600","11204caa-ac7b-48e0-8ad2-426edae62a93","2026-05-25T08:03:09.351Z",58974,"Airtime","USSD"
"b530d945-8e66-4905-a5a3-6bcecc99bdc7","46762ae5-7104-49af-8fc7-fd2411229394","2026-05-24T21:22:20.248Z",57094,"P2P Transfer","Bank Transfer"
"d2b3e6ba-58c6-4706-83d8-8bb0a92bc44d","0d811986-912c-4aa2-a807-797d1f08f07c","2026-05-24T14:07:02.076Z",55722,"Utility Bill","Cards"
"c386a2ef-fc25-4d27-b957-65ad7b3c285d","d47a0afe-3725-4648-a528-06b9e8d65952","2026-05-25T08:09:24.681Z",43733,"P2P Transfer","Cards"
"e2ead525-345d-4e1a-84d2-65a5168fef85","2ef65879-f36e-4519-8fe8-231e8f67be63","2026-05-24T17:03:34.211Z",131427,"Airtime","USSD"
"e364e099-000a-4bb9-ace0-ca9cec2aa1d6","1b222111-bfe4-43b9-8cbc-dba53fe77aef","2026-05-25T01:18:22.251Z",18182,"Utility Bill","Cards"
"249ac52c-5bc7-4e04-b22b-852a5e5765ac","4f577ffb-5f9e-4878-af79-167fae72b7cf","2026-05-24T22:47:20.720Z",12148,"Betting Wallet Top-up","Cards"
"fcfbdb7d-f09c-47e5-9827-7c1ce440e92e","8386a8b1-2513-4e2e-a7a7-0354b6236f5a","2026-05-25T05:10:46.208Z",55065,"Utility Bill","Cards"
"a21b9c16-b82d-4d1b-8134-24bc29da9727","ab6f67b7-5e5e-4676-ab7a-970651ca3b1d","2026-05-25T01:50:54.781Z",1591,"Betting Wallet Top-up","Bank Transfer"
"32369b9e-148c-40fa-afe5-83f98f34a038","cdfd1ac8-0bf3-4d9e-94e6-957fdd6b9fac","2026-05-25T12:43:32.592Z",10285,"Betting Wallet Top-up","Cards"
"ec315a94-65a3-478e-9fbb-f62df1f2c23e","49081806-9d03-4b8b-bebe-10fae5afde82","2026-05-24T20:03:56.025Z",36934,"P2P Transfer","Bank Transfer"
"ed026208-4b7a-40f9-8f19-454cafbdb591","f35337a5-e0d6-4a28-b442-40904657d904","2026-05-24T12:46:55.819Z",115087,"Utility Bill","Cards"
"dc12ddf3-6181-4b75-965d-9b878e3d3c60","2e14aadd-361d-4aa8-a321-959b2e3aa141","2026-05-24T13:57:58.098Z",81386,"Airtime","USSD"
"edc3025e-fcec-400d-9363-7682f33f2288","654787e9-f87f-41d1-b9ec-b92dda38ba29","2026-05-24T15:18:59.224Z",62448,"Airtime","Bank Transfer"
"fa6e76be-5d86-44c0-813c-8fa19f812362","d48c93fe-8d12-4397-add1-7cba7a403994","2026-05-25T07:51:06.473Z",140810,"Betting Wallet Top-up","Bank Transfer"
"c81eda80-9b15-495d-8446-7033b4ea0674","06a893b8-614e-4f0f-9f9d-2e270376bc60","2026-05-24T18:29:30.500Z",143336,"Airtime","Cards"
"309de2a5-16f2-45ea-bf2b-b7a753b20af5","0a0e7e81-de0e-47bd-aa16-7c5fe4b5f3a6","2026-05-25T04:08:15.600Z",52725,"Utility Bill","Cards"
"b2b76185-9b84-4f1b-bf0e-9afc41d3784d","c7342a8b-68e9-454b-a32f-94a7e90747e7","2026-05-25T09:47:00.525Z",117307,"Betting Wallet Top-up","Bank Transfer"
"cce6cdc7-d9f4-4cc3-a0ec-692ca490f464","6a7db920-d0fe-4abd-909f-584a1e6fa09e","2026-05-24T14:50:15.181Z",9043,"Betting Wallet Top-up","Bank Transfer"
"2b7fe64d-7e18-4dc7-abd9-fefa185dc7ce","fb8e13ea-3cb8-4efd-9df1-dc49f5fcb668","2026-05-24T17:12:31.117Z",40978,"Betting Wallet Top-up","USSD"
"96c46789-c163-4294-aa6a-9139907f537d","91bee7e2-7e13-4c32-8e63-708d5f5f85ed","2026-05-24T13:40:55.166Z",91656,"P2P Transfer","Cards"
"0d62b4a5-f18b-4f85-99ec-f4e1d8fd97b4","0acac30a-8ac7-4f1b-a5ed-c3e81d1ef1aa","2026-05-24T22:53:37.008Z",125879,"Betting Wallet Top-up","Cards"
"40c3dc35-8ad2-4477-959f-ba0d83e9349b","64b74bf2-00e8-4ca8-b87a-4c3b1f15dda1","2026-05-24T14:07:44.473Z",141053,"P2P Transfer","Bank Transfer"
"e9a7d55f-c26c-4f2c-b986-8dc561c86edd","0f2cb83a-3061-4f3a-a352-e738a2db8e46","2026-05-24T23:35:43.496Z",108701,"Betting Wallet Top-up","USSD"
"a677eea1-9561-400d-b054-90e538ffd61a","65eb3705-d085-4068-a531-eb55dd04f5ca","2026-05-24T17:26:26.698Z",3868,"Betting Wallet Top-up","Bank Transfer"
"90626f8a-d771-449d-a9e2-ce4e891521ed","922760d9-f497-4721-bb43-c3a31fe1a763","2026-05-24T13:42:03.047Z",89992,"Utility Bill","Bank Transfer"
"8b5aeb1d-469a-4f2f-8eeb-4cd8b9a4e82d","7a5ccea8-132d-4a67-bd82-b8c8e30ea770","2026-05-25T10:39:27.664Z",138991,"P2P Transfer","Bank Transfer"
"60fd3be4-137a-4a5d-9021-7f9639cb91a3","5dd59aad-79d1-4577-809d-e7a2ba11c5ad","2026-05-25T01:46:37.599Z",76237,"Airtime","Cards"
"888ca484-12ca-4f2c-81a5-25a6d485c094","10603659-8909-4cc3-84f6-0e79243fd7c5","2026-05-25T10:30:37.730Z",98893,"P2P Transfer","USSD"
"8a7179a5-841d-4196-9995-d763268578fa","f4ffeb85-3b19-4f4b-83b8-f0ecce516043","2026-05-25T06:24:59.855Z",32866,"P2P Transfer","USSD"
"392e2e24-79f7-4583-a5aa-d308345b9be7","a8c8835a-dfb5-4a78-bf74-decfa32987d9","2026-05-24T23:25:27.082Z",120196,"Betting Wallet Top-up","Cards"
"c0463037-72d4-4731-bf3f-26dbc993f24e","5b24f0ea-1688-4136-b7b8-4489552544a5","2026-05-24T21:31:41.840Z",84248,"Betting Wallet Top-up","USSD"
"c62301b2-9994-4e6c-a54e-d562a73ddc8f","9c05ce0c-a22d-402a-b0c4-d6083158d1b5","2026-05-24T21:42:33.227Z",44853,"Airtime","Bank Transfer"
"487361f4-8eb5-43ab-aa6e-acc5400c819a","7b2540f4-9193-402b-851e-060fba1f207a","2026-05-24T22:40:38.569Z",105219,"Utility Bill","Bank Transfer"
"62ca10c2-d2fa-4550-9053-2df9a2c1ca24","9c1e5174-967a-4779-a42c-ea0b951144aa","2026-05-25T11:33:30.469Z",37524,"Betting Wallet Top-up","USSD"
"d32d3baf-6c11-4483-a04d-80e0cd2cb255","d7179b35-c3b5-4b98-b643-17fe1af49de7","2026-05-24T17:11:47.835Z",84932,"Utility Bill","USSD"
"c9fd7efc-6c77-4fec-8f49-e06d6955c1bd","6769df6c-beac-4668-a842-d28a61b338ab","2026-05-24T23:57:08.828Z",61464,"Utility Bill","Cards"
"29587889-e372-4574-8008-bf40ec398fc8","6044d405-425a-4e5b-84ac-871401f16ccc","2026-05-25T09:29:23.709Z",26808,"P2P Transfer","USSD"
"1fa1c71b-bca1-4bc4-acb9-316fd77588de","ab6e8f47-6f5d-4c5f-87b7-d24ad49d32f0","2026-05-24T20:58:42.201Z",107063,"Betting Wallet Top-up","Bank Transfer"
"0bec1d72-912d-4d94-8e4e-8ef6111e699c","2fe1b3b4-9a03-4f59-a426-65f181b73568","2026-05-25T05:23:01.377Z",19472,"Utility Bill","Bank Transfer"
"2e518acb-dd5f-4af3-8957-d85e41aad03f","9a381476-e34b-4b91-a208-67f64462e71d","2026-05-25T11:07:17.261Z",39458,"Utility Bill","Bank Transfer"
"39d6ab33-bb71-44fe-929b-83430fee7abf","e89af88c-2d5f-4281-8774-3e4224b0b3c0","2026-05-25T12:14:45.139Z",93291,"Airtime","USSD"
"173c3dde-5cbb-4842-b59b-4236da2e8c5c","1e3923a3-547e-4f2f-9050-990e7b0e7caa","2026-05-24T18:36:02.761Z",6076,"Airtime","USSD"
"0d9ccb19-87ef-4818-aa0b-940d3adf5d9c","4afe23c9-ff56-41d5-9e41-085c5b887455","2026-05-24T17:08:54.667Z",144433,"Airtime","Bank Transfer"
"c59cf217-b0e6-4dfe-a8b7-0e77851bb044","a4a0bc2d-05d2-4b26-9f67-2cc5169ec50c","2026-05-24T12:43:25.720Z",70891,"P2P Transfer","USSD"
"c24ef192-310c-4c01-87e6-ad739f8cabeb","21dae581-d69d-4f44-b373-022b5b58ca51","2026-05-25T01:50:24.862Z",146278,"P2P Transfer","Bank Transfer"
"8c1e6ef6-4a60-49f4-a301-d5aeb4f64461","cefb4522-f48e-477e-a305-3f35936eccdb","2026-05-25T09:29:22.892Z",23788,"P2P Transfer","USSD"
"56aded75-a400-494e-abad-dd0e0fec71c9","a51b6f37-8f26-4bd8-b2c4-5607f99b905e","2026-05-25T09:09:17.979Z",121299,"Utility Bill","USSD"
"88d88dc6-0466-421f-88a0-51412547669d","14cf3578-fba7-41e8-a9c3-fdc008cc8968","2026-05-24T21:05:39.316Z",52166,"Betting Wallet Top-up","Cards"
"9d67aa5a-7661-4c0d-a225-8f8e0e5518f8","cb7bcc90-d8e2-4893-b2e8-3f946e31939b","2026-05-25T08:16:52.787Z",81224,"Betting Wallet Top-up","Bank Transfer"
"79b36c2b-631a-408c-a602-e81527c0d032","64b727ab-ac51-4c6d-a0e8-8f79ff314956","2026-05-25T04:25:04.477Z",11988,"P2P Transfer","Bank Transfer"
"e13090d7-a4f9-4d9e-b3ce-924cf20656d4","5a29409f-09fe-44c0-b1c4-8ef52dbbfabe","2026-05-24T14:12:22.103Z",148291,"P2P Transfer","USSD"
"978104d9-4498-4948-af9d-d7ee92453fdb","b38fe679-02fc-469c-bb97-1c7699359645","2026-05-25T02:54:47.633Z",20032,"Betting Wallet Top-up","Cards"
"cd7f5798-2796-4d1f-bd4d-8b3a8e9a7775","44d34fe7-d771-454c-acc5-1d8f3f9fdb29","2026-05-24T23:37:01.110Z",105074,"Betting Wallet Top-up","Cards"
"62190ceb-24b6-4f9c-a0ec-e769eebee651","86c6690c-fe1b-476b-8691-404a9463d314","2026-05-25T08:43:21.886Z",11792,"Airtime","USSD"
"3e15d38e-5d3b-4683-a0fc-13f0f11cd331","0f98cc04-feda-459c-90de-3a8b005f353a","2026-05-25T05:36:03.433Z",48253,"Airtime","USSD"
"7a3e50a9-2d6f-4c73-9d24-dad5e9cab1ce","0a8c0c86-2002-4be9-a0f4-bea596b43bf4","2026-05-24T14:06:23.076Z",1985,"Betting Wallet Top-up","Cards"
"6e0dc7bd-7ae4-4948-8959-a9692592069d","8a927988-d9c4-4189-bd98-15d0816ca025","2026-05-24T15:21:39.736Z",76074,"Airtime","USSD"
"3b248c71-99a6-4ca9-9b11-a1539b2fe590","5437ba0d-4e79-48c8-bddc-14c77e2c4f9c","2026-05-24T18:28:05.510Z",107192,"Betting Wallet Top-up","Cards"
"564d5127-1183-49f1-958e-3170b2addffc","47c1e0a8-b8f7-4063-aa98-944c6bf1a33d","2026-05-25T02:31:09.119Z",103270,"Betting Wallet Top-up","USSD"
"44c42b83-a023-4f72-9383-34f127a171e7","e475bc05-f00a-4f1a-989e-5a237fa80a2d","2026-05-25T02:43:27.670Z",144905,"P2P Transfer","Cards"
"2d9af50f-daa9-4452-8c3c-878d66695f04","adddfe34-fd15-407f-8152-fe535bf4533f","2026-05-25T11:26:33.694Z",49365,"Airtime","Bank Transfer"
"680d1bda-d85d-4c8c-bcd6-0f2c1dcd9142","fd9edbb9-a0ff-486f-95e2-87dcb4e832cf","2026-05-25T07:42:23.652Z",143369,"Betting Wallet Top-up","Cards"
"6aea0929-124d-4522-8fbd-a135bea404a2","99cbec45-1059-4ef0-a4b9-5ca90228649b","2026-05-24T19:16:19.346Z",5994,"P2P Transfer","Bank Transfer"
"674d5aec-e32b-497f-aa69-51ce09d38c56","7ab5ba96-1519-40c4-9e30-fa2011839b3b","2026-05-24T19:07:38.229Z",108644,"Betting Wallet Top-up","Cards"
"2ec63b29-680a-440e-a5b4-a6c4a7887c31","c3a7b7d5-e362-49f5-9e07-6db0bf99d826","2026-05-24T19:59:04.816Z",126808,"P2P Transfer","USSD"
"71705d9b-2824-4293-a093-df12426c5363","e6939cdd-83fa-46ef-b1bc-41bde8112f21","2026-05-25T08:57:12.471Z",131573,"Utility Bill","Cards"
"b123b864-cf68-4610-93d5-0517e4e6fdb8","d864f608-5684-49d9-8600-5ffd9f3007d4","2026-05-24T22:00:06.108Z",108751,"Utility Bill","USSD"
"06c57e59-955c-43ec-b428-d77b749e0d85","c27a7144-8c90-4f33-b1cf-5a222bc5d205","2026-05-25T02:34:30.650Z",2436,"Airtime","USSD"
"05391968-846b-4fd7-af5f-e7f841280f17","9346c569-a4c0-4ea9-b01a-569ee65ce1e1","2026-05-24T18:51:24.487Z",69163,"Airtime","USSD"
"b88238f2-9cde-4fe6-a1fa-2db076b8ccbc","fa3cb12d-0971-411f-b205-ded9f8c81a66","2026-05-24T14:17:52.556Z",87710,"Airtime","USSD"
"b88cfa09-4237-4083-b51b-a4bd12e4d3a1","654027a4-1c49-4880-9c91-433a4a6a0832","2026-05-25T00:13:35.120Z",14933,"P2P Transfer","Bank Transfer"
"932cf933-380c-428e-ae51-9018f2dc6735","316bf016-7b7b-4ae4-a171-fdc233e7f6bf","2026-05-25T06:26:44.452Z",101493,"P2P Transfer","USSD"
"0bf79073-49ea-4648-b05f-7ca48fc5aa4f","c62c6536-eeba-438d-b908-cf179d8774f1","2026-05-25T06:18:04.302Z",120098,"Betting Wallet Top-up","Cards"
"7226663a-a5ff-47a3-b300-8d7ca92f319f","4feacb5f-c290-4384-92be-4a6fcd9103f5","2026-05-24T19:37:37.801Z",70771,"P2P Transfer","USSD"
"7fca8e05-194e-435d-9f54-f85488ba7a9f","1cc1163b-c161-4444-8387-789ece4e765f","2026-05-25T00:33:49.215Z",76979,"P2P Transfer","USSD"
"a2c0b75c-fed6-4f5d-8699-489113de2070","c0aa27d1-83dc-496d-8dfa-38fec43bdc50","2026-05-25T02:46:22.928Z",62462,"Betting Wallet Top-up","USSD"
"b3e28cc7-19fe-4de3-bab4-8e15a64be103","c0f00c13-c820-47ea-9934-88b4882ce219","2026-05-25T08:12:02.633Z",60206,"P2P Transfer","Bank Transfer"
"ef34dda6-6e2f-4a4c-b56f-7252542d51ce","b7942bb3-4dca-4f65-8e9b-2f1b77627679","2026-05-25T02:54:41.488Z",56854,"Airtime","Cards"
"8b6c7063-d371-4c50-8967-9fde51cb3596","454cf7dd-d989-4d28-9d6f-6b2087105c3b","2026-05-25T09:59:46.456Z",97744,"P2P Transfer","USSD"
"87aab0f9-d6c9-4147-9fe7-e8f1e3077e22","20bbcbe4-8f81-48b1-8b8d-a14bcf12d7ab","2026-05-25T07:22:34.130Z",52392,"Betting Wallet Top-up","USSD"
"8ac9ed8e-8a42-4565-8fb7-5e01913af388","83f51481-d7b6-4e05-8cab-7f7882868b3c","2026-05-25T03:00:21.347Z",80329,"Betting Wallet Top-up","Bank Transfer"
"757f65ca-7287-47aa-9ee7-1b1f4b108a1e","716e3da0-b753-4f38-a304-c3f1deac2192","2026-05-25T01:02:55.040Z",29117,"Airtime","Bank Transfer"
"8fb2af7d-98f6-49a9-8a2a-7c41d887da9e","0d82d085-8f49-43c5-8839-97dd4adad425","2026-05-25T00:43:56.792Z",8250,"P2P Transfer","USSD"
"7af346f9-94be-4331-899d-1614693001ef","edc3f0c2-6c41-4447-bbb3-447f95f29c42","2026-05-25T02:49:32.705Z",98861,"Airtime","Cards"
"81f5f0f4-deac-43c2-aee1-0b817c0730ee","dabccd54-b4f3-4b26-bcbd-d04382e4cc61","2026-05-25T02:14:28.580Z",39400,"Airtime","Bank Transfer"
"723033e2-6231-4b29-bf4c-4b7d700edcb1","42519aa5-889d-489c-8647-f6dd32467c3b","2026-05-24T20:43:55.959Z",88992,"Betting Wallet Top-up","Bank Transfer"
"a3daa6a5-0b7e-4740-a6c9-66f47dce076f","a57ff068-d6c7-4768-b45c-a7f99c5fcc24","2026-05-25T12:17:22.361Z",91880,"Betting Wallet Top-up","Bank Transfer"
"54061bde-2846-4638-92d2-8d1f81b15b93","ce9c68ec-3187-420c-a88d-f2e89e4a0b05","2026-05-25T00:33:36.855Z",9353,"Airtime","USSD"
"f6202e18-dbc2-4e25-a298-16a060da89d0","82f32992-5a19-40fa-830c-2e99551aa1f8","2026-05-25T12:02:19.857Z",79874,"Betting Wallet Top-up","USSD"
"edc614f9-81e3-4c6a-b3e5-a0a92aa90eb1","ed8afccd-9243-4110-91ec-cd4a5d4d5587","2026-05-25T12:05:46.788Z",90815,"Betting Wallet Top-up","Cards"
"f7329a2e-8040-422a-bb54-05a9fc3cbaff","6af5e92e-6064-47e8-9f8c-847ed499c672","2026-05-24T15:40:46.974Z",99073,"Utility Bill","Bank Transfer"
"76ac958a-f7f7-43e5-b621-312f507f310a","34f6a1cd-239c-477f-a922-8981abb9bd90","2026-05-25T09:24:21.029Z",72669,"Airtime","USSD"
"a4230113-97b5-4c0e-856a-b9863af0dd37","ce67ea24-4724-4347-bcfe-dba74d4081ae","2026-05-25T02:56:54.439Z",97366,"Airtime","Bank Transfer"
"2f0b1d95-859c-41b7-a83e-d716fb6e9b0d","697654c3-4690-4fd7-9f74-1bc436780368","2026-05-24T16:51:30.955Z",63802,"P2P Transfer","Bank Transfer"
"1d67b0b8-3c76-4f9b-9433-6d57e28b9ffc","ba03f43a-70b3-410f-807a-74e8298c2329","2026-05-25T03:57:00.386Z",138166,"Utility Bill","Bank Transfer"
"c43e56d7-300c-4fd8-a1d5-368710581222","a8cfa773-17c4-4d9c-a97a-b5112202eed6","2026-05-25T01:33:49.010Z",19883,"P2P Transfer","USSD"
"ec99c759-ce3f-48be-9b20-743b66bb6394","87481efd-0699-4957-948f-6c074415f70d","2026-05-25T04:28:26.589Z",39824,"Utility Bill","Bank Transfer"
"78900126-b52b-4da8-b9bc-c33ed2a62b98","767b2fc9-bda7-402e-b2b8-7b900fef0fb5","2026-05-25T03:23:06.327Z",50929,"Utility Bill","USSD"
"26e206c1-882e-43f8-b3c3-16d6ee436d4b","ebcfdf28-bfa2-481d-988c-2633169dcc39","2026-05-24T18:24:48.746Z",12406,"P2P Transfer","USSD"
"0e32c114-a9d5-4ed2-9300-e927f55efc82","baa9879e-adf7-44b4-af3d-fc7b5cdc6f62","2026-05-25T00:34:13.676Z",125215,"Utility Bill","Cards"
"194e550f-ec4b-4bca-8bd6-ca6086c7062c","0fb0cdfa-bd40-490e-80e4-0052cb3b718f","2026-05-24T19:30:50.656Z",22013,"Betting Wallet Top-up","USSD"
"c6dfabb6-c1fa-46dc-89f2-9e06e2f2ea18","38250ff8-9119-424b-b1f4-4728f5f6c6c0","2026-05-25T10:28:54.867Z",125152,"Betting Wallet Top-up","Cards"
"62ed9657-735e-4e53-9e53-7f2ebb4ba172","f882e3c1-01b0-4543-89e3-60b735f16c38","2026-05-24T21:21:47.629Z",84914,"Utility Bill","Cards"
"1c39f727-1eda-41fc-89e4-c2f1a9e4c3bc","1699df2d-74b1-4e30-aac0-a732ee90a724","2026-05-25T09:19:34.340Z",1289,"Utility Bill","Bank Transfer"
"f2fbf35b-d9a3-4f2c-b267-db52c2d19cbf","3053a1c9-21bb-47fd-b73e-b0d2511dcc59","2026-05-24T20:27:41.455Z",80002,"Airtime","USSD"
"688a5cb0-b978-4432-aecd-f7ab761028dc","c5f0663c-a857-4978-8d67-7cb83e0cb8bc","2026-05-25T02:32:28.987Z",4744,"Airtime","Cards"
"f03dd579-5248-4db4-b608-7cb286ba0832","72dfb8b9-f471-4a9b-a6e8-ad41683e5c79","2026-05-25T05:04:59.785Z",70629,"Utility Bill","USSD"
"4db823b6-6e1f-4587-8c8b-58a04d3e60ad","68a64115-5166-4888-9a24-202921a78d26","2026-05-24T17:21:54.311Z",31592,"Utility Bill","USSD"
"e2c7c86e-efa5-4f8d-834f-bb09bd76b5fc","04946a71-6757-42f1-b76b-164357ef4d05","2026-05-24T16:54:25.316Z",26758,"Utility Bill","USSD"
"f106252d-c7da-45d6-a526-a53d5b4f61e8","239f2afa-4f6e-43a8-ba6e-9b6b19d4335b","2026-05-25T05:39:46.989Z",129057,"Utility Bill","USSD"
"b54a4ac4-3c0a-4e66-9577-05e23a188357","259dd81e-0f49-4cae-8c5b-48ac79eaf5ee","2026-05-25T04:36:12.429Z",24009,"P2P Transfer","USSD"
"315a8a78-6ca6-4899-9681-7247338aab32","090db66a-4dcd-4954-b51a-162392dba1a3","2026-05-24T22:43:45.014Z",137632,"Betting Wallet Top-up","Cards"
"89b0cc03-b31c-4cb2-8327-68b52d7e2798","d0d1b823-c043-4834-9b63-b8775e6ad9ef","2026-05-25T02:45:27.303Z",134373,"P2P Transfer","USSD"
"b934cdcf-729a-4c02-9e69-e4d9467bd644","3e56197f-fb8a-424c-8118-2266163211b8","2026-05-24T14:40:41.120Z",116830,"Utility Bill","Bank Transfer"
"1c04dd11-cec9-4a2f-ac8d-972e983aefd2","1e0e5cff-ece4-4bf5-8d6a-08712f1222fb","2026-05-24T22:51:11.958Z",25145,"Betting Wallet Top-up","USSD"
"d4cd9bfd-4578-4761-84c1-87a2ef368210","a08fa888-6352-4640-8b1b-3f35cf91517e","2026-05-25T05:29:00.988Z",130695,"Utility Bill","USSD"
"112cf885-31c9-4e85-ab36-33fef459c387","2d80d95b-5b78-4335-8bb0-a303b906e9ea","2026-05-24T23:14:31.012Z",103976,"Airtime","Bank Transfer"
"1a3d81f5-ad36-4806-b10e-4ff8f06ec8bb","ee984145-fea8-4986-b43a-8c05f409bd90","2026-05-25T07:33:57.241Z",113760,"Utility Bill","Bank Transfer"
"84cd5cf8-c0a1-48fd-88e9-ef2bedaf12b8","1b48940d-b236-4243-92bb-fd9e860c8609","2026-05-24T23:09:38.562Z",118185,"P2P Transfer","Cards"
"1723d302-b17b-4ce2-84f3-d45121dd463f","5988cc19-73c7-4d4b-84dd-df926312b060","2026-05-25T06:42:36.266Z",83809,"Airtime","Cards"
"1ded74fd-5f32-4677-b28a-0254f5a42bf0","f6701bdb-1cc0-4489-8a12-5a1e80fd82af","2026-05-25T08:05:32.954Z",95024,"Betting Wallet Top-up","USSD"
"219742aa-466b-49f6-b03b-91f294641b7c","cf2824d0-b7bd-445d-924f-9d4d9215d940","2026-05-25T06:43:56.928Z",103425,"Betting Wallet Top-up","Bank Transfer"
"8108be17-5dbe-4901-9985-45ca3489ac71","dc429783-74ba-4deb-ab22-ed3c32a65a3d","2026-05-24T17:21:42.739Z",65183,"Utility Bill","USSD"
"9272fb7f-c6cb-437d-8280-2ab180b36eca","b1cf72bf-83ad-47d7-bced-b39a1807662c","2026-05-24T14:30:10.029Z",604,"P2P Transfer","Cards"
"f3230480-f9dd-4218-aec6-0da65ea43879","022617ed-635b-4ad1-90dc-e100fbf9b773","2026-05-25T03:00:14.066Z",82624,"Airtime","Bank Transfer"
"da1962e8-36b9-4572-bcaf-1ed8f75bc7ee","bea1093d-a1ba-4b95-956b-c3d20784281d","2026-05-25T09:52:50.207Z",28618,"Airtime","Cards"
"a1599ed1-3c64-4d35-ba2c-512458063c50","9fe0594c-d163-450e-a17e-26b60a97bc44","2026-05-25T10:51:18.317Z",62960,"P2P Transfer","Bank Transfer"
"8917d88c-21d5-4c27-8c34-50d3a2dea243","a44e1bd3-dad2-4e6e-99dc-966a07756f3f","2026-05-24T18:58:41.568Z",137203,"P2P Transfer","Cards"
"3e2da8b7-b866-4c8f-8efc-00a340a75ec3","a18787da-3bb6-421a-acd7-2f5f098cd33f","2026-05-25T05:46:05.790Z",50700,"Airtime","Cards"
"2ffc6b1d-d2a6-438c-a4dc-1e9a9cd97064","acc1f2c4-24ad-49e1-bde3-fe083d362407","2026-05-25T08:18:27.008Z",142979,"P2P Transfer","Cards"
"ee33639e-487f-4fd6-a237-f045353e79fe","20508e3d-b448-4295-bf15-facce5229cb2","2026-05-24T19:25:46.991Z",77968,"Airtime","Bank Transfer"
"882a3581-5f2e-4a4c-8412-006dc20378c1","750facb7-d294-47a8-ba72-0b3ec4e4c564","2026-05-24T16:15:38.040Z",138537,"Airtime","USSD"
"6cc988ad-a067-4835-b2b9-942671247d83","be7c5d83-89f5-4ca2-a2a3-b20a9454a1ef","2026-05-25T09:14:34.742Z",30279,"P2P Transfer","USSD"
"d1542bce-3936-47b5-bf39-4feafbad12fa","b3d0acc8-b1b4-440a-842a-3bb13764125f","2026-05-24T19:06:39.386Z",115713,"Utility Bill","USSD"
"326c39ff-0560-482e-9b3b-e73c36efdfad","24856baf-f786-49e1-b1ea-c4accd0f6761","2026-05-24T21:45:09.422Z",69786,"Utility Bill","Bank Transfer"
"718e9b8c-9560-4d41-922d-e6cad60ef244","d799823c-3a2d-4bf6-b511-7172c6fa08c0","2026-05-25T00:31:48.761Z",80635,"Utility Bill","Bank Transfer"
"752013ce-6b67-4e37-afd5-c5e68b55ec4b","3cdcbd15-8b15-431d-8f63-aef1eb23b8da","2026-05-25T00:26:42.196Z",96369,"P2P Transfer","USSD"
"e9c89831-6314-4822-882c-a20fb1696061","867b555f-aeb3-4aa0-9cbc-5180902c686c","2026-05-25T00:21:51.103Z",117532,"P2P Transfer","Bank Transfer"
"42188c92-fcf7-47b7-a1ce-91dac9b7c3bc","6311b01f-38b2-4031-998a-55576c6d7de8","2026-05-25T05:28:25.192Z",37769,"Betting Wallet Top-up","Bank Transfer"
"d6bfecb2-072b-4e25-b8b8-6b2d363338f1","cadd7838-de55-481b-8151-e61447dde67c","2026-05-25T03:16:06.580Z",83077,"Airtime","Cards"
"ca3b6913-d483-463d-8c03-206f22046379","b329abd8-6672-4009-83e1-fd6f17112a4f","2026-05-25T04:58:21.971Z",56422,"Airtime","USSD"
"c9aaf2fb-4b34-4497-93da-0c569bd8684d","66185af1-087a-4ef3-947a-1a126c319126","2026-05-25T12:20:15.525Z",19543,"Betting Wallet Top-up","USSD"
"cb2e837d-1410-48d8-8603-36b880d35c64","cc8e849f-98b2-41fb-b0cd-0e9e1615d267","2026-05-24T19:25:03.159Z",16943,"Betting Wallet Top-up","Bank Transfer"
"136618d2-ea93-4bfc-a8f0-94ba378d232a","6846414a-6b79-498a-b515-9c267e6c71ee","2026-05-25T12:27:03.691Z",60574,"Betting Wallet Top-up","USSD"
"fbb50e94-1c6d-408f-b3be-4cdea45ac1c2","2a66bc2b-1c36-4fe6-a082-f03f0c42f11c","2026-05-24T20:22:41.375Z",36045,"Utility Bill","USSD"
"79b90fbb-8b5e-429f-8741-c7ca24073708","bae433e5-fbea-4967-94fb-a086c98fce63","2026-05-25T01:56:11.431Z",106679,"P2P Transfer","Cards"
"a95eb8f7-10b7-4001-8e63-4cdaa7bd7ab6","a0449f6d-613a-4f14-9f15-a5aaefd2de33","2026-05-24T17:11:47.549Z",67243,"P2P Transfer","USSD"
"1bf5fe15-9e27-4121-b6ec-04a250ea98fa","473ae6e7-85f5-461c-8541-868aaad2a15f","2026-05-25T11:26:39.279Z",8448,"Airtime","Bank Transfer"
"66f6352d-3765-4f08-9f0d-054fba0670ae","76b705f7-f5df-4b81-af19-dcf78df6b333","2026-05-24T20:26:11.494Z",48295,"Utility Bill","Bank Transfer"
"feb5cd16-f9ad-4de7-9f14-fcf68e397e87","4a86a7cf-dc0f-41b5-a6dd-e16d93dee6fe","2026-05-24T19:51:20.065Z",71805,"Utility Bill","Bank Transfer"
"881af3af-9185-48f3-9dd1-f7598f26d0af","bd451ce8-1cce-41c8-823a-a996a9358e42","2026-05-25T00:38:13.743Z",112729,"P2P Transfer","USSD"
"767eb85b-9a60-4509-b584-13efea64e6d9","db4c1660-6c49-4e12-a6cf-e2d487e600d2","2026-05-25T09:45:24.716Z",120017,"Utility Bill","Bank Transfer"
"b4256c08-9f2c-4768-adf6-41ddef90d06f","d6e059e1-d9a1-45ab-bf4a-8e17dfa70553","2026-05-24T22:08:13.224Z",28423,"Betting Wallet Top-up","Cards"
"cbbed612-f42a-4d1d-9adc-13c63e1989d5","c4b6bf29-b00c-4f3f-81bb-3ddc7211033b","2026-05-24T17:10:59.210Z",135979,"P2P Transfer","Bank Transfer"
"e67e6d05-beb1-40a4-9c19-a8b76059db59","35d4b088-0045-48f1-bd06-aa89903cf9ea","2026-05-24T13:53:57.249Z",139386,"Airtime","Bank Transfer"
"b766f138-e2fb-46ca-959b-e6d948d6f865","5e937516-c1ec-40a5-98c3-2f6b4909734c","2026-05-24T19:54:39.457Z",65358,"Airtime","Bank Transfer"
"e48b4798-8e7b-490c-bd3e-198bb3acec9d","7203f4e6-ea23-43e4-8c3a-463d99b48fea","2026-05-25T01:11:21.040Z",57322,"P2P Transfer","Cards"
"c47dc10d-271f-4b5c-8dce-2f04ad1dd808","a26ec78a-28f8-48bf-9d2f-a833f36914d1","2026-05-24T21:49:11.712Z",101560,"Betting Wallet Top-up","Cards"
"4c0f6db6-62b6-4f3a-878b-3a334522bfb4","d165af6b-6abe-4744-a516-7fd8ac36c8f9","2026-05-25T05:28:21.033Z",26416,"Airtime","USSD"
"9e141045-3cf3-459a-825d-9f8b646eb013","a17afb4a-546a-453b-ad12-35c9eb627bf8","2026-05-25T11:57:02.735Z",76254,"Betting Wallet Top-up","Cards"
"326cbd4e-170d-42d5-a0dd-0609ad5a234d","04c017cb-528d-46e8-8f7f-d22d3a8d6dd8","2026-05-24T21:46:43.960Z",15842,"Utility Bill","Cards"
"77832eed-825f-47f8-9f8f-afc315c4bf41","bf5cac89-941d-4195-a4f2-d151a416a8fa","2026-05-25T02:03:56.748Z",116192,"Airtime","USSD"
"fd15c120-b472-4fa2-b75b-fa88b71e5835","f4b760ca-68c1-47d9-84dd-935182a4912b","2026-05-24T22:53:34.228Z",20354,"Airtime","Bank Transfer"
"d62e5150-f738-46b6-a2a2-746f59dcf15c","b3c885ae-5fc6-43f3-a657-0293745555a3","2026-05-24T18:25:14.258Z",48028,"Utility Bill","Bank Transfer"
"035e9ae0-8555-411d-a683-e334b27d1255","abef6084-0829-457a-a418-6443005fc3d6","2026-05-24T17:20:21.283Z",112670,"P2P Transfer","Cards"
"4f85aa78-fa72-4754-896f-1137db0a96bb","7814565e-9c0d-48de-9406-bfee6891f75b","2026-05-24T17:48:44.599Z",82883,"Betting Wallet Top-up","Cards"
"fc9429eb-aea7-4e33-9e58-1cee48ca2db7","e4c3ef90-61a6-4db8-80d8-1a3127adf167","2026-05-24T14:06:23.725Z",108684,"P2P Transfer","USSD"
"ced8d883-554a-4057-9270-d74fcac8b84d","0f868767-3418-4221-8407-25eb224fb55d","2026-05-25T09:27:10.165Z",148452,"Airtime","Bank Transfer"
"cfba7cd3-8463-46d7-8c38-453dbe95c41a","1177e98e-c05a-4de5-98a4-11dfc5431abe","2026-05-24T22:22:50.886Z",34833,"Utility Bill","Cards"
"871d5a50-b0cf-49e0-b264-ce4e166eb9ff","2f7e904a-632f-4842-90de-21388d1e4325","2026-05-24T18:43:39.650Z",51039,"Airtime","USSD"
"6a386d62-800c-46dc-a77d-f224a10e1250","fd6e0869-e70c-4ca0-bc5b-a12b5a188eb9","2026-05-25T02:03:04.651Z",53899,"Airtime","USSD"
"dc98e6a8-1a56-44e5-a696-eec235c41c25","19f8159e-45cb-4919-9f00-2677dd8a0ed0","2026-05-24T22:03:39.303Z",53419,"Airtime","Bank Transfer"
"7164771d-1274-43c4-bbdf-f36a80963a03","031ad179-ae0c-4ab2-94f4-1ab7dcccea97","2026-05-24T15:14:10.312Z",84921,"Airtime","USSD"
"3d75bf82-1d0c-42e6-b3d7-fdb77de31c9e","6c16ea4a-c066-45c3-8e63-d1097379552b","2026-05-25T12:16:08.310Z",63192,"Betting Wallet Top-up","USSD"
"6e9282cd-5ffd-4148-81b5-7a0d88b6f268","c066d2d4-e16b-4614-b8a6-314aa22dabb7","2026-05-24T18:10:45.247Z",78364,"Utility Bill","USSD"
"eb953674-6222-4cf1-b4a7-e6b74fb4cbcc","955ce278-99be-4f19-9238-12d249fbf254","2026-05-24T13:22:35.739Z",27635,"P2P Transfer","Cards"
"e9102cd2-4ede-4120-b7f8-9f502841b97e","63642840-3969-4243-ae67-50727673516c","2026-05-24T21:33:11.029Z",60198,"Utility Bill","USSD"
"2c27543b-c7a5-4db8-ab6b-05fb449feb23","802d514f-60ca-4fd3-88c7-5cfec6a63142","2026-05-25T05:48:37.271Z",64507,"Betting Wallet Top-up","Bank Transfer"
"2bbc72c5-3d18-4813-b149-60842dacbe77","f56cdb87-2a30-4003-a55b-b29339557431","2026-05-24T21:37:46.760Z",37352,"Airtime","Cards"
"418ded48-dfe8-4ccc-aa4c-5c0a6d648a09","8ac25157-8746-48ef-a271-b2dacc05b183","2026-05-24T13:06:10.667Z",65447,"Betting Wallet Top-up","Bank Transfer"
"9743778a-a075-4a94-8419-b4fa40dd5b95","3a5a0e8f-fbbf-4394-b441-5e3fc495852c","2026-05-25T03:18:01.345Z",8090,"Betting Wallet Top-up","Cards"
"442925c4-5af0-4398-84e4-b09bb54c7295","a3c82e74-51c1-445a-bceb-6cb5a32e465a","2026-05-25T09:33:08.287Z",39640,"Betting Wallet Top-up","Cards"
"5839d2ad-66c5-45ca-a7c9-60cadc4945db","6bf30e96-73ee-454c-88ad-4174ce9b6c93","2026-05-25T06:57:42.015Z",125690,"Utility Bill","USSD"
"58bb877e-46e7-44d4-af73-c6ebe734d9bb","7ed1aebc-d72c-4bd4-b858-db389c4499d0","2026-05-25T05:50:13.542Z",107344,"Utility Bill","USSD"
"6e113d09-98e1-448d-bf51-b1e85192554e","a5331e3d-c09c-4243-abc9-9de5a7c18a64","2026-05-24T19:26:34.238Z",118901,"Utility Bill","USSD"
"40a582f2-d3ec-4842-b9c6-832eb5226f4c","6abe5523-3153-46f1-a0a7-35f801005ba9","2026-05-24T16:00:32.659Z",42742,"Betting Wallet Top-up","USSD"
"b9ae2dc3-080c-492b-b381-e05a646af029","659799d8-dd0a-4f5d-9d31-76de08f2fa32","2026-05-25T06:00:44.545Z",128164,"Betting Wallet Top-up","USSD"
"2208a92b-91de-4525-8f51-e835a35cdbd8","859b9277-e920-4177-b5ce-95927a43714e","2026-05-24T20:57:34.664Z",11178,"P2P Transfer","Bank Transfer"
"a4b72d91-e1bf-41aa-a5c6-260949d97c2a","38d5bfd8-46e7-4dbe-b572-0eafe778d87c","2026-05-25T05:05:34.375Z",34303,"Betting Wallet Top-up","Bank Transfer"
"f77e86c3-23dc-4616-9fd7-85681d3be035","1a2003b3-db79-4cf5-905e-baf4f21d77d6","2026-05-25T05:01:28.550Z",44009,"Airtime","USSD"
"69efd5ea-d33d-488d-b556-eb4b3fcb3dd2","5cb15f0b-6adb-4361-86a1-99a285bd3638","2026-05-25T03:29:19.575Z",148217,"P2P Transfer","Bank Transfer"
"b9a7db97-2c52-4467-be6a-793d518baaa3","0c12883a-e8b0-4ce5-a7a5-20c0a8a3c14a","2026-05-25T08:05:38.304Z",134455,"P2P Transfer","USSD"
"4ff93537-9839-4e16-a3f2-a42d10cc5fcd","b862c8f3-ab22-4781-9b2c-2bd9b443fc03","2026-05-24T15:57:27.436Z",109182,"Airtime","Bank Transfer"
"1fc2c8b5-367f-48e9-a42b-cbe21b329045","5749ae78-239f-4bb3-b98f-6c414edf6535","2026-05-25T03:50:50.550Z",123442,"Airtime","Cards"
"271198ef-c2aa-45c6-9657-ff249ed54817","74f373b8-fee3-409d-93af-a000c1b45c82","2026-05-24T19:00:28.314Z",85776,"Airtime","USSD"
"078943cd-1d8e-4411-b4b2-7ffb74baf8e7","bafd79c6-3429-49d4-b98b-163ae83f4510","2026-05-24T23:45:58.104Z",125360,"Betting Wallet Top-up","USSD"
"d1fc33dd-972a-4a64-ab3c-138a778fa843","3a5a8bba-f130-40d9-a59b-4eec7c448ea8","2026-05-25T08:23:23.545Z",50198,"Betting Wallet Top-up","USSD"
"56101c98-88f6-4f96-80f9-884bb4b51035","8886938e-07c7-46e8-bfc2-50d1ca426604","2026-05-25T02:57:03.302Z",54706,"Utility Bill","USSD"
"d942bfb9-1a1f-42c2-9b9a-1c642b860c60","577f13ac-98a6-4fff-b73a-543394026761","2026-05-25T01:37:40.350Z",14750,"P2P Transfer","Cards"
"0cad3c91-6255-4ee2-b875-a34168b30b46","739a30a3-227d-4c64-b080-a147ed2becc9","2026-05-25T04:10:32.374Z",116608,"Betting Wallet Top-up","Bank Transfer"
"d43ad4aa-43d8-4c77-842f-a33b55fd483f","9c768ec8-3364-4d3f-9846-b1447a207ecc","2026-05-25T05:48:01.854Z",104303,"Utility Bill","USSD"
"e9052f4e-543c-4f64-aed8-89eea44aab1a","8d2b54de-e2bf-40ba-a6a5-3147a1a267ea","2026-05-25T10:06:30.059Z",115794,"Betting Wallet Top-up","Cards"
"1df1391b-42c3-43c7-8d8a-9b0cc5c6018b","11e3d2bd-97ba-49b2-bbb2-0becf8016d00","2026-05-24T15:32:06.256Z",62690,"P2P Transfer","Cards"
"b4a1a245-99f3-4571-815e-dbee74081756","2310cbad-89aa-4b2d-a01b-8f2940638fee","2026-05-25T03:41:14.962Z",115912,"Betting Wallet Top-up","Bank Transfer"
"3a86287f-5a48-4b0d-bed0-e2527848bc3b","5344340f-4587-4f98-9ab3-f217308e6f75","2026-05-24T14:51:45.225Z",149978,"Airtime","Bank Transfer"
"63e65a91-e01f-438f-9dab-7b49916e03f5","9cbe61ce-1edc-4f8b-851c-6234383b0ed7","2026-05-25T00:31:07.774Z",11154,"Utility Bill","Cards"
"586d4697-e351-4723-9f23-c51a35f161b9","8829ddcf-7c37-48a3-90fa-dfdfd1624624","2026-05-24T23:49:03.858Z",130148,"Utility Bill","USSD"
"f13bb6f8-bf15-4404-8b37-88353074a3fe","51e046e6-abf9-43f6-b826-956a4eedf233","2026-05-25T00:36:43.123Z",60411,"P2P Transfer","USSD"
"28b6b6b5-f4b1-4d62-9d20-d6259ffda40a","54407e22-4d84-4cbf-85f5-ef4599df2048","2026-05-24T19:29:09.301Z",107966,"P2P Transfer","Bank Transfer"
"b4731a47-b21c-4960-83bb-410fe7502d11","26a37392-5ff7-4368-8358-07ed90a501d8","2026-05-25T11:24:52.441Z",65692,"P2P Transfer","Bank Transfer"
"cecf00e7-d804-46ab-bfdb-f780ffbb0796","ee52c5c5-f6ba-49fd-a02d-5aa384d45537","2026-05-24T21:53:47.916Z",5660,"Betting Wallet Top-up","Bank Transfer"
"69c2e0d5-a2eb-4617-9b43-2aff12c28881","bbd651d0-874e-4ffe-84bd-1bc1dc01e330","2026-05-24T23:20:02.698Z",85345,"Airtime","Bank Transfer"
"530a76f5-ded5-4539-b0d0-558aae51770c","7c2a6145-4baf-4b7a-80b7-1befde84589d","2026-05-24T22:50:26.329Z",30330,"P2P Transfer","USSD"
"bc08481c-32ed-4453-9628-c1ad6a3d468f","39352ec4-e1ba-4ab6-b9a1-9f75d7bbf5b9","2026-05-24T17:10:45.685Z",33167,"Airtime","Cards"
"d23cedf3-1a4f-41f6-b4e1-7b07f51da082","f49726ab-0f66-4163-894d-73dc8c679c07","2026-05-24T14:49:15.432Z",58579,"P2P Transfer","USSD"
"212f8f1e-f2e7-494f-a463-5f0a1dec06c6","d5a65e84-0c5c-4520-96d8-f2c6e1b52264","2026-05-24T20:57:56.843Z",111524,"P2P Transfer","Cards"
"2c4cbb6f-f859-4f3d-a746-c812446a390d","41faec27-aa42-496d-9213-b4e65b9a85fa","2026-05-25T00:21:09.833Z",93889,"Betting Wallet Top-up","USSD"
"6e56ce16-738c-49ca-add2-faddd31866b3","8e40738c-6501-4253-b516-5426ddda06e8","2026-05-24T19:07:27.582Z",138899,"Airtime","USSD"
"b3b69d9d-3663-41b1-9b03-b90cd93ec0a5","2bb9d679-8531-455c-836b-95ecd3981f49","2026-05-24T18:11:00.946Z",89283,"P2P Transfer","Bank Transfer"
"9255c3d9-dc86-413f-a985-a3783f67b874","21d5421a-248a-462b-9ccc-db5ba1b705cf","2026-05-24T18:21:24.916Z",39139,"Betting Wallet Top-up","USSD"
"fe1afe1e-0e12-4b34-9098-ad6dc00a94cd","36985ab6-b3cc-49da-9d1f-605a5e0e4568","2026-05-24T23:11:02.234Z",119365,"P2P Transfer","Cards"
"5bf2e053-3fd3-4347-bbfd-74a4f49f2fbd","35021262-ebc7-4c43-b228-7249bc2a9ef2","2026-05-25T07:23:02.085Z",127090,"P2P Transfer","Bank Transfer"
"ee0ee75b-9175-47d6-8597-5f6386a70d85","34164dfb-2adf-480f-8491-ee86eb0bdba2","2026-05-25T07:44:38.581Z",20994,"Airtime","USSD"
"b9ab535e-0e97-4b2b-8f4b-ed792d2fb2e2","8cedd37a-caae-4890-a13b-8656b74954cc","2026-05-25T03:08:29.533Z",19552,"Betting Wallet Top-up","Cards"
"2a148a5a-188f-4d58-af15-7436d824d9c7","1ac5a0f1-1371-4b11-9250-32ab0c12f1a1","2026-05-25T06:10:29.006Z",75311,"P2P Transfer","Cards"
"d46351e5-b10b-4b21-a55d-80e3b268e590","3c215461-a3ca-4fbb-ba48-03032f2b1329","2026-05-25T03:25:40.260Z",57170,"P2P Transfer","USSD"
"34fe74fc-b086-4ae3-aaaf-9b6181571f5c","a925b097-dce0-4398-8ac2-0dccce2f026c","2026-05-25T03:39:16.945Z",4296,"Utility Bill","Cards"
"6cb0d2c9-025a-4929-b10a-412132ac07c3","a2fa8c54-ee9d-4720-b102-1257553c7646","2026-05-25T01:04:10.437Z",20834,"Utility Bill","Bank Transfer"
"8daf67a2-cfe4-430f-9d81-e4a5e29d180e","78d23098-40ac-4437-bfd6-348716d023a6","2026-05-24T23:01:26.005Z",49885,"P2P Transfer","USSD"
"501e0884-6ba0-4d96-a71f-a2c66a70e9b0","69182663-fec7-4894-9093-c54f27918542","2026-05-25T03:01:23.993Z",142886,"P2P Transfer","Bank Transfer"
"d0426efc-679b-497b-948d-9810696fc5c6","671c40b4-fc30-4bce-8551-06b3bfaef3a4","2026-05-24T15:16:26.408Z",28543,"Airtime","Cards"
"7d3d27e7-623a-4396-9e88-5a4a8c637347","37036b78-fdb0-46ff-9813-539c844239bb","2026-05-25T04:03:04.167Z",147522,"Betting Wallet Top-up","Bank Transfer"
"542fe75a-419c-4911-a38a-f68d7a117079","55380503-c098-4594-9b08-2890e333fe07","2026-05-25T09:16:29.607Z",34761,"Utility Bill","Bank Transfer"
"8ba1e21f-e6ae-4b4b-a76a-0d40b9ee1fe4","74f80959-9577-4f1c-bd18-0353eec3d677","2026-05-25T11:59:19.517Z",4528,"Betting Wallet Top-up","Cards"
"f0194902-0da3-4821-8a8a-9ebc70dfc454","22c2064b-99dd-46a3-be1c-780eb586300a","2026-05-24T15:12:21.182Z",11476,"Utility Bill","Cards"
"e154785d-f2fc-4ede-acde-78b0003fffc1","a68304ed-f404-4271-898a-3a21e2d807db","2026-05-24T15:20:52.284Z",118849,"Airtime","USSD"
"c724ccfc-ef41-4a4d-8a34-14d42596a0c1","07bf28a5-d9b9-4030-b409-d3160b09e5d6","2026-05-25T06:30:54.633Z",19134,"Betting Wallet Top-up","Cards"
"f48ed65a-845b-4623-9508-49bfe1627776","cf67f1d3-c297-41c1-8ce7-49d5d4ce9dd3","2026-05-24T12:51:06.414Z",80390,"P2P Transfer","Bank Transfer"
"2024088a-9c29-4ce8-94bc-fd4ab2715228","c575cdd5-fa09-43c0-a122-b4aebefefdff","2026-05-25T01:53:38.744Z",146915,"Betting Wallet Top-up","USSD"
"d8a73a3a-f596-428f-b85c-c64da96e2102","59bf1ccc-6470-44d5-a5e2-7e23c5243e68","2026-05-25T02:08:49.284Z",94593,"Utility Bill","Cards"
"387cef02-9cb9-4574-9c34-b77b39c35b4a","7369f51e-8bd3-4954-93d5-17a24aa151b6","2026-05-24T21:24:29.592Z",88788,"Airtime","USSD"
"ad05190a-afb7-4435-be4f-cd0e517f44af","85f8e049-209a-4917-a8e9-698af7c1b586","2026-05-24T21:51:11.516Z",1402,"Utility Bill","Cards"
"56e9073d-dcc6-4ca6-8720-f6167c6d17f9","3f8de732-afcb-4c9b-9a22-f8071d67f02b","2026-05-25T01:58:11.740Z",65332,"Betting Wallet Top-up","USSD"
"979e65fb-e437-4fbb-b5d5-6336ed13e012","8e58d13d-5d85-4b31-bd0e-20bdaa29b5d9","2026-05-24T15:42:15.312Z",70222,"Airtime","Cards"
"b3e064fc-a596-46c6-9a86-e93eff7a6350","50c20db9-d67d-4d44-9778-6e35f9313d55","2026-05-25T02:11:33.004Z",91032,"Betting Wallet Top-up","USSD"
"57535413-1c2e-4426-98f1-7ab36399136c","55aa6288-9461-4fe7-8689-65e361c3d7e6","2026-05-24T16:38:24.244Z",109604,"Betting Wallet Top-up","Cards"
"2183f940-e23b-4fec-8222-f72a516c30f4","16254e97-0a31-43c9-bc0b-43f8dc239cad","2026-05-24T18:53:25.737Z",93479,"Betting Wallet Top-up","Bank Transfer"
"6d8f62e1-7b5c-4a2d-ad75-5b43ba50ecd3","7cb1c5cf-80cb-4d9d-8893-b7b67ca8e505","2026-05-24T18:20:08.729Z",17546,"Betting Wallet Top-up","USSD"
"9f6f60bb-a61b-491b-a649-9c183c251079","121d8583-1484-448f-959f-82023413a589","2026-05-24T15:58:19.555Z",131770,"Betting Wallet Top-up","Cards"
"d0977aff-87fd-4aa4-9a8b-55c8a2ed5abc","835e30d3-c6ba-416e-8321-aa4fc77dab59","2026-05-24T18:10:00.807Z",25841,"Betting Wallet Top-up","USSD"
"d43c32cc-3aae-4a7e-b900-7686afeb2eaf","8841d7fa-888b-43fb-ac32-926d64b272fb","2026-05-24T19:29:20.672Z",128232,"Airtime","USSD"
"8681bcf1-567b-45b4-ac11-ea0183cc6232","203c256b-559d-4082-ba02-2e5b395f655f","2026-05-24T14:12:12.332Z",30424,"Airtime","USSD"
"7664a95c-54f9-47b7-b079-e6981f6453ff","3320b3fb-022c-4335-bf50-24148b6bf607","2026-05-25T09:54:26.834Z",54731,"Utility Bill","Bank Transfer"
"8873d8b7-8a33-4990-b8dd-556e95b3cd14","c3f33fbe-6564-4920-add6-74f427b1100c","2026-05-25T08:58:19.728Z",4301,"Betting Wallet Top-up","Cards"
"8a7e4ec6-d46c-4d56-aa31-b4b32f75e045","f1798ec5-61e9-4e4c-8ccb-5d3f854961d1","2026-05-25T03:26:19.683Z",38397,"Betting Wallet Top-up","Bank Transfer"
"89413e31-c801-42d1-877b-eec96d1494a2","2869acdc-d8ac-4f77-9fbd-de88bba850eb","2026-05-24T22:50:45.380Z",130938,"Betting Wallet Top-up","USSD"
"107bd194-dae5-45b7-a1fa-56e6022474fb","d44cc71d-d098-458e-898b-1e36602bbb6b","2026-05-24T14:18:31.513Z",91970,"Betting Wallet Top-up","Bank Transfer"
"9087a39b-17b7-422c-aed4-a7fa9404fb43","43fb213e-c508-46ac-8aa6-780dd9fc6a62","2026-05-25T06:31:08.792Z",122987,"Utility Bill","USSD"
"3ff3aa17-bc2e-4c6f-9784-125c83b3ef9a","451ba659-216a-4b7d-a970-cd654f4c5145","2026-05-25T11:21:39.332Z",99817,"Utility Bill","Cards"
"45de6294-f5ff-4d8a-8998-c653d5b62af1","e3a55f93-182e-4c04-8cd2-d7f6bdc39e59","2026-05-24T21:54:48.813Z",139826,"P2P Transfer","Bank Transfer"
"8d1b7021-c4c7-4977-b32f-a0c42ebdf7df","34f5db1f-3755-4f86-86fc-b4e4d9b150ea","2026-05-24T13:50:22.201Z",45326,"Utility Bill","Cards"
"f07fe9cb-96e9-41d9-9ef0-2716fbe057ad","906537b8-7433-47e8-bba7-9446e2ab19c4","2026-05-24T18:33:20.565Z",145532,"Airtime","Bank Transfer"
"f698b3b7-7a5c-4a88-a76a-7c34c12e6467","b782885a-4ef0-4dd6-9525-8c48eff3bf51","2026-05-25T00:22:41.686Z",46988,"P2P Transfer","USSD"
"bd782a69-84e0-478b-a207-a15139c0407a","94c6192f-bcf3-4340-9647-d9a214d7afe4","2026-05-24T22:12:16.216Z",79586,"P2P Transfer","Cards"
"80f49d07-6ea6-4c47-97ef-f75cd3857e2a","b0938219-55cf-4f99-971b-512b58f09cb7","2026-05-25T11:55:06.555Z",106440,"Betting Wallet Top-up","USSD"
"cddda9d9-b0d6-4bf5-bca1-280dc5eafb9c","18307edd-9015-4c65-8efa-ded9dc1b1c82","2026-05-25T10:46:26.596Z",115739,"Airtime","USSD"
"d5b6405c-8105-4cfb-ac3b-81b26b984924","f3ab3e28-f2f7-4a31-a1c6-890fdcdc8e79","2026-05-25T09:37:12.352Z",89807,"Airtime","Bank Transfer"
"73aa8043-d964-429b-b0bf-10bb82d56dcd","0d7be62f-dfcb-4bd0-a9db-423568577751","2026-05-24T19:07:14.328Z",123762,"Utility Bill","USSD"
"4432b559-a477-4a1b-a4e3-a7c6d12384c5","c0ca517f-2114-4afb-aaa0-7055e89ffb0f","2026-05-25T06:30:24.644Z",44087,"P2P Transfer","Cards"
"aff83fb4-e713-40a0-8ed0-3092c199d87d","bb3ff008-78d4-4f66-bf76-05bd10b4f915","2026-05-25T04:48:46.563Z",107473,"Utility Bill","Cards"
"ee17e9d3-ef84-466e-a369-94af0d1a46e3","a214cbca-e210-47bc-b466-2c99d4b042fa","2026-05-25T09:36:57.651Z",103450,"Utility Bill","Bank Transfer"
"98845bf0-0c68-48b6-9dc8-fa67fe5efd22","e0c8b7fa-4783-4d37-bc96-e43824a9810c","2026-05-25T07:31:18.131Z",28475,"P2P Transfer","Bank Transfer"
"b29f5c33-6ed8-48a0-ac81-c87c61e3d707","bd7447e3-6d9a-4b3c-8121-a7c86300a0c6","2026-05-24T21:57:36.798Z",23026,"Airtime","Cards"
"2dd43498-347e-473b-88ed-839c123a5209","28f4d16e-4535-4281-8649-48ec4de481cd","2026-05-25T09:30:39.866Z",37470,"Airtime","Bank Transfer"
"2d2eb1e2-6e93-4c19-8552-c7cd533d319d","10c2bcb1-ef9b-47ff-b1db-56f971baf31a","2026-05-24T19:50:51.708Z",4247,"P2P Transfer","Cards"
"4c7914ab-d2ed-4acc-8dd3-604d99f565c3","76eb5cc8-7bc2-44af-a596-83d97ed26764","2026-05-24T18:55:43.667Z",139941,"Airtime","Bank Transfer"
"8eefa220-bb7c-4113-8021-d8babbd989a5","5bf5aebf-9786-465a-8e4e-faa2c2384f27","2026-05-24T22:23:24.044Z",24755,"Utility Bill","USSD"
"926cf6a8-c338-43c6-af1f-80b73e246c93","71745613-5e59-41a9-9919-2fd7d1801356","2026-05-25T09:02:44.877Z",14118,"Utility Bill","Cards"
"1213bd67-6afe-40ba-8159-86c7d3ae63c5","a7716f6d-8368-4a9d-8b73-fdab11d26c34","2026-05-25T09:30:22.601Z",137354,"Utility Bill","USSD"
"15edfe87-6a47-4da2-8a30-4555b15f3f60","0820b4e1-2851-4e90-8717-e47f85c0a0cf","2026-05-25T07:50:41.267Z",83819,"Betting Wallet Top-up","USSD"
"cb5a0443-c058-4b12-9693-34e1f684742d","b068255c-0c37-472d-b57f-ab5ce6069432","2026-05-24T23:55:49.695Z",17692,"Betting Wallet Top-up","Bank Transfer"
"9778be91-7b28-4fb1-9e96-2d2c72106149","de721568-8313-4451-9c97-5a7bf7deedc1","2026-05-25T01:39:36.353Z",42647,"Airtime","USSD"
"ec95f523-6d22-44a9-830f-913225602e71","ed5f6b83-29fc-469c-95e8-3be9532bbb68","2026-05-24T14:25:08.078Z",117752,"Betting Wallet Top-up","Cards"
"c216f01d-87f4-4f84-bb5c-12cceae56164","edb49722-b204-4a3f-a7d1-9a91f7a6ada3","2026-05-24T15:17:18.599Z",42726,"Airtime","Cards"
"7021dda7-bab3-4e8a-8a07-e7e543ec2dc0","24641bde-4521-4de5-800f-24634b7ce842","2026-05-24T21:55:07.103Z",109011,"Airtime","Cards"
"4cc0eb8e-a760-4666-acf3-2e4003934f1d","b352cd1c-968b-493b-b313-a1520e360c03","2026-05-25T02:07:49.439Z",49531,"Betting Wallet Top-up","Cards"
"ddaab17e-421b-4686-a97c-f9c6abda876b","694217b4-6a6b-4f33-a52e-c8de8d685638","2026-05-25T12:35:04.629Z",123617,"Airtime","Bank Transfer"
"e778413a-9f6b-4f7c-b783-130d7852bdc4","f9c98152-065d-4694-b4a8-29e8ca5b72cb","2026-05-24T16:25:15.457Z",79849,"Betting Wallet Top-up","USSD"
"228ccad5-050d-47bc-87eb-4bf9beecf06d","c0744bf0-2bc7-4c62-ba53-ee51a2c4410c","2026-05-24T20:09:19.933Z",35822,"Betting Wallet Top-up","Cards"
"a2846553-4979-4716-9c8d-e30c0bf6d337","8dd522bf-503e-4e70-b9da-66c30d5f5d98","2026-05-25T10:58:47.023Z",71246,"Airtime","USSD"
"e3b9a4ba-e88a-406f-86dd-66b64d6d7b1d","d1d5ca2a-1100-4898-97fa-95e9d7d73fa5","2026-05-25T01:11:19.101Z",42904,"Betting Wallet Top-up","USSD"
"5065296d-d9c0-438b-92bc-c0b7786293f7","f7acdcc7-eb19-408f-8cb6-db098e7bed88","2026-05-24T22:34:50.405Z",117656,"Utility Bill","USSD"
"95fda07f-d2bf-4cd6-8737-bfd93d7ebe88","49e55409-621b-4dc5-97de-84659c16ab4a","2026-05-24T16:07:41.788Z",95127,"Utility Bill","USSD"
"582d8277-3579-4d50-916f-38dd9dcfb2bb","aef1a5b0-75e6-4d4c-bcaa-3053710a4bdb","2026-05-24T18:47:09.563Z",95587,"Betting Wallet Top-up","USSD"
"26e012cf-f2f4-440e-a355-a2f2d3ff4dbe","afb7a8bd-00d7-419c-be6e-6b735a57bd5e","2026-05-25T03:00:38.849Z",12293,"Airtime","USSD"
"f7975c4b-140f-488c-b9ad-7edce36f2574","9f32433e-7558-4ef9-9f80-cd4c746c613e","2026-05-25T06:56:36.281Z",128908,"Airtime","USSD"
"bca969f4-6f87-4f29-a7c4-bd79d65ab91e","de7b8f99-2fe0-463b-adbb-a50dff151d78","2026-05-25T07:30:15.545Z",4862,"Airtime","Cards"
"87e46b5a-184e-4ace-a1b0-933d3e55a19c","e0a41a02-f4b6-4d48-a264-796de030c36d","2026-05-25T05:21:48.189Z",116498,"Utility Bill","USSD"
"1a646216-ef06-43d4-8a62-41f41a0f527f","f17e2a9d-2093-4e3b-a164-bcc6d83378fb","2026-05-25T00:48:54.729Z",85007,"Airtime","Cards"
"1600c3a9-f2eb-48ba-b2eb-073734070948","08bb8a5d-12be-4a9f-90bb-91ade7056965","2026-05-25T10:02:53.175Z",63160,"P2P Transfer","USSD"
"2c60b4e5-b28f-47d6-94a1-79aa7e337661","cfd28fb5-7132-4784-8bdb-03f59b88e617","2026-05-25T02:48:40.316Z",66155,"Airtime","Cards"
"33f03c1e-d856-420c-a73a-148765936dc3","d23db0d0-ca5c-4de5-8b68-b680fbdaa7c1","2026-05-24T14:06:04.714Z",81764,"P2P Transfer","Cards"
"32c207ad-bc50-4db9-8745-87ff8fcfd081","13efe304-dbed-48a8-ae0f-2fb29949927a","2026-05-25T11:23:58.032Z",76952,"Betting Wallet Top-up","USSD"
"7e984d33-842b-4b45-86c8-9ac0ec1ef5a8","33943762-f700-4e05-b6d2-c9b2cfbaa528","2026-05-24T14:19:14.752Z",51492,"P2P Transfer","Bank Transfer"
"2c0f5b9e-0e44-4f20-a531-31b5e3fdc948","0e6dab43-de88-46e2-be6c-79cfce2b3c93","2026-05-24T15:04:05.735Z",142168,"Airtime","Cards"
"62bba52d-573b-4f54-94d4-d2514b95a51d","6948bcf3-5e16-41d8-9d8a-05e957bf520e","2026-05-24T14:53:33.035Z",25412,"Betting Wallet Top-up","USSD"
"45da92c0-af7a-41bd-97de-92b987acb407","257ecbad-ec0b-4cc9-8e9a-6eb1b6ad9e37","2026-05-25T00:44:48.227Z",32449,"Airtime","USSD"
"cde1458f-340c-4d4e-b737-33269a99e364","d6df9ff6-5397-41ff-8da4-1f481b7074bc","2026-05-25T12:17:17.570Z",15588,"Airtime","Bank Transfer"
"f198c63a-ca7c-4c04-8b92-e271fcb9e2e8","d7c27aca-9673-4099-a4db-f34e90fbb4e3","2026-05-24T22:53:38.077Z",47061,"P2P Transfer","Bank Transfer"
"751103ad-475a-453d-8bb9-59a57d418203","e95bfd61-10f4-42fa-935b-126d85412443","2026-05-25T09:09:06.933Z",118047,"Airtime","USSD"
"ee02c002-e516-498a-b97d-0206b881f28e","5259bf6e-8929-44ec-8321-608eec0a3e21","2026-05-25T08:51:22.310Z",4636,"Betting Wallet Top-up","Bank Transfer"
"d489a0d4-1f94-41ae-b368-b4baf4321906","f7c1f7fe-37a7-4761-b527-eb8bb5b1297c","2026-05-24T18:03:40.011Z",117580,"Airtime","Bank Transfer"
"250e3cfc-b35f-436d-a3d5-e3de322038a4","66e79142-ec00-40cc-a103-ce98308a98e4","2026-05-25T12:33:59.087Z",108298,"Betting Wallet Top-up","USSD"
"be668dc9-9e2b-4093-951a-68f4286ff8e1","aac6df1a-d882-4d65-8f57-76bd10a21eef","2026-05-24T22:02:44.368Z",61946,"Betting Wallet Top-up","Bank Transfer"
"2be44f2c-0092-4d7b-95da-dbee0fd9adce","c2343b11-3a19-42c2-82b3-f4f32bf91aeb","2026-05-25T07:38:44.383Z",70278,"P2P Transfer","Cards"
"44efbd9a-84a9-4823-9cfc-2eae97edf30e","8594d8f5-2b60-4cf5-9e57-a508f3559071","2026-05-24T20:59:16.516Z",122180,"P2P Transfer","Cards"
"05879200-9049-443d-931a-2a8a3bca3f89","9be0c488-ccad-4bd9-956c-d0f0efa11932","2026-05-25T03:07:57.042Z",28211,"Utility Bill","Bank Transfer"
"e03da08f-6a78-4c03-a687-eb559cdf7694","f14d6ba9-2590-465c-ba69-547f1e243615","2026-05-25T10:46:11.002Z",136054,"Utility Bill","Cards"
"8c4ac755-1b8a-4499-a218-d8ee708f24ee","c7e42623-f2f4-487c-a04b-95f8a0830263","2026-05-24T19:22:24.073Z",81588,"P2P Transfer","Bank Transfer"
"76e6916c-5ac2-406f-9dea-32945a17d6a6","ba3622e7-d53a-42d7-afd6-21aa58d32f31","2026-05-24T17:31:50.196Z",4851,"Utility Bill","USSD"
"3c36df11-9e21-4a27-b48f-0018c57a587a","ca707835-71bf-4884-a0f0-584530d586e3","2026-05-24T17:33:12.801Z",118057,"P2P Transfer","Bank Transfer"
"66ab2488-484b-4165-9498-7ce7e87010af","34654b12-33e2-4d73-a43f-45fe3d3041cd","2026-05-24T20:03:02.645Z",143769,"P2P Transfer","Cards"
"66b324c0-bbd0-4864-bc99-e06ac24bb9f1","287db773-4417-4983-9fc2-229ba3a990fb","2026-05-25T11:58:21.752Z",118835,"P2P Transfer","Cards"
"6bfeb9d1-7981-4f0b-8265-a4dc6eb078d7","8a04b8ea-b197-424e-a2c7-2620e20e995e","2026-05-24T14:27:21.039Z",99907,"Airtime","Bank Transfer"
"5f333507-8903-4629-bb89-3d4862e91269","a75feee2-3bf9-43b9-9e79-638c6163e466","2026-05-25T01:05:28.175Z",148656,"Betting Wallet Top-up","USSD"
"9622e4c5-4b18-44a3-9e6e-cd4a86146f4c","7033eb79-5061-41bb-b807-ebdcb4d770b0","2026-05-24T21:11:03.288Z",108290,"Betting Wallet Top-up","USSD"